passenger_id,arrival_time,walking_speed_mps,has_luggage,bag_count,reduced_mobility,mobility_class,group_id,compliant,service_seconds,static_footprint_m2,moving_footprint_m2,release_time,screening_queue_arrival,service_start,completion_time,server_id,movement_distance_m,movement_starts,movement_stops,cumulative_turning_angle_degrees,movement_time_seconds,luggage_rotation_degrees,movement_conflict_proxy,intervention_required,stop_go_events
0,13.82472550022519,1.4176649354544033,False,0,False,typical,,True,39.9168009371628,0.55,0.75,14.0,53.66619127517665,54.0,93.9168009371628,0,55.0,1,0,1800.0,39.66619127517665,0.0,0.5208333333333334,False,0
1,14.161343322369254,1.3330550606745288,True,1,False,typical,,True,11.852095741498628,0.6699999999999999,0.8700000000000001,19.0,61.12861085750642,62.0,73.85209574149863,1,55.0,1,0,1800.0,42.12861085750642,1800.0,0.6041666666666667,False,0
2,24.384387510585764,1.3746735716430396,True,1,False,typical,0,True,8.240225819607033,0.6699999999999999,0.8700000000000001,25.0,65.87949835258912,66.0,74.24022581960703,2,55.0,1,0,1800.0,40.879498352589124,1800.0,0.6041666666666667,False,0
3,31.545019519843535,1.1969620016649611,True,1,False,typical,0,True,5.714729334339929,0.6699999999999999,0.8700000000000001,32.0,78.81966249847163,79.0,84.71472933433994,2,55.0,1,0,1800.0,46.81966249847163,1800.0,0.6041666666666667,False,0
4,33.55776164338731,1.1423069413421423,False,0,False,typical,0,True,11.598825771871754,0.55,0.75,37.0,86.01817980128729,87.0,98.59882577187176,2,55.0,1,0,1800.0,49.01817980128729,0.0,1.1250000000000002,False,0
5,36.10718812998034,1.0912687762739324,True,1,False,typical,,True,18.960752638444163,0.6699999999999999,0.8700000000000001,37.0,88.2700491865936,94.0,112.96075263844416,0,55.0,1,0,1800.0,51.270049186593596,1800.0,1.1250000000000002,False,0
6,41.57603240785325,1.7583641252279532,False,0,False,typical,,True,29.049484103880044,0.55,0.75,42.0,74.14907309464121,75.0,104.04948410388005,1,55.0,1,0,1800.0,32.14907309464121,0.0,0.5208333333333334,False,0
7,56.433596383148426,1.2326744649753565,True,1,False,typical,,True,23.885742821904557,0.6699999999999999,0.8700000000000001,57.0,102.4884305449205,103.0,126.88574282190456,2,55.0,1,0,1800.0,45.48843054492051,1800.0,0.6041666666666667,False,0
8,61.762997676428746,0.9707525625607972,True,2,False,typical,,True,11.23069809767698,0.79,0.99,62.0,119.52707423415161,120.0,131.230698097677,0,55.0,1,0,1800.0,57.52707423415161,3600.0,0.6875,False,0
9,75.69334622879664,1.612761147589093,True,1,False,typical,,True,11.224632575742474,0.6699999999999999,0.8700000000000001,76.0,110.97300408229648,111.0,122.22463257574248,1,55.0,1,0,1800.0,34.97300408229648,1800.0,0.6041666666666667,False,0
10,82.26366933147862,1.0509585774941672,True,1,False,typical,,True,18.954577585618587,0.6699999999999999,0.8700000000000001,83.0,136.20317580521413,137.0,155.95457758561858,0,55.0,1,0,1800.0,53.203175805214116,1800.0,0.6041666666666667,False,0
11,99.19356550996156,1.8495191877628516,False,0,False,typical,,False,16.690847878441563,0.55,0.75,100.0,142.60745845077017,143.0,159.69084787844156,1,55.0,1,0,1800.0,30.607458450770174,0.0,0.5208333333333334,True,0
12,114.53781417566286,1.1511736662709606,False,0,False,typical,,True,21.986269116995185,0.55,0.75,115.0,163.64732640302964,164.0,185.98626911699517,0,55.0,1,0,1800.0,48.64732640302964,0.0,0.5208333333333334,False,0
13,119.98025206672546,1.0593376461843007,True,1,False,typical,,True,34.47672380057369,0.6699999999999999,0.8700000000000001,120.0,172.78923481442217,173.0,207.4767238005737,1,55.0,1,0,1800.0,52.78923481442219,1800.0,0.6041666666666667,False,0
14,139.28760073119818,1.0483953278654796,True,2,False,typical,,True,46.177649771658565,0.79,0.99,140.0,193.3311265790161,194.0,240.17764977165857,0,55.0,1,0,1800.0,53.331126579016086,3600.0,0.6875,False,0
15,140.39001677695543,1.4612589852179751,True,1,False,typical,1,True,20.056840909712616,0.6699999999999999,0.8700000000000001,145.0,183.50877625826587,184.0,204.0568409097126,2,55.0,1,0,1800.0,38.50877625826587,1800.0,1.2916666666666667,False,0
16,144.07404607722458,1.3087065640551987,True,2,False,typical,1,False,7.57373909008948,0.79,0.99,145.0,199.89622765914407,208.0,215.57373909008948,1,55.0,1,0,1800.0,42.896227659144074,3600.0,1.2916666666666667,True,0
17,149.27484734634652,1.1686759005130292,True,1,False,typical,1,True,22.887990342622114,0.6699999999999999,0.8700000000000001,150.0,197.9318072776686,205.0,227.88799034262212,2,55.0,1,0,1800.0,47.93180727766861,1800.0,0.6041666666666667,False,0
18,172.16827643086881,0.9132303956408758,True,1,False,typical,,True,26.34759010904744,0.6699999999999999,0.8700000000000001,173.0,234.09576587740793,235.0,261.3475901090474,1,55.0,1,0,1800.0,61.09576587740793,1800.0,0.6041666666666667,False,0
19,177.3532024919768,0.9247009124768488,True,1,False,typical,,True,74.47658810067739,0.6699999999999999,0.8700000000000001,178.0,238.3486911723492,239.0,313.4765881006774,2,55.0,1,0,1800.0,60.3486911723492,1800.0,0.6041666666666667,False,0
20,188.7164941008134,0.9621301569098725,True,1,False,typical,2,True,33.57272973619228,0.6699999999999999,0.8700000000000001,189.0,247.0348228724548,262.0,295.5727297361923,1,55.0,1,0,1800.0,58.0348228724548,1800.0,0.6041666666666667,False,0
21,195.0404242247337,1.0160599448339789,True,1,False,typical,2,True,6.371755550336041,0.6699999999999999,0.8700000000000001,196.0,251.0006645140773,268.0,274.37175555033605,0,55.0,1,0,1800.0,55.0006645140773,1800.0,0.6041666666666667,False,0
22,196.4469187291815,0.9154333740877826,True,2,False,typical,2,True,27.451207995260837,0.79,0.99,201.0,261.95083335918,296.0,323.45120799526086,1,55.0,1,0,1800.0,60.95083335918005,3600.0,1.2916666666666667,False,0
23,200.85787388746846,1.4194650696745297,True,1,False,typical,2,True,26.755014753211633,0.6699999999999999,0.8700000000000001,201.0,240.6169908030995,241.0,267.75501475321164,0,55.0,1,0,1800.0,39.616990803099505,1800.0,1.2916666666666667,False,0
24,211.40409784647693,1.3041958287987732,True,1,False,typical,,True,10.919672214059945,0.6699999999999999,0.8700000000000001,212.0,255.04158097389228,275.0,285.91967221406,0,55.0,1,0,1800.0,43.041580973892266,1800.0,0.6041666666666667,False,0
25,217.066024925287,0.9343623236601358,True,1,False,typical,,True,31.835021324768327,0.6699999999999999,0.8700000000000001,218.0,277.73367483713486,332.0,363.8350213247683,2,55.0,1,0,1800.0,59.73367483713486,1800.0,0.6041666666666667,False,0
26,218.03122048937277,1.7488646147228648,True,1,False,typical,3,True,23.32196973289148,0.6699999999999999,0.8700000000000001,223.0,255.31897525913726,286.0,309.3219697328915,0,55.0,1,0,1800.0,32.31897525913726,1800.0,0.6041666666666667,False,0
27,223.6326009194031,1.2537216970429137,False,0,False,typical,3,True,40.91778402779688,0.55,0.75,228.0,272.73938515120665,310.0,350.91778402779687,0,55.0,1,0,1800.0,44.73938515120665,0.0,0.5208333333333334,False,0
28,230.2991550236521,1.2859130604255458,False,0,False,typical,,True,11.025880166613712,0.55,0.75,233.0,276.64116524642725,324.0,335.0258801666137,1,55.0,1,0,1800.0,43.64116524642724,0.0,1.0416666666666667,False,0
29,230.85327965980306,1.4069067099355579,False,0,False,typical,,True,17.657017991789573,0.55,0.75,233.0,272.96285499286535,314.0,331.6570179917896,2,55.0,1,0,1800.0,39.962854992865324,0.0,1.0416666666666667,False,0
30,234.74600689570372,1.3017541337721608,False,0,False,typical,,True,25.671164754614395,0.55,0.75,238.0,281.1206820397978,336.0,361.6711647546144,1,55.0,1,0,1800.0,43.12068203979781,0.0,0.5208333333333334,False,0
31,238.81080751574734,1.3280477119994938,False,0,False,typical,,True,14.522669703416188,0.55,0.75,243.0,285.28417473412355,351.0,365.52266970341617,0,55.0,1,0,1800.0,42.28417473412353,0.0,0.5208333333333334,False,0
32,254.79657006221447,0.7864304296276394,False,0,True,reduced,,True,30.30863337172315,0.55,0.75,255.0,325.8062561873928,379.0,409.30863337172315,1,55.0,1,0,1800.0,70.80625618739283,0.0,0.5208333333333334,False,0
33,264.4029649276053,1.4407102953570265,False,0,False,typical,4,True,16.177794033026323,0.55,0.75,265.0,304.04561391575277,362.0,378.1777940330263,1,55.0,1,0,1800.0,39.045613915752774,0.0,0.5208333333333334,False,0
34,269.74641020083254,1.101715252029304,False,0,False,typical,4,True,18.649438250510922,0.55,0.75,270.0,320.79215538333773,364.0,382.6494382505109,2,55.0,1,0,1800.0,50.79215538333772,0.0,0.5208333333333334,False,0
35,271.158499679607,1.2192717051603656,True,1,False,typical,4,True,125.59226268472504,0.6699999999999999,0.8700000000000001,275.0,320.9788955539783,366.0,491.59226268472503,0,55.0,1,0,1800.0,45.97889555397833,1800.0,0.6041666666666667,False,0
36,273.9772060858329,1.1237077858247593,False,0,False,typical,,True,22.634241356243443,0.55,0.75,290.0,341.2651089454115,383.0,405.6342413562434,2,55.0,2,1,1800.0,51.26510894541152,0.0,0.5208333333333334,False,1
37,299.9078810166079,1.3153087082470762,True,1,False,typical,,True,19.945699135644674,0.6699999999999999,0.8700000000000001,300.0,342.6852785389059,406.0,425.94569913564465,2,55.0,1,0,1800.0,42.68527853890589,1800.0,0.6041666666666667,False,0
38,312.0460077512561,1.3733684412804816,True,1,False,typical,,False,20.120355277025226,0.6699999999999999,0.8700000000000001,313.0,365.91751991295206,426.0,446.1203552770252,2,55.0,1,0,1800.0,40.917519912952045,1800.0,0.6041666666666667,True,0
39,320.38291710239804,1.4835710016480113,True,1,False,typical,,True,17.133494159809057,0.6699999999999999,0.8700000000000001,321.0,358.9427116793896,410.0,427.13349415980906,1,55.0,1,0,1800.0,37.942711679389625,1800.0,0.6041666666666667,False,0
40,329.7727655002694,1.2467807180921842,True,1,False,typical,,True,14.962131303059785,0.6699999999999999,0.8700000000000001,330.0,374.98361132065037,428.0,442.9621313030598,1,55.0,1,0,1800.0,44.98361132065039,1800.0,0.6041666666666667,False,0
41,341.12704949550414,1.1784535649035202,True,1,False,typical,,True,19.668359454632878,0.6699999999999999,0.8700000000000001,342.0,389.54133405846403,447.0,466.6683594546329,2,55.0,1,0,1800.0,47.54133405846402,1800.0,1.1250000000000002,False,0
42,341.4044699917357,1.503854739628037,False,0,False,typical,,True,20.411315086155213,0.55,0.75,342.0,379.4426812242542,443.0,463.41131508615524,1,55.0,1,0,1800.0,37.442681224254194,0.0,1.1250000000000002,False,0
43,352.5780303354194,1.528074615255404,False,0,False,typical,,True,22.020596917471504,0.55,0.75,353.0,389.86300678835454,464.0,486.0205969174715,1,55.0,1,0,1800.0,36.86300678835453,0.0,0.5208333333333334,False,0
44,365.14451764008817,1.6857987673789656,False,0,False,typical,,True,726.7168965003561,0.55,0.75,366.0,399.4954835774453,467.0,1193.7168965003561,2,55.0,1,0,1800.0,33.49548357744531,0.0,0.5208333333333334,False,0
45,367.28868864839995,1.1079055473245778,True,1,False,typical,,True,13.882943047956495,0.6699999999999999,0.8700000000000001,371.0,421.5132210605106,492.0,505.8829430479565,0,55.0,1,0,1800.0,50.513221060510595,1800.0,1.1250000000000002,False,0
46,368.87944821691286,1.4314466667836228,False,0,False,typical,,True,5.720077621594165,0.55,0.75,371.0,410.29266797377915,487.0,492.72007762159416,1,55.0,1,0,1800.0,39.29266797377914,0.0,1.1250000000000002,False,0
47,403.4563305565889,1.1107974581328655,True,1,False,typical,5,True,36.489588044335775,0.6699999999999999,0.8700000000000001,404.0,454.3839771857682,493.0,529.4895880443357,1,55.0,1,0,1800.0,50.38397718576819,1800.0,0.6041666666666667,False,0
48,411.88825763449717,1.1937644790805197,True,1,False,typical,5,True,5.700803111025553,0.6699999999999999,0.8700000000000001,412.0,458.9427396097118,506.0,511.70080311102555,0,55.0,1,0,1800.0,46.942739609711765,1800.0,0.6041666666666667,False,0
49,414.8542255322307,1.0681522794174343,False,0,False,typical,5,True,10.74921807401942,0.55,0.75,417.0,469.3607855928527,512.0,522.7492180740194,0,55.0,1,0,1800.0,52.3607855928527,0.0,0.5208333333333334,False,0
50,423.69439790683407,0.9345074018375785,True,1,False,typical,5,True,33.15957824001745,0.6699999999999999,0.8700000000000001,424.0,483.7245365096629,559.0,592.1595782400175,1,55.0,1,0,1800.0,59.72453650966291,1800.0,0.6041666666666667,False,0
51,424.47897410841125,1.1045881619712004,True,1,False,typical,6,True,28.388407202578353,0.6699999999999999,0.8700000000000001,429.0,479.6623134554053,530.0,558.3884072025784,1,55.0,1,0,1800.0,50.66231345540529,1800.0,0.6041666666666667,False,0
52,429.1476616561044,1.2541630405766158,True,1,False,typical,6,True,41.0772536125694,0.6699999999999999,0.8700000000000001,434.0,478.7239473900563,523.0,564.0772536125694,0,55.0,1,0,1800.0,44.72394739005634,1800.0,0.6041666666666667,False,0
53,437.4522695181171,0.8581674644662115,False,0,False,typical,,True,39.08898888346143,0.55,0.75,444.0,508.96005500367056,583.0,622.0889888834614,0,55.0,1,0,1800.0,64.96005500367058,0.0,0.5208333333333334,False,0
54,439.2786672778703,1.0994206203777432,True,1,False,typical,,True,17.589901696763285,0.6699999999999999,0.8700000000000001,449.0,501.3463493157904,565.0,582.5899016967633,0,55.0,2,1,1800.0,52.34634931579043,1800.0,0.6041666666666667,False,1
55,441.58490152452043,1.1937246083192534,True,1,False,typical,7,True,10.334635850339321,0.6699999999999999,0.8700000000000001,464.0,513.844278453084,620.0,630.3346358503393,1,55.0,3,2,1800.0,49.844278453084065,1800.0,0.6041666666666667,False,2
56,443.9994296891922,1.3926760037781054,False,0,False,typical,7,True,26.702855395165844,0.55,0.75,469.0,513.7123154063069,593.0,619.7028553951659,1,55.0,4,3,1800.0,44.7123154063069,0.0,0.5208333333333334,False,3
57,444.71493426173936,1.0783744970782003,False,0,False,typical,7,False,17.05863015146697,0.55,0.75,489.0,557.2226898345793,641.0,658.058630151467,0,55.0,4,3,1800.0,56.2226898345794,0.0,0.5208333333333334,True,3
58,450.0505874357088,1.2212077730130513,False,0,False,typical,,True,27.272372528250703,0.55,0.75,494.0,544.257381201972,631.0,658.2723725282507,1,55.0,4,3,1800.0,50.25738120197193,0.0,1.0416666666666667,False,3
59,456.9908231413117,1.4638377156864182,False,0,False,typical,,True,17.410113847782906,0.55,0.75,494.0,536.7924709171123,623.0,640.4101138477829,0,55.0,4,3,1800.0,42.79247091711226,0.0,1.0416666666666667,False,3
60,467.9626133877398,1.2003178460820232,False,0,False,typical,8,True,10.907570339979971,0.55,0.75,509.0,560.0411965934909,659.0,669.90757033998,0,55.0,4,3,1800.0,51.04119659349095,0.0,0.5208333333333334,False,3
61,480.3691004966104,0.9838468888880085,True,1,False,typical,8,True,18.18639630083683,0.6699999999999999,0.8700000000000001,514.0,575.1230074915047,659.0,677.1863963008368,1,55.0,4,3,1800.0,61.123007491504765,1800.0,0.6041666666666667,False,3
62,482.991500016259,1.1421526103491297,True,1,False,typical,8,True,13.44964144929955,0.6699999999999999,0.8700000000000001,524.0,578.8246857238174,670.0,683.4496414492995,0,55.0,5,4,1800.0,54.82468572381739,1800.0,0.6041666666666667,False,4
63,490.1874342832758,1.1879190259951304,True,1,False,typical,8,True,11.78039047064947,0.6699999999999999,0.8700000000000001,534.0,586.969452064021,678.0,689.7803904706494,1,55.0,5,4,1800.0,52.969452064020956,1800.0,0.6041666666666667,False,4
64,497.16593280639796,1.193012724749945,True,2,False,typical,,True,8.890179081038676,0.79,0.99,559.0,611.7717714723269,684.0,692.8901790810387,0,55.0,5,4,1800.0,52.771771472326904,3600.0,0.6875,False,4
65,499.34721827764577,1.1950222962531196,True,2,False,typical,9,True,7.225640197501975,0.79,0.99,569.0,623.1442458843214,690.0,697.225640197502,1,55.0,6,5,1800.0,54.14424588432144,3600.0,0.6875,False,5
66,510.4596775336244,1.0842843259876935,False,0,False,typical,9,True,23.96689653429704,0.55,0.75,584.0,642.8447026280671,698.0,721.966896534297,1,55.0,6,5,1800.0,58.84470262806717,0.0,0.5208333333333334,False,5
67,511.26250551520707,1.7087426238623526,False,0,False,typical,9,True,48.08655793531435,0.55,0.75,594.0,635.7574103401722,693.0,741.0865579353143,0,55.0,7,6,1800.0,41.757410340172164,0.0,0.5208333333333334,False,6
68,515.37400400128,1.1945013802211308,False,0,False,typical,,False,21.652917086195124,0.55,0.75,624.0,691.6143168260033,722.0,743.6529170861951,1,55.0,7,6,1800.0,55.61431682600331,0.0,1.1250000000000002,True,6
69,524.3698253836036,0.8916949336343118,True,1,False,typical,10,True,8.909197425923876,0.6699999999999999,0.8700000000000001,624.0,693.8002876470707,742.0,750.9091974259238,0,55.0,6,5,1800.0,69.80028764707073,1800.0,1.1250000000000002,False,5
70,533.6088552002062,1.0893898517357354,False,0,False,typical,10,True,50.945743813375536,0.55,0.75,634.0,694.0569766432724,744.0,794.9457438133755,1,55.0,7,6,1800.0,60.05697664327234,0.0,0.5208333333333334,False,6
71,543.4889282294927,1.0797272286642472,False,0,False,typical,10,True,10.906668006786964,0.55,0.75,644.0,704.5087913353279,751.0,761.906668006787,0,55.0,7,6,1800.0,60.508791335327935,0.0,0.5208333333333334,False,6
72,547.5988291940048,1.5509437293516175,False,0,False,typical,11,True,6.2794684555125775,0.55,0.75,659.0,705.482279487724,762.0,768.2794684555125,0,55.0,8,7,1800.0,46.482279487723986,0.0,1.1250000000000002,False,7
73,574.1727506313296,1.4202957938367613,True,1,False,typical,11,True,19.523680362226777,0.6699999999999999,0.8700000000000001,659.0,705.8443278749872,769.0,788.5236803622267,0,55.0,6,5,1800.0,46.84432787498722,1800.0,1.1250000000000002,False,5
74,575.5979517654092,1.2312350131219083,False,0,False,typical,11,True,16.11996979826754,0.55,0.75,674.0,728.2405944956378,789.0,805.1199697982676,0,55.0,7,6,1800.0,54.24059449563776,0.0,0.5208333333333334,False,6
75,577.7240466866789,1.0515810880681506,True,1,False,typical,11,True,22.248059473445952,0.6699999999999999,0.8700000000000001,679.0,742.322195830699,795.0,817.248059473446,1,55.0,8,7,1800.0,63.32219583069905,1800.0,0.6041666666666667,False,7
76,578.9603088843646,1.0514940929792964,True,1,False,typical,12,True,14.39127917920108,0.6699999999999999,0.8700000000000001,684.0,748.7765230391959,806.0,820.3912791792011,0,55.0,9,8,1800.0,64.77652303919594,1800.0,0.6041666666666667,False,8
77,584.7646208224668,1.1931425399640825,False,0,False,typical,12,True,21.360806972301432,0.55,0.75,694.0,752.5667555491364,821.0,842.3608069723015,0,55.0,9,8,1800.0,58.56675554913638,0.0,1.1250000000000002,False,8
78,586.1603279668401,1.2819401442587763,True,1,False,typical,,True,35.896541961116654,0.6699999999999999,0.8700000000000001,694.0,749.3737192152222,818.0,853.8965419611167,1,55.0,9,8,1800.0,55.373719215222216,1800.0,1.1250000000000002,False,8
79,598.3498180867368,1.2534817420625464,True,1,False,typical,,True,38.76820877951034,0.6699999999999999,0.8700000000000001,699.0,755.3477831015712,843.0,881.7682087795104,0,55.0,9,8,1800.0,56.347783101571174,1800.0,0.6041666666666667,False,8
80,600.1890386144994,1.2059600018369445,True,1,False,typical,,True,20.573713542314735,0.6699999999999999,0.8700000000000001,724.0,783.5268193938628,854.0,874.5737135423147,1,55.0,10,9,1800.0,59.52681939386281,1800.0,0.6041666666666667,False,9
81,604.8980600713417,1.6070540065173924,True,1,False,typical,,True,13.193000541303382,0.6699999999999999,0.8700000000000001,744.0,793.5941142966869,875.0,888.1930005413034,1,55.0,11,10,1800.0,49.59411429668699,1800.0,1.2083333333333335,False,10
82,613.0460867872847,1.373916467147428,True,1,False,typical,,True,14.784610530107269,0.6699999999999999,0.8700000000000001,744.0,799.4015458145668,882.0,896.7846105301072,0,55.0,11,10,1800.0,55.40154581456678,1800.0,1.2083333333333335,False,10
83,613.6591106957034,0.6584645990022228,False,0,True,reduced,,True,17.079027501953714,0.55,0.75,754.0,854.3476491452114,912.0,929.0790275019538,0,55.0,12,11,1800.0,100.34764914521142,0.0,0.5208333333333334,False,11
84,616.4064431470963,1.2649808350316383,True,1,False,typical,,True,33.599801111340994,0.6699999999999999,0.8700000000000001,764.0,825.7489195827021,889.0,922.599801111341,1,55.0,13,12,1800.0,61.74891958270214,1800.0,0.6041666666666667,False,12
85,623.2121142542329,1.2179317123638984,False,0,False,typical,,True,14.235313085177067,0.55,0.75,769.0,833.8785252618554,897.0,911.235313085177,0,55.0,14,13,1800.0,64.87852526185547,0.0,0.5208333333333334,False,13
86,626.9952492200991,1.1746898787713536,True,1,False,typical,,True,23.527897445346696,0.6699999999999999,0.8700000000000001,789.0,855.5408682086597,923.0,946.5278974453468,1,55.0,14,13,1800.0,66.5408682086597,1800.0,0.6041666666666667,False,13
87,629.7259539009553,1.2757632078836225,False,0,False,typical,,True,11.789913488724732,0.55,0.75,799.0,863.2814486294366,930.0,941.7899134887248,0,55.0,15,14,1800.0,64.28144862943658,0.0,0.5208333333333334,False,14
88,642.9479372857916,1.6386050666970482,False,0,False,typical,13,True,29.854952083207287,0.55,0.75,809.0,863.7351348319482,942.0,971.8549520832073,0,55.0,15,14,1800.0,54.735134831948265,0.0,0.5208333333333334,False,14
89,656.2394686286611,1.1327644955346248,True,2,False,typical,13,True,20.262085784313093,0.79,0.99,819.0,888.7237816702509,947.0,967.2620857843131,1,55.0,15,14,1800.0,69.72378167025084,3600.0,0.6875,False,14
90,662.0115865063203,1.211578749538618,False,0,False,typical,13,True,20.034168489922212,0.55,0.75,824.0,890.5653158397212,968.0,988.0341684899222,1,55.0,15,14,1800.0,66.56531583972118,0.0,0.5208333333333334,False,14
91,665.9818895849161,1.5440176623016018,True,1,False,typical,13,True,26.882707054027662,0.6699999999999999,0.8700000000000001,844.0,902.2413541741574,972.0,998.8827070540276,0,55.0,16,15,1800.0,58.24135417415745,1800.0,0.6041666666666667,False,15
92,666.1020981384327,1.6004106690489357,True,1,False,typical,,True,18.124295614275688,0.6699999999999999,0.8700000000000001,854.0,912.4361792961456,989.0,1007.1242956142756,1,55.0,17,16,1800.0,58.43617929614556,1800.0,0.6041666666666667,False,16
93,707.4955685951647,1.366229699533079,False,0,False,typical,,True,14.440884542899527,0.55,0.75,879.0,937.5267738198025,999.0,1013.4408845428995,0,55.0,13,12,1800.0,58.526773819802585,0.0,0.5208333333333334,False,12
94,707.5114165181227,0.9691057180893786,True,1,False,typical,14,True,74.32467696121658,0.6699999999999999,0.8700000000000001,884.0,960.4733541216062,1013.0,1087.3246769612165,1,55.0,14,13,1800.0,76.47335412160623,1800.0,0.6041666666666667,False,13
95,730.350028801031,1.1807396443485927,True,2,False,typical,14,True,4.332080318316192,0.79,0.99,889.0,955.300971735173,1008.0,1012.3320803183162,1,55.0,14,13,1800.0,66.300971735173,3600.0,0.6875,False,13
96,744.0405664192712,1.229770589388586,True,1,False,typical,,True,6.213943582800993,0.6699999999999999,0.8700000000000001,899.0,963.4437887087092,1014.0,1020.213943582801,0,55.0,14,13,1800.0,64.44378870870928,1800.0,0.6041666666666667,False,13
97,745.0758954544472,1.2359249853174121,True,1,False,typical,,True,18.052668095979037,0.6699999999999999,0.8700000000000001,914.0,979.6710827140733,1021.0,1039.052668095979,0,55.0,15,14,1800.0,65.67108271407332,1800.0,0.6041666666666667,False,14
98,754.8156081008284,1.1045636926870066,True,1,False,typical,,True,6.618246909072494,0.6699999999999999,0.8700000000000001,924.0,994.9634164993281,1040.0,1046.6182469090725,0,55.0,15,14,1800.0,70.96341649932813,1800.0,0.6041666666666667,False,14
99,754.9675711666175,0.9507036727629032,True,1,False,typical,15,True,4.947349971831739,0.6699999999999999,0.8700000000000001,934.0,1014.4718854777965,1047.0,1051.9473499718317,0,55.0,16,15,1800.0,80.4718854777965,1800.0,0.6041666666666667,False,15
100,761.0467479827166,0.9521328170723983,False,0,True,reduced,15,True,29.370819962990687,0.55,0.75,944.0,1025.8350502259896,1062.0,1091.3708199629907,0,55.0,17,16,1800.0,81.83505022598953,0.0,0.5208333333333334,False,16
101,773.8950036909513,1.1511421838935376,False,0,False,typical,15,True,9.522229855987318,0.55,0.75,949.0,1019.3986330564068,1052.0,1061.5222298559872,0,55.0,16,15,1800.0,70.39863305640672,0.0,0.5208333333333334,False,15
102,782.0077433102475,1.5515391989666794,False,0,False,typical,,True,20.559148062371435,0.55,0.75,969.0,1028.5186693192347,1088.0,1108.5591480623714,1,55.0,17,16,1800.0,59.51866931923463,0.0,0.5208333333333334,False,16
103,794.5256649055649,1.5949941698471308,True,1,False,typical,,True,37.79788508444518,0.6699999999999999,0.8700000000000001,974.0,1032.5528846648833,1092.0,1129.7978850844452,0,55.0,17,16,1800.0,58.552884664883365,1800.0,0.6041666666666667,False,16
104,796.2421192800736,0.8386385468486125,False,0,False,typical,,True,12.975725720915225,0.55,0.75,989.0,1080.102485096441,1130.0,1142.9757257209153,0,55.0,18,17,1800.0,91.10248509644092,0.0,0.5208333333333334,False,17
105,833.3930601515683,1.1801671424578808,False,0,False,typical,,True,35.89937092558385,0.55,0.75,999.0,1066.7735682754683,1109.0,1144.8993709255838,1,55.0,15,14,1800.0,67.77356827546816,0.0,0.5208333333333334,False,14
106,835.2936572014406,0.9854041884170246,True,1,False,typical,,True,87.48977168732628,0.6699999999999999,0.8700000000000001,1009.0,1087.4346602647927,1145.0,1232.4897716873263,1,55.0,16,15,1800.0,78.4346602647927,1800.0,0.6041666666666667,False,15
107,845.6281158852582,1.1005862134901911,True,1,False,typical,,True,38.473236130526324,0.6699999999999999,0.8700000000000001,1014.0,1086.593368124959,1143.0,1181.4732361305264,0,55.0,16,15,1800.0,72.59336812495897,1800.0,1.2083333333333335,False,15
108,867.2846241855766,1.016639842478416,True,1,False,typical,,True,23.170324929421472,0.6699999999999999,0.8700000000000001,1014.0,1089.269788048753,1182.0,1205.1703249294214,0,55.0,15,14,1800.0,75.26978804875306,1800.0,1.2083333333333335,False,14
109,873.2375531691514,1.2261778586008532,True,1,False,typical,,True,15.53008878148085,0.6699999999999999,0.8700000000000001,1024.0,1091.474830491523,1194.0,1209.5300887814808,2,55.0,16,15,1800.0,67.47483049152306,1800.0,0.6041666666666667,False,15
110,897.79683092387,1.0846072970395946,True,1,False,typical,,True,21.536025975431123,0.6699999999999999,0.8700000000000001,1044.0,1114.4295979808737,1206.0,1227.5360259754311,0,55.0,14,13,1800.0,70.42959798087378,1800.0,0.6041666666666667,False,13
111,916.6079657429552,1.1109100433764914,True,1,False,typical,,True,11.634445859674113,0.6699999999999999,0.8700000000000001,1049.0,1116.7789591888406,1210.0,1221.634445859674,2,55.0,13,12,1800.0,67.77895918884073,1800.0,0.6041666666666667,False,12
112,923.2416502749189,1.1757900007800126,True,2,False,typical,,True,8.169043427413829,0.79,0.99,1054.0,1120.4970604984846,1222.0,1230.1690434274137,2,55.0,14,13,1800.0,66.49706049848467,3600.0,0.6875,False,13
113,933.0212204068657,1.2939866941320728,True,1,False,typical,,True,25.897901894791644,0.6699999999999999,0.8700000000000001,1064.0,1126.2243010483896,1228.0,1253.8979018947916,0,55.0,14,13,1800.0,62.224301048389556,1800.0,0.6041666666666667,False,13
114,936.6892250221343,0.9418883820780025,True,1,False,typical,,True,45.510621946728925,0.6699999999999999,0.8700000000000001,1089.0,1167.1133309365791,1233.0,1278.5106219467289,1,55.0,14,13,1800.0,78.11333093657925,1800.0,0.6041666666666667,False,13
115,940.0183312768884,1.5653832055887813,False,0,False,typical,,True,10.87297464088832,0.55,0.75,1094.0,1150.3051667781008,1231.0,1241.8729746408883,2,55.0,15,14,1800.0,56.305166778100876,0.0,0.5208333333333334,False,14
116,953.5128741953308,1.0026085202598254,False,0,False,typical,,True,65.3768845269998,0.55,0.75,1109.0,1183.576904652822,1242.0,1307.376884527,2,55.0,14,13,1800.0,74.57690465282181,0.0,0.5208333333333334,False,13
117,965.0784829208861,1.1637180506721025,True,2,False,typical,,True,16.715508113680848,0.79,0.99,1134.0,1202.4323071956603,1254.0,1270.715508113681,0,55.0,15,14,1800.0,68.4323071956604,3600.0,0.6875,False,14
118,973.1238667831035,1.359390871771901,False,0,False,typical,,True,55.549795589376096,0.55,0.75,1144.0,1205.6292977208316,1271.0,1326.5497955893761,0,55.0,15,14,1800.0,61.62929772083148,0.0,0.5208333333333334,False,14
119,1002.390348514869,1.0171899257757322,True,2,False,typical,,True,14.45207714431923,0.79,0.99,1149.0,1221.3405315755617,1279.0,1293.4520771443192,1,55.0,13,12,1800.0,72.3405315755617,3600.0,0.6875,False,12
120,1005.1043673671107,0.9483038306201828,True,1,False,typical,,True,366.41326326707184,0.6699999999999999,0.8700000000000001,1184.0,1261.7182893921565,1308.0,1674.413263267072,2,55.0,14,13,1800.0,77.71828939215658,1800.0,0.6041666666666667,False,13
121,1007.2422340380253,1.2220211875218532,False,0,False,typical,16,True,30.38529443717088,0.55,0.75,1194.0,1260.1774029498088,1294.0,1324.3852944371708,1,55.0,15,14,1800.0,66.17740294980888,0.0,0.5208333333333334,False,14
122,1015.1475822035144,1.2951919666139349,True,1,False,typical,16,True,47.03575435359797,0.6699999999999999,0.8700000000000001,1209.0,1271.1847476341197,1325.0,1372.035754353598,1,55.0,14,13,1800.0,62.18474763411975,1800.0,0.6041666666666667,False,13
123,1020.4679380036843,0.7556211514370686,True,1,True,reduced,16,True,9.284613284266209,0.6699999999999999,0.8700000000000001,1214.0,1307.9577983502697,1373.0,1382.2846132842662,1,55.0,15,14,1800.0,93.95779835026975,1800.0,0.6041666666666667,False,14
124,1020.8002378719085,1.2691730376131147,False,0,False,typical,16,True,14.992748770950852,0.55,0.75,1224.0,1289.9553044620586,1327.0,1341.9927487709508,0,55.0,16,15,1800.0,65.95530446205854,0.0,0.5208333333333334,False,15
125,1023.2319648193345,1.1023976354828382,False,0,False,typical,17,True,17.409629351033235,0.55,0.75,1229.0,1302.9612536000775,1342.0,1359.4096293510333,0,55.0,17,16,1800.0,73.96125360007744,0.0,0.5208333333333334,False,16
126,1027.3071034114034,1.1100260009004808,True,1,False,typical,17,True,36.30747734663658,0.6699999999999999,0.8700000000000001,1234.0,1307.6183889164602,1373.0,1409.3074773466367,0,55.0,17,16,1800.0,73.61838891646019,1800.0,1.2916666666666667,False,16
127,1030.0619223176006,1.1148010038066416,True,2,False,typical,,True,12.594228428709004,0.79,0.99,1234.0,1307.4061593792928,1360.0,1372.594228428709,0,55.0,17,16,1800.0,73.40615937929275,3600.0,1.2916666666666667,False,16
128,1036.9476475243648,1.11992662707656,True,1,False,typical,18,True,23.72486001808718,0.6699999999999999,0.8700000000000001,1244.0,1318.6303601524069,1383.0,1406.7248600180872,1,55.0,18,17,1800.0,74.63036015240677,1800.0,0.6041666666666667,False,17
129,1037.6587157060696,0.9971542072178181,True,1,False,typical,18,True,10.123389910445734,0.6699999999999999,0.8700000000000001,1254.0,1336.1269652937199,1407.0,1417.1233899104457,1,55.0,19,18,1800.0,82.12696529371993,1800.0,0.6041666666666667,False,18
130,1055.2698235978512,1.0381616620794119,True,1,False,typical,,True,5.772175591586769,0.6699999999999999,0.8700000000000001,1274.0,1351.048261487557,1418.0,1423.7721755915868,1,55.0,17,16,1800.0,77.04826148755713,1800.0,0.6041666666666667,False,16
131,1063.7787998104184,1.175040610187238,True,2,False,typical,19,True,13.779674836065437,0.79,0.99,1279.0,1351.326892904949,1421.0,1434.7796748360654,0,55.0,18,17,1800.0,72.32689290494902,3600.0,0.6875,False,17
132,1079.474824323412,1.8003836288516761,True,1,False,typical,19,True,10.196873629819631,0.6699999999999999,0.8700000000000001,1294.0,1350.069044725029,1410.0,1420.1968736298197,0,55.0,18,17,1800.0,56.06904472502907,1800.0,0.6041666666666667,False,17
133,1083.5934727388037,1.2468404119502006,True,1,False,typical,19,True,26.2632372929592,0.6699999999999999,0.8700000000000001,1309.0,1380.0814993329209,1424.0,1450.2632372929593,1,55.0,19,18,1800.0,71.08149933292083,1800.0,0.6041666666666667,False,18
134,1087.3635925532658,1.384887498426219,False,0,False,typical,20,True,42.249071022649844,0.55,0.75,1329.0,1397.1344172811885,1435.0,1477.2490710226498,0,55.0,20,19,1800.0,68.13441728118839,0.0,1.0416666666666667,False,19
135,1088.2984336523518,1.3228992646180842,False,0,False,typical,20,False,38.62866307202955,0.55,0.75,1329.0,1410.995350044418,1451.0,1489.6286630720297,1,55.0,20,19,1800.0,69.99535004441799,0.0,1.0416666666666667,True,19
136,1091.5971358346237,1.3822938935466886,False,0,False,typical,20,True,33.018132056933666,0.55,0.75,1344.0,1412.208933639055,1478.0,1511.0181320569336,0,55.0,20,19,1800.0,68.20893363905489,0.0,0.5208333333333334,False,19
137,1097.209035992965,1.3477251414071227,True,1,False,typical,20,True,22.71476607493164,0.6699999999999999,0.8700000000000001,1364.0,1433.2295080444785,1490.0,1512.7147660749317,1,55.0,20,19,1800.0,69.22950804447858,1800.0,0.6041666666666667,False,19
138,1097.7890994960433,1.1212142455827083,True,1,False,typical,,False,35.74551487261908,0.6699999999999999,0.8700000000000001,1374.0,1464.9239611110772,1513.0,1548.745514872619,1,55.0,21,20,1800.0,78.92396111107725,1800.0,1.1250000000000002,True,20
139,1106.5956179817993,1.369104196579406,False,0,False,typical,21,True,5.5618111311807175,0.55,0.75,1374.0,1444.0422528770366,1512.0,1517.5618111311808,0,55.0,21,20,1800.0,70.04225287703665,0.0,1.1250000000000002,False,20
140,1109.8793120203418,0.9771237661600245,True,2,False,typical,21,True,12.056612912295924,0.79,0.99,1384.0,1470.1576494306787,1518.0,1530.056612912296,0,55.0,21,20,1800.0,86.15764943067876,3600.0,0.6875,False,20
141,1114.2219274926495,1.2095886100731392,False,0,False,typical,21,True,22.873481631960647,0.55,0.75,1409.0,1485.7900048776703,1531.0,1553.8734816319607,0,55.0,22,21,1800.0,76.79000487767024,0.0,0.5208333333333334,False,21
142,1144.7873103804452,1.2830948787209422,True,1,False,typical,21,True,23.99548273293956,0.6699999999999999,0.8700000000000001,1414.0,1486.7351075708657,1549.0,1572.9954827329395,1,55.0,21,20,1800.0,72.73510757086564,1800.0,0.6041666666666667,False,20
143,1149.653661027451,0.9121766320848291,True,1,False,typical,,True,14.135357804652203,0.6699999999999999,0.8700000000000001,1419.0,1509.1653398118679,1587.0,1601.1353578046521,0,55.0,21,20,1800.0,90.16533981186792,1800.0,0.6041666666666667,False,20
144,1154.3788784896624,1.0850584338807616,True,1,False,typical,,True,37.6299509179427,0.6699999999999999,0.8700000000000001,1424.0,1506.0085143533606,1573.0,1610.6299509179428,1,55.0,22,21,1800.0,82.00851435336065,1800.0,1.2083333333333335,False,21
145,1181.532391960541,1.1399129769403464,True,1,False,typical,,True,32.3388798807682,0.6699999999999999,0.8700000000000001,1424.0,1503.5692971942701,1554.0,1586.3388798807682,0,55.0,22,21,1800.0,79.56929719427015,1800.0,1.2083333333333335,False,21
146,1190.7665495457518,0.9474292563854263,False,0,False,typical,,True,15.622615345319284,0.55,0.75,1439.0,1528.3718277531693,1602.0,1617.6226153453192,0,55.0,22,21,1800.0,89.37182775316927,0.0,0.5208333333333334,False,21
147,1205.7322962929009,0.9658485063989884,True,1,False,typical,,True,15.383161740431207,0.6699999999999999,0.8700000000000001,1454.0,1542.2647482038965,1611.0,1626.3831617404312,1,55.0,22,21,1800.0,88.2647482038966,1800.0,0.6041666666666667,False,21
148,1221.7793171151159,1.025305615098324,True,1,False,typical,,True,20.085123997257895,0.6699999999999999,0.8700000000000001,1479.0,1562.5125424674238,1618.0,1638.0851239972578,0,55.0,21,20,1800.0,83.51254246742387,1800.0,0.6041666666666667,False,20
149,1223.7384499514171,1.2499038905615765,False,0,False,typical,22,True,53.15239993214445,0.55,0.75,1494.0,1569.323383312367,1627.0,1680.1523999321444,1,55.0,22,21,1800.0,75.32338331236711,0.0,0.5208333333333334,False,21
150,1266.7959509100083,0.8233932820580426,True,1,False,typical,22,True,15.288264651534073,0.6699999999999999,0.8700000000000001,1514.0,1606.3167558133696,1675.0,1690.288264651534,2,55.0,18,17,1800.0,92.31675581336955,1800.0,1.2083333333333335,False,17
151,1267.358337925103,1.3026442705979926,True,1,False,typical,22,True,15.207678297786591,0.6699999999999999,0.8700000000000001,1514.0,1581.7418108515164,1639.0,1654.2076782977865,0,55.0,18,17,1800.0,67.7418108515164,1800.0,1.2083333333333335,False,17
152,1267.6260550571026,1.3978228651811075,False,0,False,typical,,True,26.960810262073185,0.55,0.75,1519.0,1585.3169025081902,1655.0,1681.9608102620732,0,55.0,19,18,1800.0,66.31690250819011,0.0,0.5208333333333334,False,18
153,1272.6428812897213,1.0679843160845057,True,1,False,typical,,True,21.53901975721187,0.6699999999999999,0.8700000000000001,1534.0,1613.9188836181074,1681.0,1702.539019757212,1,55.0,20,19,1800.0,79.91888361810742,1800.0,0.6041666666666667,False,19
154,1283.0730816775058,1.2848861666475793,True,1,False,typical,,True,27.793110133410185,0.6699999999999999,0.8700000000000001,1549.0,1618.7753483862323,1682.0,1709.7931101334102,0,55.0,19,18,1800.0,69.77534838623218,1800.0,0.6041666666666667,False,18
155,1297.358522381837,0.9639147263882174,True,1,False,typical,,True,40.94393543347661,0.6699999999999999,0.8700000000000001,1554.0,1638.02898923869,1691.0,1731.9439354334766,2,55.0,19,18,1800.0,84.02898923868989,1800.0,0.6041666666666667,False,18
156,1311.633400412021,1.2785144540676285,True,1,False,typical,,True,21.01110289219882,0.6699999999999999,0.8700000000000001,1574.0,1643.9886767345617,1703.0,1724.0111028921988,1,55.0,19,18,1800.0,69.98867673456175,1800.0,0.6041666666666667,False,18
157,1327.5044043748503,1.337072792304008,False,0,False,typical,,True,21.47312353033322,0.55,0.75,1589.0,1658.5546340427925,1710.0,1731.4731235303332,0,55.0,20,19,1800.0,69.55463404279244,0.0,0.5208333333333334,False,19
158,1337.6453069481724,1.2569263678556715,False,0,False,typical,,True,17.626553385681614,0.55,0.75,1604.0,1676.177535370851,1725.0,1742.6265533856815,1,55.0,20,19,1800.0,72.17753537085115,0.0,0.5208333333333334,False,19
159,1349.3584017057474,1.0597529645059833,True,1,False,typical,,True,1.8217363094666186,0.6699999999999999,0.8700000000000001,1614.0,1694.3188876106979,1732.0,1733.8217363094666,2,55.0,20,19,1800.0,80.31888761069794,1800.0,0.6041666666666667,False,19
160,1350.4690311493562,1.3961950601747735,False,0,False,typical,23,True,27.883000363589918,0.55,0.75,1619.0,1688.262776531608,1732.0,1759.8830003635899,0,55.0,21,20,1800.0,69.26277653160811,0.0,0.5208333333333334,False,20
161,1358.4003605778557,1.0633511209090765,False,0,False,typical,23,True,23.4607589290222,0.55,0.75,1629.0,1712.043272697526,1734.0,1757.4607589290222,2,55.0,22,21,1800.0,83.04327269752591,0.0,0.5208333333333334,False,21
162,1364.3523126249381,1.084836357041354,True,1,False,typical,23,True,20.094160136638592,0.6699999999999999,0.8700000000000001,1639.0,1721.0188907986087,1743.0,1763.0941601366385,1,55.0,22,21,1800.0,82.01889079860862,1800.0,0.6041666666666667,False,21
163,1374.9162036341302,1.025127293069899,True,1,False,typical,,True,9.615011864075251,0.6699999999999999,0.8700000000000001,1659.0,1743.9718736471195,1758.0,1767.6150118640753,2,55.0,22,21,1800.0,84.97187364711965,1800.0,0.6041666666666667,False,21
164,1375.4153552651308,1.2504662120267989,True,1,False,typical,,True,19.078752427370134,0.6699999999999999,0.8700000000000001,1679.0,1755.7535954550535,1764.0,1783.07875242737,1,55.0,23,22,1800.0,76.7535954550536,1800.0,0.6041666666666667,False,22
165,1378.021818404241,1.0133073352679107,True,2,False,typical,,True,19.426573874894682,0.79,0.99,1684.0,1772.497708337578,1777.0,1796.4265738748948,0,55.0,24,23,1800.0,88.49770833757798,3600.0,1.2083333333333335,False,23
166,1388.2814197463617,1.6150778828209975,False,0,False,typical,,True,16.792891894537824,0.55,0.75,1684.0,1750.8240853075974,1760.0,1776.792891894538,0,55.0,23,22,1800.0,66.82408530759737,0.0,1.2083333333333335,False,22
167,1401.317443868465,1.4006292430354892,False,0,False,typical,,True,11.147518670294664,0.55,0.75,1694.0,1767.4880648883227,1768.0,1779.1475186702946,2,55.0,24,23,1800.0,73.48806488832278,0.0,0.5208333333333334,False,23
168,1405.3375771838064,1.1031593823316883,True,1,False,typical,,True,24.315919251412026,0.6699999999999999,0.8700000000000001,1704.0,1789.5268029977224,1790.0,1814.315919251412,1,55.0,25,24,1800.0,85.5268029977223,1800.0,0.6041666666666667,False,24
169,1411.6698139635826,1.8370605660563597,False,0,False,typical,,True,11.255138595229079,0.55,0.75,1714.0,1779.6091326645637,1780.0,1791.255138595229,2,55.0,25,24,1800.0,65.60913266456379,0.0,0.5208333333333334,False,24
170,1414.941452662235,1.2731809855764515,False,0,False,typical,,True,33.043358095602095,0.55,0.75,1729.0,1807.8688858010614,1808.0,1841.0433580956021,0,55.0,25,24,1800.0,78.86888580106145,0.0,0.5208333333333334,False,24
171,1419.1014798503793,1.0655132760475161,False,0,False,typical,24,True,14.280339680471357,0.55,0.75,1734.0,1821.2883150753603,1830.0,1844.2803396804713,1,55.0,25,24,1800.0,87.28831507536026,0.0,1.6458333333333335,False,24
172,1422.1416607811116,1.2978596431132259,True,1,False,typical,24,True,14.831115958078163,0.6699999999999999,0.8700000000000001,1734.0,1812.0474637664743,1815.0,1829.8311159580783,1,55.0,25,24,1800.0,78.04746376647431,1800.0,1.6458333333333335,False,24
173,1424.2055578147358,1.3725835445307706,False,0,False,typical,24,True,28.492444989499976,0.55,0.75,1734.0,1808.29042064518,1809.0,1837.4924449895,2,55.0,24,23,1800.0,74.2904206451799,0.0,1.6458333333333335,False,23
174,1427.5699871014774,0.8719942207044447,True,1,False,typical,25,True,35.74923289590544,0.6699999999999999,0.8700000000000001,1744.0,1842.7438125254637,1843.0,1878.7492328959054,0,55.0,25,24,1800.0,98.74381252546375,1800.0,0.6041666666666667,False,24
175,1431.2504685886283,1.0927946752298823,True,2,False,typical,25,True,8.407257624129597,0.79,0.99,1759.0,1846.4496742257918,1847.0,1855.4072576241297,2,55.0,26,25,1800.0,87.44967422579187,3600.0,0.6875,False,25
176,1438.3477254372872,1.2728697234259951,True,1,False,typical,25,True,25.096565841358792,0.6699999999999999,0.8700000000000001,1764.0,1845.7794494729317,1846.0,1871.0965658413588,1,55.0,27,26,1800.0,81.77944947293163,1800.0,1.1250000000000002,False,26
177,1444.5196134692007,1.0421255368038789,False,0,False,typical,,True,53.60693008781511,0.55,0.75,1764.0,1853.896751032012,1865.0,1918.606930087815,2,55.0,26,25,1800.0,89.89675103201184,0.0,1.1250000000000002,False,25
178,1450.1015561196539,1.1926278665572065,False,0,False,typical,,True,8.540718523383813,0.55,0.75,1769.0,1853.68664840498,1856.0,1864.5407185233837,2,55.0,27,26,1800.0,84.68664840497992,0.0,0.5208333333333334,False,26
179,1451.5038013660787,1.3964101225905332,True,2,False,typical,,True,7.773147876599486,0.79,0.99,1779.0,1858.406709613625,1872.0,1879.7731478765995,1,55.0,28,27,1800.0,79.40670961362513,3600.0,0.6875,False,27
180,1465.2065807912998,0.8364716123658842,True,1,False,typical,,True,10.026602635723673,0.6699999999999999,0.8700000000000001,1784.0,1889.772380818325,1898.0,1908.0266026357237,0,55.0,28,27,1800.0,105.77238081832506,1800.0,0.6041666666666667,False,27
181,1470.4816891525822,1.257493411155179,False,0,False,typical,,True,17.90194173295676,0.55,0.75,1794.0,1879.2078037229435,1880.0,1897.9019417329569,0,55.0,29,28,1800.0,85.20780372294357,0.0,0.5208333333333334,False,28
182,1471.1572448253885,1.4772083549729766,False,0,False,typical,,True,43.07736518858697,0.55,0.75,1809.0,1889.1523916357798,1890.0,1933.077365188587,1,55.0,30,29,1800.0,80.15239163577988,0.0,1.0416666666666667,False,29
183,1480.1562528585227,1.1528435384768185,False,0,False,typical,,True,8.85552379637011,0.55,0.75,1809.0,1898.1781218433753,1919.0,1927.85552379637,2,55.0,29,28,1800.0,89.17812184337531,0.0,1.0416666666666667,False,28
184,1502.2402576047252,1.6155089395746296,False,0,False,typical,,True,39.06787539450748,0.55,0.75,1819.0,1894.5149988562005,1909.0,1948.0678753945074,0,55.0,29,28,1800.0,75.51499885620053,0.0,0.5208333333333334,False,28
185,1507.4401300564712,1.3333448869642652,True,2,False,typical,,True,11.715134695607302,0.79,0.99,1834.0,1918.1696425626403,1928.0,1939.7151346956073,2,55.0,30,29,1800.0,84.16964256264032,3600.0,0.6875,False,29
186,1515.2681830947467,1.2647623825196403,True,1,False,typical,26,True,14.26795930234769,0.6699999999999999,0.8700000000000001,1844.0,1930.4064293563426,1934.0,1948.2679593023477,1,55.0,30,29,1800.0,86.40642935634267,1800.0,0.6041666666666667,False,29
187,1520.4633822665146,1.2509838950171033,True,1,False,typical,26,True,9.106963671183188,0.6699999999999999,0.8700000000000001,1849.0,1935.885394134229,1940.0,1949.1069636711832,2,55.0,30,29,1800.0,86.88539413422907,1800.0,1.2083333333333335,False,29
188,1520.838901898865,1.2332490468348405,True,1,False,typical,26,True,6.630743961444297,0.6699999999999999,0.8700000000000001,1849.0,1936.517642415503,1949.0,1955.6307439614443,0,55.0,30,29,1800.0,87.5176424155029,1800.0,1.2083333333333335,False,29
189,1535.3329863801569,1.0981096440235008,True,2,False,typical,26,True,26.335905702850333,0.79,0.99,1859.0,1952.0060731889018,1953.0,1979.3359057028504,1,55.0,30,29,1800.0,93.00607318890184,3600.0,0.6875,False,29
190,1553.7706739443727,1.0175021875426715,True,1,False,typical,,True,23.53232007443609,0.6699999999999999,0.8700000000000001,1869.0,1965.9739378424613,1966.0,1989.532320074436,0,55.0,30,29,1800.0,96.97393784246134,1800.0,0.6041666666666667,False,29
191,1554.697874579899,1.5307759043653888,True,1,False,typical,27,True,29.844079774007607,0.6699999999999999,0.8700000000000001,1874.0,1952.8494916017125,1953.0,1982.8440797740077,2,55.0,30,29,1800.0,78.84949160171244,1800.0,0.6041666666666667,False,29
192,1561.464687547407,1.126362727699118,True,2,False,typical,27,True,35.950255873894605,0.79,0.99,1884.0,1977.1997407641954,1980.0,2015.9502558738945,1,55.0,31,30,1800.0,93.19974076419544,3600.0,0.6875,False,30
193,1561.7461179341287,0.9193251502107028,True,1,False,typical,,True,29.81704117617482,0.6699999999999999,0.8700000000000001,1894.0,1999.646493365698,2000.0,2029.8170411761748,2,55.0,32,31,1800.0,105.64649336569808,1800.0,0.6041666666666667,False,31
194,1565.8826884242642,1.0449466884003218,True,1,False,typical,,True,7.308431578554135,0.6699999999999999,0.8700000000000001,1899.0,1998.904264130927,1999.0,2006.308431578554,0,55.0,33,32,1800.0,99.904264130927,1800.0,0.6041666666666667,False,32
195,1569.1557302872407,1.0731867740941272,True,1,False,typical,28,True,26.567962783237395,0.6699999999999999,0.8700000000000001,1909.0,2008.969233896332,2009.0,2035.5679627832374,0,55.0,34,33,1800.0,99.96923389633206,1800.0,0.6041666666666667,False,33
196,1584.0939094900004,1.0802533418037217,True,1,False,typical,28,True,9.926866461143208,0.6699999999999999,0.8700000000000001,1919.0,2018.633982740535,2030.0,2039.9268664611432,2,55.0,34,33,1800.0,99.63398274053505,1800.0,0.6041666666666667,False,33
197,1601.4068172225955,1.4060658858979758,False,0,False,typical,28,True,14.318022466247177,0.55,0.75,1929.0,2016.8362324266723,2017.0,2031.3180224662472,1,55.0,34,33,1800.0,87.83623242667223,0.0,0.5208333333333334,False,33
198,1606.824278552804,1.1875972322339514,True,1,False,typical,28,True,11.537055462480662,0.6699999999999999,0.8700000000000001,1934.0,2029.0319974577083,2032.0,2043.5370554624806,1,55.0,34,33,1800.0,95.03199745770816,1800.0,0.6041666666666667,False,33
199,1639.2523874833055,0.9850120679234416,True,1,False,typical,,True,24.978114818096888,0.6699999999999999,0.8700000000000001,1944.0,2044.2068793551418,2045.0,2069.978114818097,2,55.0,31,30,1800.0,100.20687935514184,1800.0,0.6041666666666667,False,30
200,1647.7576202437444,1.1145289898759163,False,0,False,typical,,True,29.351761720550527,0.55,0.75,1949.0,2044.1682004502397,2045.0,2074.3517617205507,1,55.0,32,31,1800.0,95.1682004502398,0.0,0.5208333333333334,False,31
201,1652.4034719143917,1.110060848021776,False,0,False,typical,,True,139.69193244675034,0.55,0.75,1954.0,2050.8168334893667,2051.0,2190.6919324467503,0,55.0,33,32,1800.0,96.81683348936659,0.0,1.1250000000000002,False,32
202,1657.2382435889942,1.3281386273135325,True,1,False,typical,,True,7.705456004586512,0.6699999999999999,0.8700000000000001,1954.0,2042.6813398021186,2043.0,2050.7054560045867,0,55.0,33,32,1800.0,88.68133980211857,1800.0,1.1250000000000002,False,32
203,1660.434242721094,0.9999398335575405,True,2,False,typical,,True,39.14368768114031,0.79,0.99,1969.0,2071.273309353447,2072.0,2111.1436876811404,2,55.0,33,32,1800.0,102.2733093534473,3600.0,0.6875,False,32
204,1668.2089667813236,1.1431012220726402,True,1,False,typical,29,True,17.57494949226836,0.6699999999999999,0.8700000000000001,1984.0,2080.8347241713864,2081.0,2098.5749494922684,1,55.0,34,33,1800.0,96.83472417138658,1800.0,0.6041666666666667,False,33
205,1670.6400673429837,1.0315370260650325,False,0,False,typical,29,True,30.15521427723404,0.55,0.75,1999.0,2102.4884932874456,2104.0,2134.155214277234,1,55.0,35,34,1800.0,103.48849328744556,0.0,0.5208333333333334,False,34
206,1672.0229160023782,1.2694211312933616,True,1,False,typical,29,True,4.583193712070368,0.6699999999999999,0.8700000000000001,2004.0,2098.9468350779402,2099.0,2103.58319371207,1,55.0,36,35,1800.0,94.94683507794039,1800.0,0.6041666666666667,False,35
207,1701.450954352116,1.1377808409329373,False,0,False,typical,,True,16.790341624177504,0.55,0.75,2009.0,2106.0597136085557,2112.0,2128.7903416241775,2,55.0,34,33,1800.0,97.05971360855582,0.0,0.5208333333333334,False,33
208,1707.8689048180347,0.7948687823117986,True,1,True,reduced,,True,8.169259076270473,0.6699999999999999,0.8700000000000001,2019.0,2136.9138106312816,2147.0,2155.1692590762705,1,55.0,34,33,1800.0,117.9138106312816,1800.0,0.6041666666666667,False,33
209,1710.0356850465996,1.212800489419594,True,1,False,typical,,True,11.10260684598981,0.6699999999999999,0.8700000000000001,2034.0,2129.519585921029,2135.0,2146.1026068459896,1,55.0,35,34,1800.0,95.51958592102908,1800.0,1.1250000000000002,False,34
210,1717.9788652667175,1.3994116023369179,False,0,False,typical,30,True,21.294106764070918,0.55,0.75,2034.0,2122.0222323869216,2129.0,2150.294106764071,2,55.0,34,33,1800.0,88.02223238692169,0.0,1.1250000000000002,False,33
211,1726.4728355392422,1.1031626409687683,True,1,False,typical,30,True,8.639983767148651,0.6699999999999999,0.8700000000000001,2044.0,2144.026655725488,2156.0,2164.639983767149,1,55.0,35,34,1800.0,100.026655725488,1800.0,0.6041666666666667,False,34
212,1727.3472950091166,0.9023567954568652,True,1,False,typical,30,True,13.978973404327352,0.6699999999999999,0.8700000000000001,2049.0,2161.57149975809,2176.0,2189.9789734043275,2,55.0,36,35,1800.0,112.57149975809001,1800.0,1.1250000000000002,False,35
213,1736.4320855218627,1.2518696978289072,False,0,False,typical,,True,10.273634629151255,0.55,0.75,2049.0,2141.654284930281,2151.0,2161.2736346291513,2,55.0,34,33,1800.0,92.65428493028101,0.0,1.1250000000000002,False,33
214,1747.3123173845922,1.2153519346082695,False,0,False,typical,,True,13.458040169959324,0.55,0.75,2054.0,2147.9743814131725,2162.0,2175.4580401699595,2,55.0,34,33,1800.0,93.97438141317274,0.0,0.5208333333333334,False,33
215,1760.43983805087,1.462451730216958,False,0,False,typical,,True,35.998898403776906,0.55,0.75,2074.0,2160.328078860723,2165.0,2200.998898403777,1,55.0,34,33,1800.0,86.3280788607229,0.0,0.5208333333333334,False,33
216,1772.5880977487736,1.2837786993699405,True,2,False,typical,,True,70.91326733823723,0.79,0.99,2084.0,2174.112274939593,2190.0,2260.9132673382373,2,55.0,33,32,1800.0,90.11227493959294,3600.0,0.6875,False,32
217,1779.8622625152263,1.0856654967199866,True,1,False,typical,,True,20.136733997795787,0.6699999999999999,0.8700000000000001,2099.0,2196.9301712646907,2201.0,2221.136733997796,1,55.0,33,32,1800.0,97.93017126469069,1800.0,0.6041666666666667,False,32
218,1799.3117844268763,1.4059297486969615,True,1,False,typical,,True,23.973294275659317,0.6699999999999999,0.8700000000000001,2104.0,2188.9400200799328,2191.0,2214.973294275659,0,55.0,32,31,1800.0,84.9400200799328,1800.0,0.6041666666666667,False,31
219,1802.1329566528086,1.1795585813488272,False,0,False,typical,,True,19.906537081790916,0.55,0.75,2114.0,2207.8976121166506,2215.0,2234.9065370817907,0,55.0,33,32,1800.0,93.8976121166508,0.0,0.5208333333333334,False,32
220,1809.6503195308817,1.0262306499407727,True,1,False,typical,,True,19.24448615248854,0.6699999999999999,0.8700000000000001,2129.0,2229.864189574414,2230.0,2249.2444861524887,1,55.0,33,32,1800.0,100.86418957441413,1800.0,0.6041666666666667,False,32
221,1810.469041860692,1.2457273248075278,True,1,False,typical,,True,22.786138672076728,0.6699999999999999,0.8700000000000001,2139.0,2231.8709140120195,2235.0,2257.7861386720765,0,55.0,34,33,1800.0,92.8709140120193,1800.0,0.6041666666666667,False,33
222,1830.3978989783893,1.302056969395932,False,0,False,typical,,True,15.81848583558922,0.55,0.75,2149.0,2239.960855271883,2250.0,2265.8184858355894,1,55.0,34,33,1800.0,90.96085527188288,0.0,0.5208333333333334,False,33
223,1851.0128832014318,1.3169136158786754,True,1,False,typical,,True,27.512138514280036,0.6699999999999999,0.8700000000000001,2154.0,2241.584318734986,2258.0,2285.51213851428,0,55.0,32,31,1800.0,87.58431873498607,1800.0,0.6041666666666667,False,31
224,1855.0129182943788,1.3077055972583485,False,0,False,typical,,True,10.172804648221799,0.55,0.75,2159.0,2248.3283961063635,2261.0,2271.1728046482217,2,55.0,33,32,1800.0,89.3283961063633,0.0,0.5208333333333334,False,32
225,1858.1064468267534,1.3774669839348395,False,0,False,typical,,True,13.985816902716037,0.55,0.75,2164.0,2252.6483617258746,2266.0,2279.985816902716,1,55.0,34,33,1800.0,88.64836172587478,0.0,0.5208333333333334,False,33
226,1882.601671118797,1.2952471201420925,False,0,False,typical,,True,8.194126092760564,0.55,0.75,2169.0,2257.282939422684,2272.0,2280.1941260927606,2,55.0,32,31,1800.0,88.28293942268432,0.0,0.5208333333333334,False,31
227,1883.8950897854747,1.2068957351596408,True,1,False,typical,,True,11.1070138226601,0.6699999999999999,0.8700000000000001,2179.0,2271.8414594042583,2280.0,2291.10701382266,1,55.0,33,32,1800.0,92.84145940425827,1800.0,0.6041666666666667,False,32
228,1922.7636657457974,1.3477903825070234,True,1,False,typical,,True,22.11257905410783,0.6699999999999999,0.8700000000000001,2194.0,2276.2775326206843,2281.0,2303.1125790541078,2,55.0,29,28,1800.0,82.27753262068435,1800.0,1.1250000000000002,False,28
229,1927.3524276356022,1.3131724074937545,False,0,False,typical,31,True,34.71968355039092,0.55,0.75,2194.0,2277.353304649212,2286.0,2320.719683550391,0,55.0,29,28,1800.0,83.35330464921194,0.0,1.1250000000000002,False,28
230,1927.955218960201,1.3584054406172297,False,0,False,typical,31,True,49.334434189440614,0.55,0.75,2204.0,2287.4086482013863,2292.0,2341.334434189441,1,55.0,30,29,1800.0,83.40864820138617,0.0,0.5208333333333334,False,29
231,1930.818431078206,1.6026127443386549,False,0,False,typical,31,True,12.411361838820643,0.55,0.75,2219.0,2296.2389583349386,2304.0,2316.4113618388205,2,55.0,30,29,1800.0,77.23895833493867,0.0,0.5208333333333334,False,29
232,1949.650068085501,1.051052700648259,True,1,False,typical,,True,7.078014773291839,0.6699999999999999,0.8700000000000001,2234.0,2326.3484893003724,2327.0,2334.0780147732917,0,55.0,28,27,1800.0,92.34848930037245,1800.0,0.6041666666666667,False,27
233,1955.611646784082,1.1569645207801937,False,0,False,typical,,True,19.213759107158847,0.55,0.75,2239.0,2326.5581906809994,2327.0,2346.2137591071587,2,55.0,28,27,1800.0,87.55819068099945,0.0,0.5208333333333334,False,27
234,1959.4467712623539,1.1716141567675895,True,2,False,typical,32,True,25.812441128929418,0.79,0.99,2254.0,2342.4137823726383,2343.0,2368.8124411289295,0,55.0,29,28,1800.0,88.41378237263842,3600.0,0.6875,False,28
235,1977.5992191356906,1.2970502099218613,True,1,False,typical,32,True,14.785066025518976,0.6699999999999999,0.8700000000000001,2259.0,2342.873909717044,2343.0,2357.785066025519,1,55.0,29,28,1800.0,83.87390971704433,1800.0,0.6041666666666667,False,28
236,1989.448759361956,1.327563687471529,True,1,False,typical,,True,5.649252061877467,0.6699999999999999,0.8700000000000001,2264.0,2346.8992741802485,2358.0,2363.6492520618776,1,55.0,29,28,1800.0,82.89927418024871,1800.0,0.6041666666666667,False,28
237,2005.8710067801048,1.5597719400646481,True,1,False,typical,33,True,20.16703031102557,0.6699999999999999,0.8700000000000001,2269.0,2344.281565224542,2347.0,2367.1670303110254,2,55.0,28,27,1800.0,75.28156522454199,1800.0,0.6041666666666667,False,27
238,2008.3521344820138,1.2934243308015259,False,0,False,typical,33,True,13.265974792930066,0.55,0.75,2274.0,2357.9927813411527,2364.0,2377.26597479293,1,55.0,29,28,1800.0,83.99278134115266,0.0,0.5208333333333334,False,28
239,2024.3453245551086,1.0286192852429499,True,1,False,typical,33,True,9.619208567484419,0.6699999999999999,0.8700000000000001,2284.0,2377.4897344188034,2378.0,2387.6192085674843,1,55.0,28,27,1800.0,93.4897344188035,1800.0,1.2083333333333335,False,27
240,2033.0761150904661,1.1536236283709314,True,1,False,typical,,False,35.6961687814886,0.6699999999999999,0.8700000000000001,2284.0,2383.6958612145168,2384.0,2419.6961687814887,0,55.0,28,27,1800.0,87.69586121451695,1800.0,1.2083333333333335,True,27
241,2047.2251000662736,1.2060586231617707,True,1,False,typical,,True,8.801833357473349,0.6699999999999999,0.8700000000000001,2289.0,2373.173090051969,2374.0,2382.8018333574732,0,55.0,27,26,1800.0,84.17309005196901,1800.0,0.6041666666666667,False,26
242,2049.9328611970886,1.2199685309341621,True,1,False,typical,34,True,35.429927729046,0.6699999999999999,0.8700000000000001,2294.0,2377.6531301016307,2378.0,2413.429927729046,2,55.0,27,26,1800.0,83.65313010163061,1800.0,0.6041666666666667,False,26
243,2050.792284493847,0.9944306389602676,True,1,False,typical,34,True,74.23276688078784,0.6699999999999999,0.8700000000000001,2304.0,2399.3280303896363,2400.0,2474.232766880788,1,55.0,28,27,1800.0,95.32803038963638,1800.0,0.6041666666666667,False,27
244,2050.815175791121,1.1987823460811657,False,0,False,typical,34,True,5.069359031800878,0.55,0.75,2329.0,2416.34988818804,2420.0,2425.069359031801,0,55.0,29,28,1800.0,87.34988818803987,0.0,1.0416666666666667,False,28
245,2058.4098591211114,1.5031122940810884,False,0,False,typical,,True,27.797422306349716,0.55,0.75,2329.0,2405.6107458920915,2414.0,2441.7974223063497,2,55.0,28,27,1800.0,76.61074589209163,0.0,1.0416666666666667,False,27
246,2062.2637233200403,1.307975431495602,True,2,False,typical,,True,17.867727906768827,0.79,0.99,2344.0,2427.519719494433,2442.0,2459.867727906769,2,55.0,29,28,1800.0,83.51971949443298,3600.0,1.2916666666666667,False,28
247,2072.8044943282575,1.4224738992578172,True,1,False,typical,35,True,39.92214023065704,0.6699999999999999,0.8700000000000001,2344.0,2424.135032819721,2426.0,2465.922140230657,0,55.0,29,28,1800.0,80.13503281972099,1800.0,1.2916666666666667,False,28
248,2077.1775235218324,1.4010931035802117,False,0,False,typical,35,True,34.03755620468974,0.55,0.75,2349.0,2429.725064391837,2460.0,2494.0375562046897,2,55.0,29,28,1800.0,80.72506439183702,0.0,0.5208333333333334,False,28
249,2082.77578318888,1.2329793439736352,True,1,False,typical,35,True,6.485619112900165,0.6699999999999999,0.8700000000000001,2359.0,2446.527397738511,2466.0,2472.4856191129,0,55.0,30,29,1800.0,87.52739773851076,1800.0,0.6041666666666667,False,29
250,2092.554313640145,0.8710341990168347,True,1,False,typical,35,True,15.370690199917968,0.6699999999999999,0.8700000000000001,2364.0,2470.063330149471,2475.0,2490.370690199918,1,55.0,30,29,1800.0,106.06333014947097,1800.0,0.6041666666666667,False,29
251,2099.3284054438877,0.9396027182729316,True,1,False,typical,36,True,12.465752618247377,0.6699999999999999,0.8700000000000001,2374.0,2475.4553776978155,2495.0,2507.4657526182473,2,55.0,30,29,1800.0,101.4553776978153,1800.0,0.6041666666666667,False,29
252,2100.815951610504,0.9721768861789758,True,1,False,typical,36,True,118.66360443381895,0.6699999999999999,0.8700000000000001,2379.0,2479.9440666970295,2501.0,2619.663604433819,0,55.0,31,30,1800.0,100.94406669702968,1800.0,1.1250000000000002,False,30
253,2116.975951184061,1.6784771527000348,False,0,False,typical,36,True,27.039205102696158,0.55,0.75,2379.0,2453.237797828839,2473.0,2500.039205102696,0,55.0,29,28,1800.0,74.23779782883895,0.0,1.1250000000000002,False,28
254,2117.631937085969,1.1885978134233006,False,0,False,typical,36,True,29.121165185773418,0.55,0.75,2384.0,2473.1930112565105,2491.0,2520.1211651857734,1,55.0,30,29,1800.0,89.19301125651037,0.0,0.5208333333333334,False,29
255,2119.096832215065,1.1231665765407728,False,0,False,typical,37,True,12.361178021145072,0.55,0.75,2404.0,2497.3386936459538,2508.0,2520.361178021145,2,55.0,31,30,1800.0,93.33869364595395,0.0,0.5208333333333334,False,30
256,2132.2586325505454,1.3860959080699213,False,0,False,typical,37,True,8.060782767641696,0.55,0.75,2414.0,2498.0497939304105,2521.0,2529.0607827676417,1,55.0,31,30,1800.0,84.04979393041071,0.0,0.5208333333333334,False,30
257,2138.66422893329,1.1417821518251414,True,1,False,typical,37,True,19.794809414488352,0.6699999999999999,0.8700000000000001,2424.0,2517.990309819682,2530.0,2549.7948094144886,1,55.0,32,31,1800.0,93.99030981968178,1800.0,0.6041666666666667,False,31
258,2151.1905951049243,1.3115835954640116,False,0,False,typical,,True,10.31633095696587,0.55,0.75,2429.0,2515.3040407963413,2521.0,2531.316330956966,2,55.0,31,30,1800.0,86.30404079634141,0.0,0.5208333333333334,False,30
259,2151.4804824252165,0.8589207433925766,True,1,False,typical,,True,14.533034176792519,0.6699999999999999,0.8700000000000001,2444.0,2553.8538476199333,2554.0,2568.5330341767926,1,55.0,32,31,1800.0,109.8538476199332,1800.0,0.6041666666666667,False,31
260,2156.7479898530996,1.4539624647436495,True,1,False,typical,,True,17.275761310371315,0.6699999999999999,0.8700000000000001,2464.0,2547.647661534369,2548.0,2565.2757613103713,2,55.0,32,31,1800.0,83.64766153436922,1800.0,0.6041666666666667,False,31
261,2158.7752769596805,1.2136055785564572,False,0,False,typical,38,True,12.998645379246339,0.55,0.75,2469.0,2561.589501633653,2569.0,2581.998645379246,1,55.0,33,32,1800.0,92.5895016336532,0.0,0.5208333333333334,False,32
262,2166.9601955973253,1.5574197068388043,False,0,False,typical,38,True,29.022840476814768,0.55,0.75,2474.0,2555.1348221757366,2566.0,2595.022840476815,2,55.0,32,31,1800.0,81.13482217573647,0.0,0.5208333333333334,False,31
263,2167.209217073787,1.2756948661225047,True,1,False,typical,38,True,12.02067800553912,0.6699999999999999,0.8700000000000001,2479.0,2569.3837582039296,2582.0,2594.020678005539,1,55.0,33,32,1800.0,90.3837582039296,1800.0,0.6041666666666667,False,32
264,2186.32882047868,1.2881818461125114,True,2,False,typical,,True,13.489767787224038,0.79,0.99,2494.0,2582.5158353480756,2596.0,2609.489767787224,2,55.0,32,31,1800.0,88.51583534807573,3600.0,0.6875,False,31
265,2195.1028297885086,1.5566167415569685,True,2,False,typical,,True,34.24375270943208,0.79,0.99,2499.0,2580.1530389759187,2595.0,2629.243752709432,1,55.0,32,31,1800.0,81.15303897591875,3600.0,0.6875,False,31
266,2197.6881628333804,1.2553162457159361,True,1,False,typical,39,True,54.443692993207115,0.6699999999999999,0.8700000000000001,2504.0,2595.08366065141,2610.0,2664.443692993207,2,55.0,33,32,1800.0,91.08366065140997,1800.0,0.6041666666666667,False,32
267,2204.513184144095,1.0852941810670862,False,0,False,typical,39,True,36.14505412515837,0.55,0.75,2509.0,2606.9475038136875,2620.0,2656.1450541251584,0,55.0,33,32,1800.0,97.9475038136874,0.0,0.5208333333333334,False,32
268,2215.9992448822495,1.025042485613863,True,1,False,typical,,True,11.324312692609894,0.6699999999999999,0.8700000000000001,2524.0,2626.3763125645105,2643.0,2654.32431269261,1,55.0,34,33,1800.0,102.37631256451031,1800.0,1.2083333333333335,False,33
269,2218.827853028158,1.2475872301020343,True,1,False,typical,,True,12.352137420187354,0.6699999999999999,0.8700000000000001,2524.0,2616.8050937497187,2630.0,2642.3521374201873,1,55.0,34,33,1800.0,92.80509374971865,1800.0,1.2083333333333335,False,33
270,2220.2228429780707,1.2082398828138163,True,1,False,typical,40,True,17.866291297942805,0.6699999999999999,0.8700000000000001,2534.0,2628.2407618804245,2655.0,2672.866291297943,1,55.0,34,33,1800.0,94.24076188042473,1800.0,0.6041666666666667,False,33
271,2223.8995789012793,1.1978473671576795,True,1,False,typical,40,True,21.705694663216608,0.6699999999999999,0.8700000000000001,2549.0,2645.0856997026317,2657.0,2678.7056946632165,0,55.0,35,34,1800.0,96.08569970263167,1800.0,0.6041666666666667,False,34
272,2233.332289843907,1.3034837744023078,True,1,False,typical,,True,36.108917620753715,0.6699999999999999,0.8700000000000001,2554.0,2647.814618053623,2665.0,2701.108917620754,2,55.0,36,35,1800.0,93.8146180536228,1800.0,0.6041666666666667,False,35
273,2235.4136706547392,1.1514310409778241,False,0,False,typical,,True,7.901255388316656,0.55,0.75,2569.0,2668.3866469311897,2679.0,2686.9012553883167,0,55.0,36,35,1800.0,99.38664693118974,0.0,1.1250000000000002,False,35
274,2238.8115160570624,1.4761052216534738,True,1,False,typical,,True,17.399010645047706,0.6699999999999999,0.8700000000000001,2569.0,2657.880216408144,2673.0,2690.399010645048,1,55.0,36,35,1800.0,88.88021640814414,1800.0,1.1250000000000002,False,35
275,2242.144319706893,1.2667389703417125,False,0,False,typical,,True,74.32961886168138,0.55,0.75,2584.0,2679.038574219094,2687.0,2761.3296188616814,0,55.0,36,35,1800.0,95.03857421909372,0.0,0.5208333333333334,False,35
276,2259.695596383161,1.0341603745665962,True,1,False,typical,41,True,12.31568021590771,0.6699999999999999,0.8700000000000001,2599.0,2702.3532405810847,2703.0,2715.315680215908,1,55.0,35,34,1800.0,103.35324058108475,1800.0,1.2083333333333335,False,34
277,2268.6701182837464,0.9153452005489363,True,1,False,typical,41,True,28.83709001657974,0.6699999999999999,0.8700000000000001,2599.0,2707.806620836616,2708.0,2736.8370900165796,2,55.0,34,33,1800.0,108.8066208366158,1800.0,1.2083333333333335,False,33
278,2270.3760025620145,0.987025184854911,True,1,False,typical,41,True,14.543171708570519,0.6699999999999999,0.8700000000000001,2614.0,2718.44299556681,2719.0,2733.5431717085703,1,55.0,34,33,1800.0,104.44299556680998,1800.0,0.6041666666666667,False,33
279,2282.8917943111173,1.1190194221691088,True,1,False,typical,42,True,12.376544634695456,0.6699999999999999,0.8700000000000001,2624.0,2721.870174617513,2734.0,2746.3765446346956,1,55.0,34,33,1800.0,97.87017461751283,1800.0,0.6041666666666667,False,33
280,2284.181923922089,1.3810545923601096,True,1,False,typical,42,True,18.059402263049854,0.6699999999999999,0.8700000000000001,2634.0,2722.544638580007,2737.0,2755.05940226305,2,55.0,34,33,1800.0,88.5446385800068,1800.0,0.6041666666666667,False,33
281,2294.5496570511195,1.3142648201830343,True,1,False,typical,42,True,47.539870849476515,0.6699999999999999,0.8700000000000001,2644.0,2733.1184913811667,2747.0,2794.5398708494763,1,55.0,33,32,1800.0,89.11849138116646,1800.0,0.6041666666666667,False,32
282,2300.184650747446,1.284551721199648,False,0,False,typical,42,True,18.516018472384797,0.55,0.75,2659.0,2750.5364931721356,2756.0,2774.516018472385,2,55.0,34,33,1800.0,91.53649317213579,0.0,1.0416666666666667,False,33
283,2303.2549572864723,1.1152136907931771,False,0,False,typical,,True,5.796438070594546,0.55,0.75,2659.0,2757.0379024379463,2762.0,2767.7964380705944,0,55.0,34,33,1800.0,98.03790243794637,0.0,1.0416666666666667,False,33
284,2309.427489072708,1.1422511433026146,False,0,False,typical,,True,7.188605873780887,0.55,0.75,2669.0,2765.8705318007187,2768.0,2775.188605873781,0,55.0,34,33,1800.0,96.87053180071884,0.0,0.5208333333333334,False,33
285,2314.749427739405,1.1387132441457282,True,1,False,typical,,True,23.15543150863373,0.6699999999999999,0.8700000000000001,2674.0,2772.470131997904,2775.0,2798.1554315086337,2,55.0,35,34,1800.0,98.47013199790386,1800.0,0.6041666666666667,False,34
286,2317.444727743364,1.0811754436505256,True,1,False,typical,,True,13.89399977372139,0.6699999999999999,0.8700000000000001,2679.0,2781.490559744028,2784.0,2797.8939997737216,0,55.0,36,35,1800.0,102.49055974402795,1800.0,0.6041666666666667,False,35
287,2320.400578102994,1.6789576362929635,False,0,False,typical,,True,7.859649278000787,0.55,0.75,2689.0,2774.8284203502817,2776.0,2783.8596492780007,0,55.0,37,36,1800.0,85.82842035028153,0.0,0.5208333333333334,False,36
288,2329.714894455883,1.0239025242126203,True,1,False,typical,,True,9.620480654602272,0.6699999999999999,0.8700000000000001,2704.0,2810.78605079526,2811.0,2820.6204806546025,1,55.0,37,36,1800.0,106.78605079525995,1800.0,0.6041666666666667,False,36
289,2355.7735388502256,1.1242695833330405,True,1,False,typical,,True,18.530479691818368,0.6699999999999999,0.8700000000000001,2709.0,2809.5406510745806,2810.0,2828.5304796918185,0,55.0,36,35,1800.0,100.5406510745808,1800.0,0.6041666666666667,False,35
290,2365.0382389552547,1.0575137514805026,True,1,False,typical,43,True,9.988454158997124,0.6699999999999999,0.8700000000000001,2719.0,2821.1787799548715,2822.0,2831.9884541589972,1,55.0,35,34,1800.0,102.17877995487137,1800.0,0.6041666666666667,False,34
291,2365.582485751767,1.007557691193701,True,1,False,typical,43,True,16.068892817354282,0.6699999999999999,0.8700000000000001,2734.0,2840.2074449480297,2841.0,2857.0688928173545,2,55.0,36,35,1800.0,106.20744494802965,1800.0,0.6041666666666667,False,35
292,2367.0971716813906,1.1438028243448604,False,0,False,typical,,True,7.506849420534461,0.55,0.75,2739.0,2840.155210867968,2841.0,2848.5068494205343,1,55.0,37,36,1800.0,101.15521086796801,0.0,0.5208333333333334,False,36
293,2400.664713298796,1.385999594059977,True,1,False,typical,,True,29.214820936013588,0.6699999999999999,0.8700000000000001,2749.0,2838.852551305004,2839.0,2868.2148209360134,0,55.0,35,34,1800.0,89.85255130500417,1800.0,0.6041666666666667,False,34
294,2406.818198550695,1.744381435165418,False,0,False,typical,,True,15.920651994644127,0.55,0.75,2759.0,2840.6998012758227,2849.0,2864.9206519946442,1,55.0,35,34,1800.0,81.69980127582268,0.0,0.5208333333333334,False,34
295,2408.069131842856,0.9979962532657255,True,1,False,typical,44,True,15.920271174943665,0.6699999999999999,0.8700000000000001,2764.0,2870.7304273388045,2871.0,2886.9202711749435,0,55.0,36,35,1800.0,106.7304273388046,1800.0,0.6041666666666667,False,35
296,2412.900355450477,0.8440075983008312,False,0,True,reduced,44,True,12.082215967353712,0.55,0.75,2769.0,2887.235290111993,2891.0,2903.082215967354,0,55.0,37,36,1800.0,118.23529011199285,0.0,0.5208333333333334,False,36
297,2418.8519438510266,1.3265615206537789,False,0,False,typical,,True,41.88782565591896,0.55,0.75,2779.0,2873.5305724225245,2874.0,2915.887825655919,1,55.0,37,36,1800.0,94.53057242252433,0.0,1.0416666666666667,False,36
298,2447.0815031145144,1.1262767009277508,False,0,False,typical,,True,15.757394683433843,0.55,0.75,2779.0,2876.5534704559677,2877.0,2892.7573946834336,2,55.0,34,33,1800.0,97.55347045596763,0.0,1.0416666666666667,False,33
299,2448.0376022274877,1.169470551881865,True,1,False,typical,,True,3.8648195816554938,0.6699999999999999,0.8700000000000001,2784.0,2881.199828935407,2887.0,2890.8648195816554,0,55.0,35,34,1800.0,97.19982893540688,1800.0,0.6041666666666667,False,34
300,2452.245615713506,1.365177528562789,True,1,False,typical,,True,43.221402427628064,0.6699999999999999,0.8700000000000001,2814.0,2905.907800560197,2906.0,2949.221402427628,0,55.0,36,35,1800.0,91.90780056019679,1800.0,1.1250000000000002,False,35
301,2454.1967113848746,1.3081463399550435,False,0,False,typical,,True,13.592256623507527,0.55,0.75,2814.0,2907.664225726221,2908.0,2921.5922566235076,2,55.0,36,35,1800.0,93.66422572622123,0.0,1.1250000000000002,False,35
302,2454.724992809883,1.2280488336262683,True,2,False,typical,,True,9.874473778297524,0.79,0.99,2824.0,2921.856492600292,2922.0,2931.8744737782977,1,55.0,37,36,1800.0,97.85649260029192,3600.0,0.6875,False,36
303,2456.7307845947194,1.1166193577530172,True,1,False,typical,,True,16.737494796236025,0.6699999999999999,0.8700000000000001,2839.0,2942.775818124698,2943.0,2959.737494796236,2,55.0,38,37,1800.0,103.77581812469826,1800.0,0.6041666666666667,False,37
304,2460.1511860555606,1.4279591989789644,False,0,False,typical,,True,29.01234339933883,0.55,0.75,2844.0,2938.4865066616235,2939.0,2968.012343399339,1,55.0,39,38,1800.0,94.48650666162362,0.0,1.0416666666666667,False,38
305,2461.542090880644,1.7064232746423253,False,0,False,typical,,True,1.9852238058265832,0.55,0.75,2844.0,2932.201159066632,2933.0,2934.9852238058265,1,55.0,39,38,1800.0,88.20115906663207,0.0,1.0416666666666667,False,38
306,2472.9051932182742,0.994182900491264,False,0,False,typical,,True,10.991891127147593,0.55,0.75,2849.0,2958.841812488248,2959.0,2969.9918911271475,0,55.0,38,37,1800.0,109.84181248824777,0.0,0.5208333333333334,False,37
307,2474.3514110492156,1.2851369749007524,False,0,False,typical,,True,14.027252367362363,0.55,0.75,2874.0,2971.3169944637593,2972.0,2986.0272523673625,1,55.0,38,37,1800.0,97.3169944637594,0.0,1.1250000000000002,False,37
308,2474.8095653296305,1.2937124661663242,True,1,False,typical,45,True,34.6380988511072,0.6699999999999999,0.8700000000000001,2874.0,2971.0333106763533,2972.0,3006.6380988511073,0,55.0,38,37,1800.0,97.03331067635318,1800.0,1.1250000000000002,False,37
309,2475.912473015698,1.3560389025028599,True,1,False,typical,45,True,24.129752581897282,0.6699999999999999,0.8700000000000001,2879.0,2975.529308363857,2976.0,3000.1297525818973,2,55.0,39,38,1800.0,96.52930836385721,1800.0,0.6041666666666667,False,38
310,2480.702343450077,1.2293836091176835,False,0,False,typical,45,True,21.791233591411185,0.55,0.75,2889.0,2989.7078666773286,2996.0,3017.791233591411,1,55.0,39,38,1800.0,100.70786667732861,0.0,0.5208333333333334,False,38
311,2490.346554213319,1.6703719559312817,False,0,False,typical,45,True,8.204954560376219,0.55,0.75,2894.0,2984.346798013282,2987.0,2995.2049545603763,1,55.0,40,39,1800.0,90.34679801328195,0.0,0.5208333333333334,False,39
312,2494.513902327845,1.3758474829280793,True,1,False,typical,,True,7.704775111666637,0.6699999999999999,0.8700000000000001,2909.0,3006.3953611373763,3007.0,3014.7047751116665,0,55.0,40,39,1800.0,97.3953611373762,1800.0,1.2083333333333335,False,39
313,2501.296898850591,1.2218821469635774,True,1,False,typical,,True,5.85837210759479,0.6699999999999999,0.8700000000000001,2909.0,3009.9825244375465,3010.0,3015.8583721075947,2,55.0,39,38,1800.0,100.98252443754666,1800.0,1.2083333333333335,False,38
314,2512.3529190445006,1.020422954428534,True,1,False,typical,46,True,31.46145442654859,0.6699999999999999,0.8700000000000001,2924.0,3032.419218712501,3033.0,3064.4614544265487,0,55.0,38,37,1800.0,108.419218712501,1800.0,0.6041666666666667,False,37
315,2538.3670422090445,1.61021892916043,True,2,False,typical,46,True,8.180308234576044,0.79,0.99,2934.0,3021.226846006448,3022.0,3030.180308234576,0,55.0,37,36,1800.0,87.22684600644774,3600.0,0.6875,False,36
316,2542.0442947856404,1.3542207207239236,False,0,False,typical,46,True,56.52098268066876,0.55,0.75,2939.0,3034.133763442195,3035.0,3091.5209826806686,1,55.0,38,37,1800.0,95.1337634421948,0.0,0.5208333333333334,False,37
317,2545.456876403108,1.1161643960218672,True,1,False,typical,,True,28.996973933719847,0.6699999999999999,0.8700000000000001,2944.0,3049.2458953752925,3050.0,3078.99697393372,2,55.0,39,38,1800.0,105.24589537529243,1800.0,0.6041666666666667,False,38
318,2546.1665911719647,0.8813268628435124,False,0,True,reduced,,True,29.227126394969712,0.55,0.75,2959.0,3078.8259044592696,3085.0,3114.2271263949697,0,55.0,40,39,1800.0,119.82590445926957,0.0,0.5208333333333334,False,39
319,2558.823812747322,1.3772407339706323,True,2,False,typical,47,True,14.219576521965461,0.79,0.99,2974.0,3069.9049210660023,3070.0,3084.2195765219653,0,55.0,39,38,1800.0,95.90492106600209,3600.0,1.2083333333333335,False,38
320,2564.1753307967615,1.2592859250301618,False,0,False,typical,47,True,12.114813609645756,0.55,0.75,2974.0,3073.645545725394,3079.0,3091.114813609646,2,55.0,39,38,1800.0,99.64554572539407,0.0,1.2083333333333335,False,38
321,2567.977647891123,1.0644467569068103,True,2,False,typical,,True,21.49287290962988,0.79,0.99,2979.0,3088.090033886735,3092.0,3113.49287290963,1,55.0,40,39,1800.0,109.09003388673494,3600.0,0.6875,False,39
322,2568.1005309998936,1.264274675791412,False,0,False,typical,,True,3.8057419516561035,0.55,0.75,2989.0,3091.3732046857785,3104.0,3107.8057419516563,2,55.0,41,40,1800.0,102.37320468577846,0.0,0.5208333333333334,False,40
323,2572.2545004025815,1.6801389500060842,False,0,False,typical,,True,11.929107245737722,0.55,0.75,2999.0,3090.605387748615,3092.0,3103.9291072457377,2,55.0,41,40,1800.0,91.60538774861497,0.0,0.5208333333333334,False,40
324,2582.9407715574002,1.3047172140377508,True,1,False,typical,,True,10.468430658826415,0.6699999999999999,0.8700000000000001,3009.0,3111.474728555922,3112.0,3122.4684306588265,2,55.0,42,41,1800.0,102.47472855592187,1800.0,0.6041666666666667,False,41
325,2598.461496697173,1.257894552762434,False,0,False,typical,48,True,26.393469562456193,0.55,0.75,3014.0,3118.0438557709117,3119.0,3145.393469562456,0,55.0,42,41,1800.0,104.04385577091159,0.0,0.5208333333333334,False,41
326,2640.8735337963835,1.1427412257882987,True,1,False,typical,48,True,28.70409769534704,0.6699999999999999,0.8700000000000001,3024.0,3128.099881690458,3129.0,3157.704097695347,2,55.0,39,38,1800.0,104.0998816904582,1800.0,0.6041666666666667,False,38
327,2644.414651214092,1.505464205953464,False,0,False,typical,48,True,11.72167318885848,0.55,0.75,3034.0,3126.5035819891955,3127.0,3138.7216731888584,1,55.0,39,38,1800.0,92.50358198919551,0.0,0.5208333333333334,False,38
328,2655.851193159405,1.1894468113267584,False,0,False,typical,,True,21.588260101584098,0.55,0.75,3039.0,3142.659982718227,3143.0,3164.588260101584,1,55.0,40,39,1800.0,103.65998271822741,0.0,0.5208333333333334,False,39
329,2656.743502276084,0.6376237407843137,True,1,True,reduced,,True,35.98325627179221,0.6699999999999999,0.8700000000000001,3054.0,3199.1277668961116,3211.0,3246.983256271792,1,55.0,41,40,1800.0,145.12776689611155,1800.0,0.6041666666666667,False,40
330,2657.3018056099454,1.114246719847702,True,1,False,typical,,True,21.318927964983903,0.6699999999999999,0.8700000000000001,3074.0,3183.68070173715,3184.0,3205.3189279649837,0,55.0,42,41,1800.0,109.68070173714986,1800.0,0.6041666666666667,False,41
331,2675.0559772177535,1.104044683873253,True,1,False,typical,49,True,23.66016523188598,0.6699999999999999,0.8700000000000001,3079.0,3186.236824267517,3187.0,3210.660165231886,1,55.0,40,39,1800.0,107.23682426751682,1800.0,0.6041666666666667,False,39
332,2682.651056434114,1.0216052159979159,True,1,False,typical,49,True,17.352860249264634,0.6699999999999999,0.8700000000000001,3089.0,3200.2568433703377,3228.0,3245.3528602492647,2,55.0,40,39,1800.0,111.25684337033789,1800.0,0.6041666666666667,False,39
333,2696.508290934402,1.4103445995302515,True,2,False,typical,,True,26.30415111525951,0.79,0.99,3094.0,3190.4175613182188,3191.0,3217.3041511152596,2,55.0,40,39,1800.0,96.41756131821899,3600.0,1.2083333333333335,False,39
334,2729.266307426136,1.160569599635839,False,0,False,typical,,True,24.99297098875974,0.55,0.75,3094.0,3194.4605227375055,3206.0,3230.9929709887597,0,55.0,37,36,1800.0,100.4605227375056,0.0,1.2083333333333335,False,36
335,2730.0443658063286,1.3221887242600607,True,1,False,typical,,True,9.51132446738552,0.6699999999999999,0.8700000000000001,3104.0,3200.1176925160817,3218.0,3227.5113244673857,2,55.0,38,37,1800.0,96.11769251608145,1800.0,0.6041666666666667,False,37
336,2731.865650100456,1.084093392432789,True,1,False,typical,,True,28.044896157608147,0.6699999999999999,0.8700000000000001,3114.0,3220.70363640431,3231.0,3259.044896157608,0,55.0,39,38,1800.0,106.70363640430995,1800.0,0.6041666666666667,False,38
337,2732.3855895943843,1.191169947824024,False,0,False,typical,,True,22.482580233325194,0.55,0.75,3119.0,3222.593092345447,3246.0,3268.4825802333253,2,55.0,40,39,1800.0,103.59309234544705,0.0,0.5208333333333334,False,39
338,2744.525165577419,1.0380552571559534,False,0,False,typical,,True,15.620326843366563,0.55,0.75,3129.0,3237.953691976753,3260.0,3275.6203268433665,0,55.0,39,38,1800.0,108.95369197675285,0.0,1.1250000000000002,False,38
339,2759.814940002996,1.1634656941068076,True,1,False,typical,,True,20.613432508688767,0.6699999999999999,0.8700000000000001,3129.0,3229.3425584248735,3247.0,3267.6134325086887,1,55.0,37,36,1800.0,100.34255842487343,1800.0,1.1250000000000002,False,36
340,2763.965397775926,1.202289650267853,False,0,False,typical,50,True,14.60132220944246,0.55,0.75,3144.0,3244.266047957534,3268.0,3282.6013222094425,1,55.0,38,37,1800.0,100.26604795753401,0.0,0.5208333333333334,False,37
341,2766.215323220406,1.0600121929392172,True,1,False,typical,50,True,93.08538328249738,0.6699999999999999,0.8700000000000001,3184.0,3290.406195617708,3291.0,3384.0853832824973,1,55.0,38,37,1800.0,106.40619561770812,1800.0,0.6041666666666667,False,37
342,2769.924206927361,1.3930345740069094,False,0,False,typical,50,True,28.76173035144451,0.55,0.75,3189.0,3283.002149995602,3284.0,3312.7617303514444,0,55.0,38,37,1800.0,94.00214999560175,0.0,0.5208333333333334,False,37
343,2770.902263069623,1.0220620800221598,True,2,False,typical,,True,12.90174475014751,0.79,0.99,3194.0,3303.782778181544,3313.0,3325.9017447501474,0,55.0,39,38,1800.0,109.78277818154405,3600.0,0.6875,False,38
344,2775.404341755553,1.7317530451552876,False,0,False,typical,,True,38.44424899635818,0.55,0.75,3209.0,3298.1797247216437,3299.0,3337.444248996358,2,55.0,40,39,1800.0,89.17972472164362,0.0,0.5208333333333334,False,39
345,2779.296766607788,1.1255530252694959,True,1,False,typical,,True,19.516254179555297,0.6699999999999999,0.8700000000000001,3214.0,3320.2848679939634,3326.0,3345.5162541795553,0,55.0,40,39,1800.0,106.28486799396333,1800.0,0.6041666666666667,False,39
346,2787.839238943735,1.200772775566435,False,0,False,typical,,True,13.525115280156557,0.55,0.75,3219.0,3322.2238365951916,3338.0,3351.5251152801566,2,55.0,40,39,1800.0,103.22383659519187,0.0,0.5208333333333334,False,39
347,2798.2582840314826,1.5142152785655738,False,0,False,typical,,True,42.23718441122055,0.55,0.75,3229.0,3324.192444224775,3346.0,3388.2371844112204,0,55.0,41,40,1800.0,95.19244422477487,0.0,0.5208333333333334,False,40
348,2807.00363718612,1.1856267445542275,True,1,False,typical,51,True,10.391384481881044,0.6699999999999999,0.8700000000000001,3234.0,3340.7089670611967,3352.0,3362.3913844818812,2,55.0,42,41,1800.0,106.70896706119676,1800.0,0.6041666666666667,False,41
349,2817.314647998019,0.8937255508430013,True,1,False,typical,51,True,34.236913830367975,0.6699999999999999,0.8700000000000001,3249.0,3370.860145012215,3397.0,3431.236913830368,2,55.0,42,41,1800.0,121.86014501221496,1800.0,1.1250000000000002,False,41
350,2824.892546534579,1.0273441932121106,False,0,False,typical,,True,33.22451960482325,0.55,0.75,3249.0,3361.4060985766964,3363.0,3396.2245196048234,2,55.0,41,40,1800.0,112.40609857669622,0.0,1.1250000000000002,False,40
351,2831.0387590413684,1.1992980771793826,True,1,False,typical,,True,69.54215058789319,0.6699999999999999,0.8700000000000001,3264.0,3370.1801585765515,3389.0,3458.542150587893,0,55.0,42,41,1800.0,106.18015857655168,1800.0,0.6041666666666667,False,41
352,2841.6367303308193,1.5115790909726552,True,1,False,typical,,True,15.175551130364916,0.6699999999999999,0.8700000000000001,3269.0,3365.7057904151143,3385.0,3400.175551130365,1,55.0,42,41,1800.0,96.70579041511428,1800.0,0.6041666666666667,False,41
353,2845.0330810873916,1.6606750506079262,True,1,False,typical,,True,32.12851476933036,0.6699999999999999,0.8700000000000001,3284.0,3377.439062022318,3401.0,3433.12851476933,1,55.0,42,41,1800.0,93.43906202231801,1800.0,0.6041666666666667,False,41
354,2859.048616082514,1.1501262672507877,False,0,False,typical,,True,37.81676978871399,0.55,0.75,3294.0,3402.140836343013,3432.0,3469.816769788714,2,55.0,42,41,1800.0,108.1408363430127,0.0,0.5208333333333334,False,41
355,2868.2493630849467,0.9791971317652713,True,2,False,typical,,True,10.907069514624988,0.79,0.99,3299.0,3416.9384651800883,3434.0,3444.907069514625,1,55.0,43,42,1800.0,117.93846518008831,3600.0,0.6875,False,42
356,2869.0143417644,0.8817186973130262,False,0,True,reduced,,True,33.89635281222509,0.55,0.75,3314.0,3439.598171368724,3459.0,3492.896352812225,0,55.0,44,43,1800.0,125.59817136872397,0.0,0.5208333333333334,False,43
357,2909.8808166296285,1.6139450774274076,False,0,False,typical,,True,29.178863511021472,0.55,0.75,3329.0,3420.49798739203,3445.0,3474.1788635110215,1,55.0,40,39,1800.0,91.49798739202996,0.0,0.5208333333333334,False,39
358,2921.2218616775613,1.182500727963034,False,0,False,typical,52,True,24.00642871607626,0.55,0.75,3339.0,3444.3815992738055,3470.0,3494.0064287160762,2,55.0,41,40,1800.0,105.38159927380558,0.0,0.5208333333333334,False,40
359,2936.6684992603564,1.3004138511038037,False,0,False,typical,52,True,11.798542767713958,0.55,0.75,3349.0,3448.714228066946,3475.0,3486.798542767714,1,55.0,40,39,1800.0,99.71422806694613,0.0,0.5208333333333334,False,39
360,2944.3609756030096,1.174458422908826,False,0,False,typical,52,True,18.17952868279361,0.55,0.75,3354.0,3456.8000954100867,3487.0,3505.1795286827937,1,55.0,39,38,1800.0,102.80009541008647,0.0,0.5208333333333334,False,38
361,2951.470843294582,0.6855336360656293,True,1,True,reduced,,True,35.925548450112466,0.6699999999999999,0.8700000000000001,3364.0,3501.6494695788415,3504.0,3539.9255484501123,2,55.0,40,39,1800.0,137.6494695788415,1800.0,0.6041666666666667,False,39
362,2958.293867895164,1.2418538167244582,True,1,False,typical,,True,14.071410173463377,0.6699999999999999,0.8700000000000001,3389.0,3492.158626615546,3493.0,3507.0714101734634,0,55.0,41,40,1800.0,103.15862661554583,1800.0,1.1250000000000002,False,40
363,2971.991845957159,0.9726246213688208,False,0,False,typical,,True,11.340633854959064,0.55,0.75,3389.0,3502.9680235556816,3506.0,3517.340633854959,1,55.0,40,39,1800.0,113.96802355568161,0.0,1.1250000000000002,False,39
364,2980.8907175894747,1.4425410013936744,False,0,False,typical,,True,8.027970694020109,0.55,0.75,3399.0,3493.0971658461444,3495.0,3503.02797069402,2,55.0,39,38,1800.0,94.09716584614449,0.0,0.5208333333333334,False,38
365,2982.552441205388,1.2084627467291813,True,1,False,typical,,True,31.80682781226738,0.6699999999999999,0.8700000000000001,3404.0,3506.932366971065,3508.0,3539.8068278122673,0,55.0,40,39,1800.0,102.93236697106525,1800.0,0.6041666666666667,False,39
366,2992.886696071641,1.4756079303202319,True,1,False,typical,53,True,5.484781872959935,0.6699999999999999,0.8700000000000001,3434.0,3528.692773390466,3529.0,3534.48478187296,1,55.0,40,39,1800.0,94.69277339046562,1800.0,1.2083333333333335,False,39
367,2995.249745330453,1.10148983276134,True,1,False,typical,53,True,37.09500786734522,0.6699999999999999,0.8700000000000001,3434.0,3541.352371924051,3542.0,3579.0950078673454,0,55.0,40,39,1800.0,107.35237192405103,1800.0,1.2083333333333335,False,39
368,2998.2648594070893,1.2066246498432085,False,0,False,typical,53,True,40.9803106651175,0.55,0.75,3449.0,3553.45169767802,3554.0,3594.9803106651175,1,55.0,41,40,1800.0,104.45169767802011,0.0,0.5208333333333334,False,40
369,3003.18913663721,1.2077181130472274,True,1,False,typical,53,True,5.297053108537735,0.6699999999999999,0.8700000000000001,3459.0,3563.4104281891805,3564.0,3569.2970531085375,2,55.0,41,40,1800.0,104.41042818918065,1800.0,0.6041666666666667,False,40
370,3007.2376582271686,0.9051591311561252,True,1,False,typical,,True,4.250869089944876,0.6699999999999999,0.8700000000000001,3474.0,3595.082796404374,3596.0,3600.250869089945,1,55.0,42,41,1800.0,121.08279640437433,1800.0,0.6041666666666667,False,41
371,3018.215724814481,0.6952950184442493,True,1,False,typical,,True,17.043511498810208,0.6699999999999999,0.8700000000000001,3479.0,3616.9731124069676,3617.0,3634.0435114988104,2,55.0,41,40,1800.0,137.9731124069675,1800.0,0.6041666666666667,False,40
372,3039.480047353487,1.2756794476591746,True,1,False,typical,,True,24.226619307090466,0.6699999999999999,0.8700000000000001,3489.0,3588.0842792971407,3589.0,3613.2266193070905,2,55.0,39,38,1800.0,99.08427929714082,1800.0,0.6041666666666667,False,38
373,3041.9267537326505,1.6212552733059515,False,0,False,typical,54,True,16.46705053148048,0.55,0.75,3494.0,3585.344330674865,3586.0,3602.4670505314807,0,55.0,40,39,1800.0,91.34433067486518,0.0,0.5208333333333334,False,39
374,3044.1469012428265,1.1175020676662584,True,1,False,typical,54,True,39.5976922419349,0.6699999999999999,0.8700000000000001,3499.0,3607.086911173023,3608.0,3647.597692241935,0,55.0,41,40,1800.0,108.08691117302321,1800.0,0.6041666666666667,False,40
375,3049.42948449272,1.6892584885986799,False,0,False,typical,,True,23.57941393110939,0.55,0.75,3504.0,3596.878664272645,3601.0,3624.5794139311092,1,55.0,42,41,1800.0,92.87866427264493,0.0,0.5208333333333334,False,41
376,3058.2073869535893,1.0583354110676364,False,0,False,typical,,True,10.255671867930237,0.55,0.75,3509.0,3621.2884019119388,3635.0,3645.2556718679302,2,55.0,42,41,1800.0,112.2884019119389,0.0,1.1250000000000002,False,41
377,3091.426354122741,1.0016335958733573,True,1,False,typical,,True,10.127878639853485,0.6699999999999999,0.8700000000000001,3509.0,3619.8802987625368,3625.0,3635.1278786398534,1,55.0,39,38,1800.0,110.88029876253671,1800.0,1.1250000000000002,False,38
378,3104.359863117137,1.2932953918460812,True,1,False,typical,55,True,22.96212008306106,0.6699999999999999,0.8700000000000001,3529.0,3626.0470207771264,3636.0,3658.962120083061,1,55.0,38,37,1800.0,97.04702077712629,1800.0,0.6041666666666667,False,37
379,3104.4658471272464,0.9892863013311163,True,1,False,typical,55,True,11.574327559680315,0.6699999999999999,0.8700000000000001,3544.0,3655.565634879403,3656.0,3667.57432755968,2,55.0,39,38,1800.0,111.5656348794032,1800.0,0.6041666666666667,False,38
380,3105.7759807218845,1.4901527381051831,False,0,False,typical,56,True,12.940024248821722,0.55,0.75,3554.0,3648.3289681839833,3649.0,3661.940024248822,0,55.0,40,39,1800.0,94.32896818398342,0.0,0.5208333333333334,False,39
381,3117.9640594685166,0.8964588150750742,True,1,False,typical,56,True,13.597343111698102,0.6699999999999999,0.8700000000000001,3564.0,3682.772511766415,3683.0,3696.597343111698,1,55.0,40,39,1800.0,118.77251176641508,1800.0,0.6041666666666667,False,39
382,3126.4250487728596,1.4754700781516603,False,0,False,typical,,True,14.69032913344599,0.55,0.75,3589.0,3683.696255760401,3684.0,3698.690329133446,2,55.0,40,39,1800.0,94.6962557604009,0.0,1.0416666666666667,False,39
383,3127.3932273175888,1.5966244025776517,False,0,False,typical,,True,20.632313100073375,0.55,0.75,3589.0,3680.8676759287946,3681.0,3701.6323131000736,0,55.0,40,39,1800.0,91.86767592879445,0.0,1.0416666666666667,False,39
384,3144.504099692231,1.728990224161812,True,1,False,typical,,True,12.151962066292661,0.6699999999999999,0.8700000000000001,3599.0,3686.7804748259423,3697.0,3709.1519620662925,1,55.0,39,38,1800.0,87.78047482594249,1800.0,0.6041666666666667,False,38
385,3157.400137610923,1.092783436618928,False,0,False,typical,,True,9.076903745113853,0.55,0.75,3604.0,3711.7501918357857,3712.0,3721.0769037451137,0,55.0,40,39,1800.0,107.75019183578587,0.0,0.5208333333333334,False,39
386,3159.896236433107,1.882229545010157,False,0,False,typical,,True,59.70774856496098,0.55,0.75,3609.0,3697.090665537743,3699.0,3758.707748564961,2,55.0,41,40,1800.0,88.09066553774302,0.0,0.5208333333333334,False,40
387,3164.2861779420145,1.0166676793536773,True,1,False,typical,,True,32.88461039429241,0.6699999999999999,0.8700000000000001,3619.0,3733.4183067691943,3734.0,3766.8846103942924,1,55.0,42,41,1800.0,114.4183067691942,1800.0,0.6041666666666667,False,41
388,3166.0228257445256,1.3164954203092742,False,0,False,typical,,True,74.89594972690566,0.55,0.75,3629.0,3732.5475855134227,3733.0,3807.8959497269057,0,55.0,43,42,1800.0,103.54758551342265,0.0,0.5208333333333334,False,42
389,3171.070435413007,1.0524044366553906,True,1,False,typical,,True,9.168396219844473,0.6699999999999999,0.8700000000000001,3639.0,3754.4812772089726,3767.0,3776.1683962198445,1,55.0,44,43,1800.0,115.48127720897259,1800.0,1.2083333333333335,False,43
390,3174.9300434390757,1.4780005096453188,True,1,False,typical,,True,24.10036194807001,0.6699999999999999,0.8700000000000001,3639.0,3739.4324364241243,3759.0,3783.10036194807,2,55.0,44,43,1800.0,100.43243642412448,1800.0,1.2083333333333335,False,43
391,3183.5094812215066,1.1749669681858395,False,0,False,typical,,True,7.068291887743329,0.55,0.75,3649.0,3760.479826564674,3777.0,3784.0682918877433,1,55.0,45,44,1800.0,111.47982656467401,0.0,0.5208333333333334,False,44
392,3202.1361579187983,0.9841892120886984,True,1,False,typical,57,True,18.26678470630039,0.6699999999999999,0.8700000000000001,3659.0,3776.6535631649285,3784.0,3802.2667847063003,2,55.0,43,42,1800.0,117.65356316492851,1800.0,0.6041666666666667,False,42
393,3210.4478110112145,1.1238290434165792,True,1,False,typical,57,True,28.39453682105661,0.6699999999999999,0.8700000000000001,3684.0,3794.7098279232873,3795.0,3823.3945368210566,1,55.0,43,42,1800.0,110.70982792328734,1800.0,1.8125000000000002,False,42
394,3212.326816758802,0.8225007038707591,True,1,True,reduced,57,True,20.74046571659724,0.6699999999999999,0.8700000000000001,3684.0,3812.639243687167,3818.0,3838.740465716597,2,55.0,43,42,1800.0,128.63924368716678,1800.0,1.8125000000000002,False,42
395,3213.5121722556764,1.0781972679355127,True,1,False,typical,57,True,12.526283716535923,0.6699999999999999,0.8700000000000001,3684.0,3796.781073423801,3808.0,3820.526283716536,0,55.0,43,42,1800.0,112.78107342380092,1800.0,1.8125000000000002,False,42
396,3216.9768277332773,1.0093607829628937,True,1,False,typical,,True,12.7400223834022,0.6699999999999999,0.8700000000000001,3699.0,3815.259931576846,3821.0,3833.740022383402,0,55.0,43,42,1800.0,116.25993157684621,1800.0,1.2916666666666667,False,42
397,3243.2868342774796,1.420144884411248,True,2,False,typical,,True,14.853885729028018,0.79,0.99,3699.0,3795.1484428537738,3803.0,3817.853885729028,2,55.0,40,39,1800.0,96.14844285377364,3600.0,1.2916666666666667,False,39
398,3245.0160329316277,1.100334142259217,True,1,False,typical,,True,24.014427923811624,0.6699999999999999,0.8700000000000001,3714.0,3822.8548163277687,3824.0,3848.0144279238116,1,55.0,41,40,1800.0,108.85481632776882,1800.0,0.6041666666666667,False,40
399,3248.0923466501704,1.5274628579880765,False,0,False,typical,,True,10.838853493557892,0.55,0.75,3734.0,3830.327422185338,3834.0,3844.838853493558,0,55.0,42,41,1800.0,96.32742218533824,0.0,1.1250000000000002,False,41
400,3261.8261461057537,1.0457694736056977,True,1,False,typical,58,True,7.7915069411550055,0.6699999999999999,0.8700000000000001,3734.0,3845.4628528114004,3846.0,3853.791506941155,0,55.0,41,40,1800.0,111.46285281140028,1800.0,1.1250000000000002,False,40
401,3273.972180320093,1.1470123908046754,True,1,False,typical,58,True,15.493537661662836,0.6699999999999999,0.8700000000000001,3759.0,3864.3706589823455,3865.0,3880.4935376616627,1,55.0,40,39,1800.0,105.37065898234567,1800.0,0.6041666666666667,False,39
402,3289.906262046215,1.488491769903469,True,1,False,typical,58,True,10.91114610033286,0.6699999999999999,0.8700000000000001,3769.0,3863.370153915575,3864.0,3874.9111461003326,0,55.0,40,39,1800.0,94.37015391557512,1800.0,0.6041666666666667,False,39
403,3294.584647668714,0.9512549874288035,True,2,False,typical,58,True,127.71411834224489,0.79,0.99,3779.0,3894.238356515178,3895.0,4022.714118342245,1,55.0,40,39,1800.0,115.23835651517828,3600.0,0.6875,False,39
404,3297.836757493984,1.1053176758847882,True,1,False,typical,59,True,12.070726331157559,0.6699999999999999,0.8700000000000001,3784.0,3892.6294503371832,3893.0,3905.0707263311574,0,55.0,41,40,1800.0,108.62945033718331,1800.0,0.6041666666666667,False,40
405,3301.1874993496363,1.0357158736653804,True,2,False,typical,59,True,11.21696426523965,0.79,0.99,3799.0,3910.9733668580902,3911.0,3922.2169642652398,2,55.0,41,40,1800.0,111.9733668580901,3600.0,0.6875,False,40
406,3349.0458387091753,0.9622448020762215,True,1,False,typical,59,True,24.295539464173896,0.6699999999999999,0.8700000000000001,3804.0,3915.6780120581866,3923.0,3947.295539464174,0,55.0,38,37,1800.0,111.67801205818655,1800.0,0.6041666666666667,False,37
407,3368.0297783008964,0.9801088625527873,False,0,False,typical,59,True,32.19555666344122,0.55,0.75,3809.0,3918.186215352596,3923.0,3955.195556663441,2,55.0,37,36,1800.0,109.18621535259587,0.0,0.5208333333333334,False,36
408,3390.9506671248428,1.4150922131185841,True,2,False,typical,,True,11.1310924762566,0.79,0.99,3819.0,3910.9367250728424,3911.0,3922.1310924762565,0,55.0,37,36,1800.0,91.93672507284231,3600.0,0.6875,False,36
409,3393.4611046474834,0.961820186926672,False,0,False,typical,,True,44.77206054344458,0.55,0.75,3824.0,3935.703245629043,3956.0,4000.7720605434447,2,55.0,38,37,1800.0,111.70324562904305,0.0,1.1250000000000002,False,37
410,3412.1112634722854,0.9508208274328402,True,1,False,typical,,True,15.136934464088966,0.6699999999999999,0.8700000000000001,3824.0,3933.4647573014327,3948.0,3963.136934464089,0,55.0,36,35,1800.0,109.46475730143263,1800.0,1.1250000000000002,False,35
411,3414.995457703687,0.8656230975501162,True,1,False,typical,,True,18.316824129282242,0.6699999999999999,0.8700000000000001,3834.0,3950.608045779579,3977.0,3995.3168241292824,0,55.0,37,36,1800.0,116.60804577957869,1800.0,0.6041666666666667,False,36
412,3415.121240045679,1.6067546105358055,False,0,False,typical,,True,12.7857918940908,0.55,0.75,3849.0,3937.750491476019,3964.0,3976.785791894091,0,55.0,38,37,1800.0,88.75049147601892,0.0,0.5208333333333334,False,37
413,3428.01391076674,1.0576482012791173,True,1,False,typical,,True,12.394312715765956,0.6699999999999999,0.8700000000000001,3864.0,3971.972168522088,4001.0,4013.394312715766,2,55.0,39,38,1800.0,107.97216852208808,1800.0,0.6041666666666667,False,38
414,3460.145338973831,1.2785272212519687,True,1,False,typical,60,True,11.400077493248356,0.6699999999999999,0.8700000000000001,3869.0,3965.088247156398,3996.0,4007.4000774932483,0,55.0,37,36,1800.0,96.08824715639804,1800.0,0.6041666666666667,False,36
415,3466.9895595341886,1.1938240232584527,True,1,False,typical,60,True,17.500131953953932,0.6699999999999999,0.8700000000000001,3894.0,3994.590441646736,4008.0,4025.5001319539538,0,55.0,38,37,1800.0,100.59044164673587,1800.0,0.6041666666666667,False,37
416,3467.344629168181,1.1688673831494614,True,1,False,typical,60,True,34.716044238197675,0.6699999999999999,0.8700000000000001,3899.0,4002.0240976614514,4023.0,4057.716044238198,1,55.0,39,38,1800.0,103.02409766145149,1800.0,0.6041666666666667,False,38
417,3471.803618444282,1.3203161795954428,False,0,False,typical,61,True,33.80849554086681,0.55,0.75,3914.0,4013.0766886401807,4026.0,4059.8084955408667,0,55.0,40,39,1800.0,99.07668864018049,0.0,1.1250000000000002,False,39
418,3481.053953446349,1.7749462404595824,True,1,False,typical,61,True,10.975050807776674,0.6699999999999999,0.8700000000000001,3914.0,3999.5068539938197,4014.0,4024.975050807777,2,55.0,38,37,1800.0,85.50685399381955,1800.0,1.1250000000000002,False,37
419,3495.8512375652954,1.7014973986779198,False,0,False,typical,,True,11.484445534857949,0.55,0.75,3924.0,4009.394469048695,4025.0,4036.484445534858,2,55.0,37,36,1800.0,85.3944690486953,0.0,1.1250000000000002,False,36
420,3500.37188653358,1.1464275913735487,True,1,False,typical,,True,34.70414791797883,0.6699999999999999,0.8700000000000001,3924.0,4023.595118894429,4037.0,4071.704147917979,2,55.0,36,35,1800.0,99.59511889442912,1800.0,1.1250000000000002,False,35
421,3506.43735618067,1.0556575701090425,False,0,False,typical,,True,30.923390164262422,0.55,0.75,3949.0,4052.7202279122753,4058.0,4088.9233901642624,1,55.0,36,35,1800.0,103.72022791227543,0.0,0.5208333333333334,False,35
422,3520.7452530090445,1.114941772563857,True,2,False,typical,,True,15.198210131024421,0.79,0.99,3959.0,4059.9499303635607,4072.0,4087.1982101310246,2,55.0,36,35,1800.0,100.9499303635607,3600.0,0.6875,False,35
423,3548.249003568522,1.0615107693567858,False,0,False,typical,,True,18.341993963337092,0.55,0.75,3964.0,4065.982945838813,4074.0,4092.3419939633372,0,55.0,35,34,1800.0,101.98294583881312,0.0,0.5208333333333334,False,34
424,3614.3431521046195,1.4640439986809537,False,0,False,typical,,True,13.492593090531912,0.55,0.75,3979.0,4059.487176976616,4060.0,4073.492593090532,0,55.0,30,29,1800.0,80.48717697661604,0.0,0.5208333333333334,False,29
425,3617.579692781854,1.3875503245414873,False,0,False,typical,,True,12.100784869305507,0.55,0.75,3999.0,4083.00820196444,4088.0,4100.100784869305,2,55.0,31,30,1800.0,84.00820196444019,0.0,0.5208333333333334,False,30
426,3629.242711744056,1.3286410183279707,True,2,False,typical,,True,18.5712406080238,0.79,0.99,4004.0,4088.3156811819754,4093.0,4111.571240608024,0,55.0,30,29,1800.0,84.31568118197555,3600.0,0.6875,False,29
427,3641.501155693722,1.5161756029819646,False,0,False,typical,,True,3.2580255214439204,0.55,0.75,4009.0,4088.1954814757787,4089.0,4092.258025521444,1,55.0,30,29,1800.0,79.19548147577879,0.0,0.5208333333333334,False,29
428,3645.5745787464916,0.9122578006197904,True,2,False,typical,,True,17.951649788748284,0.79,0.99,4014.0,4118.6599750077585,4119.0,4136.951649788748,2,55.0,31,30,1800.0,104.65997500775862,3600.0,0.6875,False,30
429,3662.9480332921166,1.2269629518385279,False,0,False,typical,,True,27.18433776560417,0.55,0.75,4024.0,4111.746129360781,4112.0,4139.184337765604,0,55.0,30,29,1800.0,87.74612936078137,0.0,0.5208333333333334,False,29
430,3663.2623711350293,1.3284195253053535,True,1,False,typical,,True,25.500829686959243,0.6699999999999999,0.8700000000000001,4029.0,4114.7725832595,4115.0,4140.500829686959,1,55.0,31,30,1800.0,85.77258325949973,1800.0,1.1250000000000002,False,30
431,3675.4274884322967,1.1439330619538102,False,0,False,typical,,True,36.05471743475305,0.55,0.75,4029.0,4121.449736331828,4137.0,4173.054717434753,2,55.0,31,30,1800.0,92.44973633182812,0.0,1.1250000000000002,False,30
432,3699.1751172195213,1.1758971728431828,True,2,False,typical,,True,25.358971030038976,0.79,0.99,4039.0,4128.692797205572,4140.0,4165.358971030039,0,55.0,30,29,1800.0,89.6927972055723,3600.0,0.6875,False,29
433,3716.0714363674765,0.912931137970183,False,0,False,typical,62,True,16.17399447291331,0.55,0.75,4059.0,4162.16550780718,4163.0,4179.173994472913,1,55.0,30,29,1800.0,103.16550780717958,0.0,0.5208333333333334,False,29
434,3716.2660794040507,0.953729721414904,False,0,False,typical,62,True,13.993194899166658,0.55,0.75,4064.0,4166.038329679823,4167.0,4180.993194899167,0,55.0,31,30,1800.0,102.03832967982254,0.0,0.5208333333333334,False,30
435,3717.0976871733524,1.1380307710713375,True,1,False,typical,62,True,10.522009638674755,0.6699999999999999,0.8700000000000001,4074.0,4168.149097418186,4174.0,4184.522009638675,2,55.0,32,31,1800.0,94.149097418186,1800.0,1.2083333333333335,False,31
436,3722.73050253409,0.8422518347601958,True,1,False,typical,62,True,59.44978535368771,0.6699999999999999,0.8700000000000001,4074.0,4185.121134090921,4197.0,4256.449785353688,1,55.0,32,31,1800.0,111.12113409092126,1800.0,1.2083333333333335,False,31
437,3725.6648067779292,1.1593908365419379,True,1,False,typical,63,True,23.038463229893058,0.6699999999999999,0.8700000000000001,4089.0,4183.708705108319,4185.0,4208.038463229893,2,55.0,33,32,1800.0,94.70870510831878,1800.0,1.2083333333333335,False,32
438,3727.1157500704417,1.19010424902624,True,1,False,typical,63,True,13.681405102229936,0.6699999999999999,0.8700000000000001,4089.0,4182.48443881492,4183.0,4196.68140510223,1,55.0,33,32,1800.0,93.48443881492044,1800.0,1.2083333333333335,False,32
439,3750.3071934619034,1.3371879231793007,False,0,False,typical,63,True,23.66112975871938,0.55,0.75,4094.0,4182.401092381714,4183.0,4206.66112975872,0,55.0,33,32,1800.0,88.40109238171394,0.0,0.5208333333333334,False,32
440,3751.4896071994276,1.3077121668450995,False,0,False,typical,64,True,11.535198230076514,0.55,0.75,4114.0,4204.778184816533,4207.0,4218.535198230076,0,55.0,34,33,1800.0,90.77818481653297,0.0,0.5208333333333334,False,33
441,3754.8854856600187,1.3322257209457393,True,1,False,typical,64,True,15.084105190042095,0.6699999999999999,0.8700000000000001,4119.0,4210.454295247622,4219.0,4234.0841051900425,0,55.0,35,34,1800.0,91.45429524762201,1800.0,1.1250000000000002,False,34
442,3765.7313726641114,1.453221551883408,False,0,False,typical,,True,19.87584759955269,0.55,0.75,4119.0,4205.566947651388,4209.0,4228.875847599553,2,55.0,34,33,1800.0,86.56694765138788,0.0,1.1250000000000002,False,33
443,3771.8358104100785,1.6149339475483144,False,0,False,typical,65,True,11.653786635735745,0.55,0.75,4139.0,4221.7771204682995,4229.0,4240.653786635736,2,55.0,34,33,1800.0,82.77712046829986,0.0,0.5208333333333334,False,33
444,3780.9420843417975,1.0854744361507767,False,0,False,typical,65,True,20.345200652987156,0.55,0.75,4144.0,4243.389088251434,4244.0,4264.345200652987,0,55.0,34,33,1800.0,99.38908825143467,0.0,0.5208333333333334,False,33
445,3780.9809651601045,0.9103434242748957,True,1,False,typical,,True,13.42618569618354,0.6699999999999999,0.8700000000000001,4164.0,4274.586759800081,4275.0,4288.426185696184,1,55.0,35,34,1800.0,110.58675980008144,1800.0,0.6041666666666667,False,34
446,3787.6791238802607,1.2000285456871556,True,1,False,typical,,True,20.71418210079127,0.6699999999999999,0.8700000000000001,4169.0,4265.002243072607,4266.0,4286.714182100791,0,55.0,35,34,1800.0,96.00224307260635,1800.0,0.6041666666666667,False,34
447,3810.6172886026466,1.7141615521025981,False,0,False,typical,,True,3.6236942579141354,0.55,0.75,4174.0,4253.355657231395,4254.0,4257.623694257914,2,55.0,33,32,1800.0,79.355657231395,0.0,0.5208333333333334,False,32
448,3817.0423412554615,1.303732353575311,False,0,False,typical,66,True,18.180609869505652,0.55,0.75,4184.0,4274.90657291826,4275.0,4293.180609869506,2,55.0,34,33,1800.0,90.90657291826032,0.0,1.1250000000000002,False,33
449,3821.551594530217,1.0752425317750591,True,1,False,typical,66,True,7.863849581622951,0.6699999999999999,0.8700000000000001,4184.0,4282.421250415293,4289.0,4296.863849581623,1,55.0,33,32,1800.0,98.42125041529329,1800.0,1.1250000000000002,False,32
450,3829.9547336812766,1.3221692980456587,True,1,False,typical,66,True,12.308134023573638,0.6699999999999999,0.8700000000000001,4189.0,4277.868303697792,4287.0,4299.308134023574,0,55.0,33,32,1800.0,88.86830369779217,1800.0,0.6041666666666667,False,32
451,3832.829108455493,1.2887579545955508,True,1,False,typical,66,True,21.52593997299908,0.6699999999999999,0.8700000000000001,4199.0,4290.396749193964,4294.0,4315.525939972999,2,55.0,34,33,1800.0,91.39674919396371,1800.0,0.6041666666666667,False,33
452,3834.3720511314377,1.5231625838306033,True,2,False,typical,,True,12.498606023978141,0.79,0.99,4209.0,4293.829080267506,4297.0,4309.498606023978,1,55.0,34,33,1800.0,84.82908026750529,3600.0,1.2083333333333335,False,33
453,3842.1899291693,1.1261309505364148,False,0,False,typical,,False,91.24020792313462,0.55,0.75,4209.0,4318.559790766608,4319.0,4410.240207923134,1,55.0,34,33,1800.0,97.5597907666081,0.0,1.2083333333333335,True,33
454,3848.636094972332,1.1381331067748341,True,1,False,typical,,True,16.27844236987888,0.6699999999999999,0.8700000000000001,4219.0,4317.494751887638,4318.0,4334.278442369879,0,55.0,35,34,1800.0,98.49475188763759,1800.0,0.6041666666666667,False,34
455,3850.4409390814853,1.033051757238687,True,1,False,typical,,True,18.769181320832995,0.6699999999999999,0.8700000000000001,4229.0,4332.410314064237,4335.0,4353.769181320833,0,55.0,35,34,1800.0,103.41031406423737,1800.0,0.6041666666666667,False,34
456,3853.4257664978654,1.6015261698886158,False,0,False,typical,67,True,13.107203666782652,0.55,0.75,4244.0,4329.9622424398,4330.0,4343.107203666783,2,55.0,36,35,1800.0,85.96224243980052,0.0,0.5208333333333334,False,35
457,3853.9450892772643,1.4312275595692516,False,0,False,typical,67,True,26.20415467415652,0.55,0.75,4254.0,4345.498550115785,4346.0,4372.204154674157,2,55.0,37,36,1800.0,91.49855011578524,0.0,0.5208333333333334,False,36
458,3859.978115416262,1.0839502524663538,False,0,False,typical,67,True,13.485183457145364,0.55,0.75,4269.0,4374.260335983922,4375.0,4388.4851834571455,0,55.0,38,37,1800.0,105.26033598392212,0.0,0.5208333333333334,False,37
459,3861.5610547230317,1.131546249894135,False,0,False,typical,67,True,18.958888247640825,0.55,0.75,4279.0,4383.576055656272,4389.0,4407.958888247641,0,55.0,39,38,1800.0,104.57605565627182,0.0,1.0416666666666667,False,38
460,3882.359477641456,1.2398806537187639,False,0,False,typical,,True,18.888353314373962,0.55,0.75,4279.0,4376.429108140803,4377.0,4395.888353314374,2,55.0,37,36,1800.0,97.42910814080287,0.0,1.0416666666666667,False,36
461,3904.8698749360988,1.1163000470639708,True,1,False,typical,,True,18.978355641916917,0.6699999999999999,0.8700000000000001,4289.0,4389.889907445277,4411.0,4429.978355641917,1,55.0,36,35,1800.0,100.88990744527682,1800.0,1.2083333333333335,False,35
462,3920.1577249031056,0.838804581637877,True,1,False,typical,68,True,22.984593492247022,0.6699999999999999,0.8700000000000001,4289.0,4404.739503557796,4417.0,4439.984593492247,2,55.0,35,34,1800.0,115.73950355779557,1800.0,1.2083333333333335,False,34
463,3932.060159910487,1.2583986979510544,False,0,False,typical,68,True,20.01683714894663,0.55,0.75,4294.0,4387.876338928633,4396.0,4416.016837148946,2,55.0,35,34,1800.0,93.8763389286336,0.0,0.5208333333333334,False,34
464,3942.186305453073,1.4315904325018531,True,2,False,typical,68,True,20.419845798770744,0.79,0.99,4299.0,4389.038809424342,4408.0,4428.41984579877,0,55.0,36,35,1800.0,90.03880942434198,3600.0,0.6875,False,35
465,3942.2371982751806,0.8792359075629099,True,2,False,typical,,True,26.500268662714845,0.79,0.99,4319.0,4434.624315089849,4440.0,4466.500268662715,2,55.0,37,36,1800.0,115.62431508984943,3600.0,1.2916666666666667,False,36
466,3943.942704430615,1.023943295548307,True,1,False,typical,,True,12.279799240280273,0.6699999999999999,0.8700000000000001,4319.0,4425.783911931567,4429.0,4441.27979924028,0,55.0,37,36,1800.0,106.78391193156676,1800.0,1.2916666666666667,False,36
467,3956.1197833011825,0.9588716214912423,True,1,False,typical,69,True,13.627332435671903,0.6699999999999999,0.8700000000000001,4334.0,4444.4290862085,4445.0,4458.627332435672,0,55.0,37,36,1800.0,110.42908620849963,1800.0,0.6041666666666667,False,36
468,3994.084087812467,1.3746422155653322,False,0,False,typical,69,True,23.29080236750563,0.55,0.75,4339.0,4429.180410983472,4430.0,4453.290802367505,1,55.0,35,34,1800.0,90.1804109834724,0.0,0.5208333333333334,False,34
469,3997.3648417309737,1.2288942924904942,True,1,False,typical,69,True,20.51916125716432,0.6699999999999999,0.8700000000000001,4349.0,4445.37568023718,4454.0,4474.519161257164,1,55.0,36,35,1800.0,96.3756802371799,1800.0,0.6041666666666667,False,35
470,4004.796146817168,1.4833004737413544,False,0,False,typical,,True,20.715532414028274,0.55,0.75,4379.0,4466.249473089679,4467.0,4487.7155324140285,0,55.0,35,34,1800.0,87.24947308967855,0.0,1.1250000000000002,False,34
471,4006.644820998979,1.0739677480338707,True,1,False,typical,,True,17.90404298384068,0.6699999999999999,0.8700000000000001,4379.0,4480.38196618864,4481.0,4498.904042983841,1,55.0,35,34,1800.0,101.3819661886396,1800.0,1.1250000000000002,False,34
472,4012.288217842256,1.2293375817790775,False,0,False,typical,,True,22.032365068779473,0.55,0.75,4389.0,4483.909541697249,4484.0,4506.03236506878,2,55.0,35,34,1800.0,94.90954169724877,0.0,0.5208333333333334,False,34
473,4012.6049186060177,1.1352609800422648,True,1,False,typical,,True,26.32998907547771,0.6699999999999999,0.8700000000000001,4399.0,4499.067009953564,4500.0,4526.329989075478,0,55.0,36,35,1800.0,100.06700995356361,1800.0,0.6041666666666667,False,35
474,4023.1184970413233,1.4195792813766939,False,0,False,typical,,True,32.52904795198779,0.55,0.75,4409.0,4499.363873428937,4500.0,4532.529047951988,1,55.0,36,35,1800.0,90.36387342893703,0.0,0.5208333333333334,False,35
475,4023.250326426484,1.0492907262084055,True,1,False,typical,,True,147.24905079252522,0.6699999999999999,0.8700000000000001,4414.0,4519.486359571519,4533.0,4680.249050792525,1,55.0,37,36,1800.0,105.48635957151892,1800.0,0.6041666666666667,False,36
476,4026.8957237797727,1.2604169024648606,True,1,False,typical,,True,17.54606426999272,0.6699999999999999,0.8700000000000001,4419.0,4515.706355472894,4516.0,4533.546064269993,2,55.0,37,36,1800.0,96.7063554728935,1800.0,0.6041666666666667,False,36
477,4029.354275755327,1.564590438147567,True,1,False,typical,,True,16.81184124369768,0.6699999999999999,0.8700000000000001,4429.0,4517.222969530556,4527.0,4543.811841243698,0,55.0,37,36,1800.0,88.22296953055556,1800.0,0.6041666666666667,False,36
478,4031.4206982062174,1.0734866053227403,False,0,False,typical,,True,10.346221037878243,0.55,0.75,4434.0,4539.75491967882,4540.0,4550.346221037878,2,55.0,38,37,1800.0,105.75491967882023,0.0,0.5208333333333334,False,37
479,4043.4102506056274,0.7438365315648778,True,1,True,reduced,,True,29.071265480124488,0.6699999999999999,0.8700000000000001,4444.0,4572.460977171814,4600.0,4629.071265480125,0,55.0,38,37,1800.0,128.46097717181408,1800.0,0.6041666666666667,False,37
480,4064.786769852783,1.2699922310831562,True,1,False,typical,70,True,46.513910237353976,0.6699999999999999,0.8700000000000001,4449.0,4545.377351536388,4546.0,4592.513910237354,0,55.0,37,36,1800.0,96.37735153638803,1800.0,0.6041666666666667,False,36
481,4095.052043751424,1.126530443811513,False,0,False,typical,70,True,203.56786741550664,0.55,0.75,4454.0,4552.992471067814,4553.0,4756.567867415507,2,55.0,35,34,1800.0,98.99247106781466,0.0,0.5208333333333334,False,34
482,4099.264026942415,1.2219849428547105,False,0,False,typical,70,True,6.371791938255892,0.55,0.75,4469.0,4565.628737891248,4593.0,4599.371791938256,0,55.0,36,35,1800.0,96.62873789124855,0.0,0.5208333333333334,False,35
483,4099.697748198451,1.0323697379018708,True,1,False,typical,70,True,22.758965822538098,0.6699999999999999,0.8700000000000001,4484.0,4590.345486466485,4640.0,4662.758965822538,0,55.0,37,36,1800.0,106.3454864664852,1800.0,1.2083333333333335,False,36
484,4114.1462688689535,1.1884851644787044,True,1,False,typical,,True,9.759111620121203,0.6699999999999999,0.8700000000000001,4484.0,4581.897397180742,4630.0,4639.759111620121,0,55.0,36,35,1800.0,97.89739718074158,1800.0,1.2083333333333335,False,35
485,4116.197353037265,1.0658866232006436,True,1,False,typical,,True,19.29954206938772,0.6699999999999999,0.8700000000000001,4504.0,4608.670234774358,4678.0,4697.299542069388,0,55.0,37,36,1800.0,104.67023477435717,1800.0,1.1250000000000002,False,36
486,4126.012105202461,1.4195513727851,False,0,False,typical,,True,14.876609282701837,0.55,0.75,4504.0,4594.364635139264,4663.0,4677.876609282702,0,55.0,36,35,1800.0,90.36463513926397,0.0,1.1250000000000002,False,35
487,4126.8723110444635,1.3259881030286644,True,2,False,typical,,True,6.435360890775979,0.79,0.99,4519.0,4613.54850186165,4681.0,4687.435360890776,1,55.0,37,36,1800.0,94.54850186164984,3600.0,0.6875,False,36
488,4130.168655484852,1.1319850425987423,False,0,False,typical,,True,19.33597124171098,0.55,0.75,4529.0,4632.10721443327,4688.0,4707.335971241711,1,55.0,38,37,1800.0,103.10721443327056,0.0,0.5208333333333334,False,37
489,4133.130927009034,1.0919866051397642,True,1,False,typical,,True,12.233324482085568,0.6699999999999999,0.8700000000000001,4534.0,4640.336918184826,4705.0,4717.233324482086,0,55.0,39,38,1800.0,106.33691818482563,1800.0,0.6041666666666667,False,38
490,4139.972018610764,1.3637687658655893,True,1,False,typical,,True,6.430437973871327,0.6699999999999999,0.8700000000000001,4544.0,4640.2994175498225,4698.0,4704.430437973871,0,55.0,39,38,1800.0,96.29941754982289,1800.0,0.6041666666666667,False,38
491,4140.042681480942,1.600396289348396,False,0,False,typical,,True,47.39650787074126,0.55,0.75,4549.0,4640.78648807927,4708.0,4755.3965078707415,1,55.0,40,39,1800.0,91.78648807927024,0.0,0.5208333333333334,False,39
492,4160.832805333975,1.3275809889152972,True,1,False,typical,,True,4.767089775380376,0.6699999999999999,0.8700000000000001,4554.0,4652.848734261205,4718.0,4722.767089775381,0,55.0,40,39,1800.0,98.84873426120532,1800.0,0.6041666666666667,False,39
493,4167.848361138515,1.273264484907812,True,1,False,typical,71,True,2.2866760750630295,0.6699999999999999,0.8700000000000001,4594.0,4694.616052864054,4723.0,4725.286676075063,0,55.0,40,39,1800.0,100.61605286405373,1800.0,0.6041666666666667,False,39
494,4168.250163583153,1.6583455365001432,True,1,False,typical,71,True,39.10277991175586,0.6699999999999999,0.8700000000000001,4604.0,4696.035585090352,4726.0,4765.1027799117555,0,55.0,41,40,1800.0,92.03558509035143,1800.0,0.6041666666666667,False,40
495,4171.401367911014,1.5289620225942209,True,1,False,typical,71,True,13.955235391882878,0.6699999999999999,0.8700000000000001,4634.0,4728.842116499454,4756.0,4769.9552353918825,1,55.0,41,40,1800.0,94.84211649945392,1800.0,0.6041666666666667,False,40
496,4175.3051513266955,1.3623928647683106,True,1,False,typical,71,True,35.623103220467016,0.6699999999999999,0.8700000000000001,4644.0,4743.2401468367225,4757.0,4792.623103220467,2,55.0,41,40,1800.0,99.24014683672272,1800.0,0.6041666666666667,False,40
497,4181.626382393312,1.2290185873696884,True,1,False,typical,72,True,2.8797672352955046,0.6699999999999999,0.8700000000000001,4664.0,4769.071153941219,4770.0,4772.879767235296,0,55.0,42,41,1800.0,105.07115394121865,1800.0,0.6041666666666667,False,41
498,4187.707441728246,0.9946137850293061,True,1,False,typical,72,False,22.443411284297646,0.6699999999999999,0.8700000000000001,4679.0,4806.617846086438,4809.0,4831.443411284297,0,55.0,42,41,1800.0,115.61784608643791,1800.0,0.6041666666666667,True,41
499,4189.434169790416,1.12126853973274,True,1,False,typical,72,True,14.315293829292935,0.6699999999999999,0.8700000000000001,4684.0,4793.371585816462,4794.0,4808.315293829293,0,55.0,42,41,1800.0,109.37158581646241,1800.0,0.6041666666666667,False,41
500,4206.259627135124,1.082279536690522,False,0,False,typical,,True,26.27020413356332,0.55,0.75,4689.0,4800.138663880667,4801.0,4827.270204133563,1,55.0,42,41,1800.0,111.13866388066734,0.0,0.5208333333333334,False,41
501,4216.194613865179,1.0919306384673688,False,0,True,reduced,,True,25.725722745582488,0.55,0.75,4699.0,4809.6894997304935,4826.0,4851.725722745582,2,55.0,42,41,1800.0,110.68949973049375,0.0,0.5208333333333334,False,41
502,4217.1628902943985,1.2236658902862527,True,1,False,typical,,True,20.29294567343184,0.6699999999999999,0.8700000000000001,4709.0,4815.716909476356,4828.0,4848.292945673432,1,55.0,43,42,1800.0,106.71690947635535,1800.0,1.1250000000000002,False,42
503,4221.744671358815,1.7049576485221423,False,0,False,typical,,True,23.536870396892734,0.55,0.75,4709.0,4801.578865812693,4802.0,4825.5368703968925,2,55.0,42,41,1800.0,92.57886581269278,0.0,1.1250000000000002,False,41
504,4230.877946368672,1.164686359243587,True,1,False,typical,,True,28.29366401744498,0.6699999999999999,0.8700000000000001,4719.0,4826.5430137869225,4849.0,4877.293664017445,0,55.0,42,41,1800.0,107.54301378692209,1800.0,0.6041666666666667,False,41
505,4242.29898480159,1.5054338338297968,True,1,False,typical,,True,16.891045440213393,0.6699999999999999,0.8700000000000001,4724.0,4822.304319054117,4832.0,4848.891045440213,0,55.0,43,42,1800.0,98.30431905411676,1800.0,0.6041666666666667,False,42
506,4247.324830777944,1.0169688256577505,True,1,False,typical,73,True,8.19274264573341,0.6699999999999999,0.8700000000000001,4729.0,4844.852287099044,4849.0,4857.192742645733,1,55.0,43,42,1800.0,115.85228709904392,1800.0,0.6041666666666667,False,42
507,4252.040277345204,1.1660685411457712,True,1,False,typical,73,True,14.397553594939227,0.6699999999999999,0.8700000000000001,4759.0,4869.3870386939325,4870.0,4884.397553594939,1,55.0,44,43,1800.0,110.38703869393248,1800.0,1.2083333333333335,False,43
508,4253.400495120803,0.9181310055817142,True,1,False,typical,,True,11.34589007987726,0.6699999999999999,0.8700000000000001,4759.0,4882.124305230552,4883.0,4894.345890079877,0,55.0,44,43,1800.0,123.12430523055129,1800.0,1.2083333333333335,False,43
509,4253.805695249456,0.9624018845396977,True,1,False,typical,74,True,24.142067454186268,0.6699999999999999,0.8700000000000001,4774.0,4895.818682773315,4896.0,4920.142067454186,0,55.0,45,44,1800.0,121.8186827733153,1800.0,0.6041666666666667,False,44
510,4257.942511165114,0.9261984634958843,True,1,False,typical,74,True,12.364180996589106,0.6699999999999999,0.8700000000000001,4794.0,4918.052521314498,4921.0,4933.364180996589,0,55.0,45,44,1800.0,124.05252131449838,1800.0,0.6041666666666667,False,44
511,4266.639311028777,1.3557291554749697,True,1,False,typical,74,True,15.531998411329758,0.6699999999999999,0.8700000000000001,4804.0,4910.688575056373,4911.0,4926.531998411329,1,55.0,46,45,1800.0,106.68857505637337,1800.0,1.1250000000000002,False,45
512,4267.546042986238,1.2498632101170293,False,0,False,typical,74,True,15.458361003963045,0.55,0.75,4804.0,4914.124815530853,4915.0,4930.458361003963,2,55.0,46,45,1800.0,110.12481553085328,0.0,1.1250000000000002,False,45
513,4276.058160135884,1.2222169324243892,True,2,False,typical,,True,5.601332288246937,0.79,0.99,4809.0,4920.120194761581,4927.0,4932.601332288247,1,55.0,46,45,1800.0,111.12019476158133,3600.0,0.6875,False,45
514,4283.944918441614,1.262271306512433,False,0,False,typical,,True,11.434894255902966,0.55,0.75,4829.0,4938.692249259124,4939.0,4950.434894255903,1,55.0,46,45,1800.0,109.69224925912413,0.0,1.1250000000000002,False,45
515,4287.777238575022,1.4361417502898046,True,1,False,typical,,True,23.61439833847327,0.6699999999999999,0.8700000000000001,4829.0,4933.417055279468,4934.0,4957.614398338474,0,55.0,46,45,1800.0,104.4170552794676,1800.0,1.1250000000000002,False,45
516,4297.86071050564,1.1298912172052724,False,0,False,typical,,True,20.961688693852423,0.55,0.75,4834.0,4947.347252431468,4948.0,4968.961688693852,2,55.0,45,44,1800.0,113.34725243146828,0.0,0.5208333333333334,False,44
517,4300.604827109651,1.0212561886803015,True,2,False,typical,,True,45.13303663757844,0.79,0.99,4849.0,4967.525242797669,4968.0,5013.133036637579,1,55.0,45,44,1800.0,118.52524279766929,3600.0,1.2083333333333335,False,44
518,4302.254153724932,1.2299471122469172,False,0,False,typical,,True,24.63355315471472,0.55,0.75,4849.0,4958.38736991969,4959.0,4983.633553154715,0,55.0,45,44,1800.0,109.3873699196901,0.0,1.2083333333333335,False,44
519,4320.946635710707,1.0791975443718542,True,1,False,typical,,True,11.752722015245197,0.6699999999999999,0.8700000000000001,4874.0,4989.6337927614195,4990.0,5001.752722015245,0,55.0,45,44,1800.0,115.63379276141949,1800.0,0.6041666666666667,False,44
520,4321.993983706896,0.9648451987605204,True,2,False,typical,,True,17.71690207048,0.79,0.99,4884.0,5007.123962988731,5008.0,5025.71690207048,0,55.0,46,45,1800.0,123.1239629887315,3600.0,0.6875,False,45
521,4329.300933040839,1.328142332005718,False,0,False,typical,,True,30.340509098817055,0.55,0.75,4899.0,5007.981224290202,5008.0,5038.340509098817,2,55.0,47,46,1800.0,108.98122429020145,0.0,0.5208333333333334,False,46
522,4335.648175001317,1.2348483109467578,True,1,False,typical,,True,23.78585157493972,0.6699999999999999,0.8700000000000001,4914.0,5026.109883573094,5027.0,5050.785851574939,0,55.0,47,46,1800.0,112.1098835730937,1800.0,0.6041666666666667,False,46
523,4336.550344849203,1.4040878852364578,False,0,False,typical,75,True,21.41621534402544,0.55,0.75,4919.0,5027.191337192143,5028.0,5049.416215344026,1,55.0,48,47,1800.0,108.19133719214281,0.0,0.5208333333333334,False,47
524,4351.426059707481,1.5096531276506238,True,2,False,typical,75,True,20.30807667336072,0.79,0.99,4924.0,5028.002210149886,5039.0,5059.308076673361,2,55.0,47,46,1800.0,104.00221014988588,3600.0,0.6875,False,46
525,4353.893108254899,1.1246321345253845,True,1,False,typical,75,True,9.376273336724442,0.6699999999999999,0.8700000000000001,4929.0,5046.924880370692,5050.0,5059.376273336725,1,55.0,48,47,1800.0,117.92488037069205,1800.0,0.6041666666666667,False,47
526,4355.927233486423,1.1845461939174005,True,1,False,typical,,False,8.405087611969277,0.6699999999999999,0.8700000000000001,4934.0,5062.90128337453,5063.0,5071.405087611969,1,55.0,49,48,1800.0,116.90128337453018,1800.0,0.6041666666666667,True,48
527,4365.5029553947,1.1915745486456788,True,1,False,typical,,True,17.139963360791892,0.6699999999999999,0.8700000000000001,4939.0,5057.0774142067,5058.0,5075.139963360792,0,55.0,50,49,1800.0,118.07741420669983,1800.0,0.6041666666666667,False,49
528,4371.317084098983,1.4043014489800834,True,1,False,typical,,False,31.12034821705416,0.6699999999999999,0.8700000000000001,4949.0,5073.535380082706,5074.0,5105.120348217054,1,55.0,51,50,1800.0,112.53538008270618,1800.0,0.6041666666666667,True,50
529,4384.676468920521,0.9261255289896249,True,1,False,typical,,True,18.154972354100188,0.6699999999999999,0.8700000000000001,4959.0,5091.757197824039,5092.0,5110.1549723541,0,55.0,51,50,1800.0,132.7571978240394,1800.0,0.6041666666666667,False,50
530,4388.6604071278525,1.0464661271951954,True,1,False,typical,,True,11.209311999428587,0.6699999999999999,0.8700000000000001,4969.0,5096.377840689421,5097.0,5108.209311999429,2,55.0,52,51,1800.0,127.37784068942057,1800.0,0.6041666666666667,False,51
531,4401.859861459631,1.2648830354767802,False,0,False,typical,,False,9.20393828087456,0.55,0.75,4994.0,5122.852281331466,5123.0,5132.203938280874,0,55.0,51,50,1800.0,116.85228133146596,0.0,0.5208333333333334,True,50
532,4407.846934131249,1.1931951036958912,True,2,False,typical,,True,23.52608317150575,0.79,0.99,5009.0,5129.914724852322,5130.0,5153.526083171506,1,55.0,52,51,1800.0,120.91472485232207,3600.0,1.2916666666666667,False,51
533,4408.395541102344,1.1169681328762042,True,1,False,typical,,True,5.2712176782468365,0.6699999999999999,0.8700000000000001,5009.0,5133.060437915068,5134.0,5139.271217678247,0,55.0,52,51,1800.0,124.06043791506785,1800.0,1.2916666666666667,False,51
534,4416.7568262940995,1.2198104127359217,False,0,False,typical,76,True,13.949470816895484,0.55,0.75,5029.0,5147.458974012478,5148.0,5161.949470816896,0,55.0,51,50,1800.0,118.45897401247797,0.0,1.2083333333333335,False,50
535,4424.01115601645,0.9067742466080894,True,2,False,typical,76,True,40.78622456445518,0.79,0.99,5029.0,5161.57456777774,5162.0,5202.786224564456,0,55.0,50,49,1800.0,132.57456777774055,3600.0,1.2083333333333335,False,49
536,4425.012547363783,1.4808411443077967,False,0,False,typical,76,True,15.393469052625676,0.55,0.75,5039.0,5149.511053388079,5150.0,5165.393469052626,2,55.0,51,50,1800.0,110.51105338807909,0.0,0.5208333333333334,False,50
537,4434.970711342609,1.1056203130996605,True,1,False,typical,76,True,14.619033148979582,0.6699999999999999,0.8700000000000001,5054.0,5175.665829873372,5176.0,5190.61903314898,1,55.0,50,49,1800.0,121.665829873372,1800.0,0.6041666666666667,False,49
538,4435.71566978612,1.0502494746421296,True,2,False,typical,,True,20.205882021613046,0.79,0.99,5059.0,5184.738509890225,5185.0,5205.205882021613,2,55.0,51,50,1800.0,125.73850989022503,3600.0,0.6875,False,50
539,4463.2838229832105,1.033940769690499,True,1,False,typical,,True,5.588280277660938,0.6699999999999999,0.8700000000000001,5064.0,5187.664536488259,5191.0,5196.5882802776605,1,55.0,49,48,1800.0,123.66453648825916,1800.0,0.6041666666666667,False,48
540,4478.5606676682355,1.2365167480927453,False,0,False,typical,,True,16.235455993688667,0.55,0.75,5074.0,5188.949785724564,5197.0,5213.235455993688,1,55.0,49,48,1800.0,114.94978572456401,0.0,0.5208333333333334,False,48
541,4486.27281025568,1.0835098323498131,True,1,False,typical,,True,16.81206903017159,0.6699999999999999,0.8700000000000001,5094.0,5215.230960683412,5216.0,5232.812069030171,0,55.0,49,48,1800.0,121.23096068341275,1800.0,0.6041666666666667,False,48
542,4496.207599190884,1.0029126323121242,True,1,False,typical,,True,24.822115861351147,0.6699999999999999,0.8700000000000001,5099.0,5225.760270456263,5226.0,5250.822115861351,1,55.0,50,49,1800.0,126.76027045626346,1800.0,0.6041666666666667,False,49
543,4505.875872621109,1.302896575601965,False,0,False,typical,77,True,20.19941840436729,0.55,0.75,5124.0,5238.13363462759,5239.0,5259.199418404367,0,55.0,50,49,1800.0,114.13363462759035,0.0,0.5208333333333334,False,49
544,4520.549132635661,0.8858095291803991,True,2,False,typical,77,True,35.23048211713293,0.79,0.99,5134.0,5268.010097462475,5269.0,5304.230482117133,0,55.0,50,49,1800.0,134.0100974624749,3600.0,1.2083333333333335,False,49
545,4529.879272020621,1.4357389258037854,False,0,False,typical,,True,27.9885671971338,0.55,0.75,5134.0,5242.777800263344,5243.0,5270.988567197134,2,55.0,49,48,1800.0,108.77780026334437,0.0,1.2083333333333335,False,48
546,4539.7611179004825,1.0321502593147205,True,1,False,typical,78,True,25.917315393532753,0.6699999999999999,0.8700000000000001,5149.0,5272.756815077212,5273.0,5298.917315393533,1,55.0,49,48,1800.0,123.75681507721208,1800.0,0.6041666666666667,False,48
547,4541.539303723213,0.7398785532057053,True,1,False,typical,78,True,34.188029895156355,0.6699999999999999,0.8700000000000001,5154.0,5300.256524233198,5301.0,5335.188029895156,2,55.0,50,49,1800.0,146.25652423319883,1800.0,0.6041666666666667,False,49
548,4557.9368336586485,1.1855335908139109,False,0,False,typical,78,True,17.032899042159386,0.55,0.75,5164.0,5279.412612091439,5280.0,5297.032899042159,2,55.0,48,47,1800.0,115.41261209143855,0.0,0.5208333333333334,False,47
549,4558.906552895596,1.132091224315797,False,0,False,typical,78,True,4.76439693516774,0.55,0.75,5179.0,5298.052657314776,5299.0,5303.7643969351675,1,55.0,49,48,1800.0,119.05265731477638,0.0,0.5208333333333334,False,48
550,4562.402520552639,1.0681803197316933,True,1,False,typical,,True,36.383213538578225,0.6699999999999999,0.8700000000000001,5189.0,5312.409433931731,5313.0,5349.383213538578,0,55.0,50,49,1800.0,123.4094339317307,1800.0,0.6041666666666667,False,49
551,4565.170103161891,1.1597036604695905,True,1,False,typical,,True,6.552902489167798,0.6699999999999999,0.8700000000000001,5194.0,5314.795908768563,5315.0,5321.5529024891675,1,55.0,51,50,1800.0,120.79590876856355,1800.0,0.6041666666666667,False,50
552,4576.309949685268,1.0827892116946474,True,2,False,typical,,True,14.154978359743517,0.79,0.99,5199.0,5324.614743248246,5325.0,5339.154978359744,1,55.0,52,51,1800.0,125.61474324824572,3600.0,0.6875,False,51
553,4583.527003421181,1.0872574027213378,True,1,False,typical,,True,14.437584590076039,0.6699999999999999,0.8700000000000001,5219.0,5345.855997264621,5346.0,5360.437584590076,2,55.0,53,52,1800.0,126.85599726462051,1800.0,0.6041666666666667,False,52
554,4592.897632238674,1.4868786589415501,False,0,False,typical,,True,26.002976492968326,0.55,0.75,5229.0,5343.71024104573,5344.0,5370.002976492969,1,55.0,54,53,1800.0,114.7102410457302,0.0,0.5208333333333334,False,53
555,4596.261197803457,1.2657256315990706,False,0,False,typical,79,True,19.068608304099428,0.55,0.75,5239.0,5360.173335088518,5361.0,5380.068608304099,0,55.0,54,53,1800.0,121.17333508851759,0.0,0.5208333333333334,False,53
556,4607.576157036491,0.8713975789220707,False,0,True,reduced,79,True,40.53569385451897,0.55,0.75,5244.0,5384.836998865243,5385.0,5425.535693854519,0,55.0,54,53,1800.0,140.8369988652432,0.0,0.5208333333333334,False,53
557,4618.746665703742,1.2368983139584366,True,1,False,typical,79,True,33.0724977067365,0.6699999999999999,0.8700000000000001,5269.0,5392.6360643315,5393.0,5426.072497706737,1,55.0,55,54,1800.0,123.63606433150022,1800.0,0.6041666666666667,False,54
558,4624.573764689314,1.0262681756189218,True,1,False,typical,80,True,22.64718387037444,0.6699999999999999,0.8700000000000001,5274.0,5408.212229893352,5409.0,5431.647183870375,2,55.0,56,55,1800.0,134.2122298933518,1800.0,0.6041666666666667,False,55
559,4628.322004929507,0.9155069353979561,True,1,False,typical,80,True,32.64540282754274,0.6699999999999999,0.8700000000000001,5284.0,5426.1460058427,5427.0,5459.645402827543,0,55.0,57,56,1800.0,142.14600584270002,1800.0,0.6041666666666667,False,56
560,4638.969617126471,0.9621262105891323,True,1,False,typical,81,True,9.744877649796038,0.6699999999999999,0.8700000000000001,5299.0,5438.235057343488,5439.0,5448.744877649796,2,55.0,57,56,1800.0,139.2350573434874,1800.0,0.6041666666666667,False,56
561,4641.532636122519,1.0200649804449142,True,1,False,typical,81,True,20.056583396084164,0.6699999999999999,0.8700000000000001,5304.0,5441.43813370165,5449.0,5469.0565833960845,2,55.0,58,57,1800.0,137.43813370165012,1800.0,0.6041666666666667,False,57
562,4647.178930174116,1.3061513562682028,True,2,False,typical,81,True,27.842280788344002,0.79,0.99,5314.0,5439.628443049924,5443.0,5470.842280788344,1,55.0,58,57,1800.0,125.62844304992353,3600.0,0.6875,False,57
563,4650.273436992731,1.6541297493345735,False,0,False,typical,,True,4.937280525535246,0.55,0.75,5319.0,5437.220112345858,5438.0,5442.937280525535,1,55.0,59,58,1800.0,118.2201123458577,0.0,0.5208333333333334,False,58
564,4675.504153145432,1.187874581375705,True,1,False,typical,,True,9.197434373587784,0.6699999999999999,0.8700000000000001,5329.0,5460.2711843694,5461.0,5470.197434373587,0,55.0,59,58,1800.0,131.2711843693997,1800.0,0.6041666666666667,False,58
565,4677.497108911231,1.328347256431374,True,1,False,typical,82,True,42.33923380117423,0.6699999999999999,0.8700000000000001,5344.0,5471.824835771452,5472.0,5514.3392338011745,0,55.0,60,59,1800.0,127.82483577145209,1800.0,0.6041666666666667,False,59
566,4683.807119322502,1.2659253199587035,False,0,False,typical,82,True,9.127620776082729,0.55,0.75,5349.0,5478.86648071483,5479.0,5488.127620776083,1,55.0,60,59,1800.0,129.86648071482938,0.0,0.5208333333333334,False,59
567,4685.145425928936,0.8265787561659045,True,1,False,typical,83,True,16.060599325211413,0.6699999999999999,0.8700000000000001,5364.0,5516.959334080056,5517.0,5533.060599325211,0,55.0,60,59,1800.0,152.95933408005567,1800.0,0.6041666666666667,False,59
568,4698.10645458328,1.302757778513778,True,1,False,typical,83,True,15.016672633864433,0.6699999999999999,0.8700000000000001,5389.0,5517.6381321095205,5518.0,5533.016672633865,2,55.0,60,59,1800.0,128.6381321095204,1800.0,0.6041666666666667,False,59
569,4706.8538176414495,1.715636775776813,False,0,False,typical,,True,10.53836803643471,0.55,0.75,5394.0,5512.47806775452,5513.0,5523.538368036435,1,55.0,60,59,1800.0,118.4780677545204,0.0,0.5208333333333334,False,59
570,4709.603212055742,1.2838455711823782,False,0,False,typical,,True,32.33356493287315,0.55,0.75,5409.0,5538.260043409074,5539.0,5571.333564932873,0,55.0,60,59,1800.0,129.26004340907363,0.0,0.5208333333333334,False,59
571,4721.233854508611,1.4453983277324112,False,0,False,typical,,True,37.66701385295988,0.55,0.75,5429.0,5553.471794404859,5554.0,5591.66701385296,1,55.0,60,59,1800.0,124.47179440485851,0.0,0.5208333333333334,False,59
572,4734.324785893141,1.5351499489230107,False,0,False,typical,,True,34.26355910653292,0.55,0.75,5439.0,5559.797119063245,5572.0,5606.263559106533,0,55.0,59,58,1800.0,120.79711906324553,0.0,1.0416666666666667,False,58
573,4749.853439980891,1.677608752895996,False,0,False,typical,,True,16.207143322282075,0.55,0.75,5439.0,5556.754759798764,5557.0,5573.207143322282,2,55.0,59,58,1800.0,117.75475979876444,0.0,1.0416666666666667,False,58
574,4772.630162016648,1.0237905283619895,True,1,False,typical,,True,22.542406942667046,0.6699999999999999,0.8700000000000001,5444.0,5582.691926972695,5583.0,5605.542406942667,2,55.0,59,58,1800.0,138.69192697269534,1800.0,0.6041666666666667,False,58
575,4790.778480710909,1.0393151554091251,True,2,False,typical,,True,21.954494432382706,0.79,0.99,5449.0,5586.889463084659,5592.0,5613.9544944323825,1,55.0,59,58,1800.0,137.88946308465916,3600.0,0.6875,False,58
576,4791.179396340973,1.1922630854505993,True,1,False,typical,84,True,8.878929687293338,0.6699999999999999,0.8700000000000001,5464.0,5596.550758111339,5606.0,5614.878929687294,2,55.0,60,59,1800.0,132.55075811133875,1800.0,0.6041666666666667,False,59
577,4801.049877140382,0.6056315395982533,True,1,False,typical,84,True,14.527807234603204,0.6699999999999999,0.8700000000000001,5474.0,5651.234292856156,5652.0,5666.527807234604,1,55.0,60,59,1800.0,177.2342928561553,1800.0,0.6041666666666667,False,59
578,4807.664211083032,1.3036103157702104,True,1,False,typical,,True,13.157855408040467,0.6699999999999999,0.8700000000000001,5479.0,5607.610522224814,5608.0,5621.157855408041,0,55.0,60,59,1800.0,128.6105222248141,1800.0,0.6041666666666667,False,59
579,4811.041227626385,1.1321627710357627,False,0,False,typical,,True,15.025850498811506,0.55,0.75,5514.0,5648.999587146894,5649.0,5664.025850498811,0,55.0,60,59,1800.0,134.99958714689328,0.0,0.5208333333333334,False,59
580,4830.950070826549,0.8698200929793253,True,1,False,typical,,True,27.672580194141002,0.6699999999999999,0.8700000000000001,5519.0,5668.651466419237,5669.0,5696.672580194141,0,55.0,60,59,1800.0,149.6514664192372,1800.0,1.2083333333333335,False,59
581,4846.0958169510905,1.142155341233717,True,1,False,typical,,True,43.62906293490147,0.6699999999999999,0.8700000000000001,5519.0,5652.124570586337,5653.0,5696.629062934901,2,55.0,59,58,1800.0,133.12457058633623,1800.0,1.2083333333333335,False,58
582,4846.295660512827,1.1560830744850612,False,0,False,typical,,True,24.774451236586227,0.55,0.75,5539.0,5672.994435794329,5673.0,5697.774451236586,1,55.0,60,59,1800.0,133.99443579432898,0.0,0.5208333333333334,False,59
583,4846.721297052226,1.4013407911388476,False,0,False,typical,,True,121.60674539466476,0.55,0.75,5554.0,5681.118126043132,5697.0,5818.606745394664,0,55.0,61,60,1800.0,127.11812604313214,0.0,0.5208333333333334,False,60
584,4855.578966551191,1.434074948426306,False,0,False,typical,,True,9.339388773745299,0.55,0.75,5559.0,5685.2222493439795,5697.0,5706.339388773746,2,55.0,61,60,1800.0,126.22224934397933,0.0,0.5208333333333334,False,60
585,4883.663187952063,1.3002927067864625,True,1,False,typical,,True,23.109629341136547,0.6699999999999999,0.8700000000000001,5574.0,5704.168168491559,5705.0,5728.1096293411365,1,55.0,61,60,1800.0,130.1681684915597,1800.0,0.6041666666666667,False,60
586,4890.463153680359,1.1901918037526487,False,0,False,typical,,True,93.3290451809385,0.55,0.75,5584.0,5718.081039117045,5719.0,5812.329045180939,2,55.0,61,60,1800.0,134.081039117045,0.0,0.5208333333333334,False,60
587,4901.0349323399,0.9070253541079866,False,0,False,typical,,True,8.43259709279176,0.55,0.75,5594.0,5742.507775725784,5771.0,5779.432597092792,1,55.0,61,60,1800.0,148.5077757257841,0.0,0.5208333333333334,False,60
588,4917.528454573761,1.3660388598001554,False,0,False,typical,,True,10.48464776662055,0.55,0.75,5609.0,5737.132397812055,5760.0,5770.484647766621,1,55.0,61,60,1800.0,128.1323978120551,0.0,1.0416666666666667,False,60
589,4918.8147766821385,1.4484058375110198,False,0,False,typical,,True,24.46374031557126,0.55,0.75,5609.0,5734.842782610786,5735.0,5759.463740315571,1,55.0,61,60,1800.0,125.84278261078641,0.0,1.0416666666666667,False,60
590,4929.432050486238,1.0241988537719435,True,1,False,typical,,True,18.947139502708502,0.6699999999999999,0.8700000000000001,5649.0,5787.6705092296725,5813.0,5831.9471395027085,2,55.0,59,58,1800.0,138.67050922967223,1800.0,0.6041666666666667,False,58
591,4941.911248854328,1.839951417161722,True,1,False,typical,85,True,8.72528970937945,0.6699999999999999,0.8700000000000001,5654.0,5767.41209361019,5780.0,5788.7252897093795,1,55.0,58,57,1800.0,113.41209361019003,1800.0,1.2916666666666667,False,57
592,4942.114667770579,1.4427901226621032,True,2,False,typical,85,True,63.01535122201509,0.79,0.99,5654.0,5775.64058256853,5789.0,5852.015351222015,1,55.0,58,57,1800.0,121.64058256852985,3600.0,1.2916666666666667,False,57
593,4949.854547036354,1.3907453375100547,True,1,False,typical,,True,13.59651070342206,0.6699999999999999,0.8700000000000001,5669.0,5792.067139592407,5819.0,5832.596510703422,0,55.0,58,57,1800.0,123.0671395924075,1800.0,0.6041666666666667,False,57
594,4951.872056121283,1.2267407241995396,True,2,False,typical,,True,3.5384804970812107,0.79,0.99,5674.0,5803.804249744084,5832.0,5835.538480497081,2,55.0,59,58,1800.0,129.8042497440835,3600.0,0.6875,False,58
595,4961.344328876411,0.9848507303743809,True,1,False,typical,,True,8.92920265423765,0.6699999999999999,0.8700000000000001,5699.0,5839.816026513167,5840.0,5848.929202654238,0,55.0,59,58,1800.0,140.81602651316746,1800.0,1.1250000000000002,False,58
596,4961.9897019548425,2.005828985900996,False,0,False,typical,,True,5.571587989374858,0.55,0.75,5699.0,5811.390084357438,5833.0,5838.571587989375,0,55.0,59,58,1800.0,112.39008435743818,0.0,1.1250000000000002,False,58
597,4963.296437733732,0.9514083711856526,False,0,False,typical,,True,7.778902010793728,0.55,0.75,5709.0,5853.229035179561,5854.0,5861.778902010794,0,55.0,60,59,1800.0,144.22903517956075,0.0,0.5208333333333334,False,59
598,5000.071524591984,1.2751196048899667,True,1,False,typical,86,True,19.808937912934613,0.6699999999999999,0.8700000000000001,5719.0,5847.10320867241,5848.0,5867.808937912934,2,55.0,59,58,1800.0,128.10320867241006,1800.0,0.6041666666666667,False,58
599,5005.617565203604,0.9940759402442769,False,0,False,typical,86,True,29.352524280310565,0.55,0.75,5739.0,5880.7477649859275,5881.0,5910.352524280311,0,55.0,60,59,1800.0,141.74776498592723,0.0,0.5208333333333334,False,59
600,5026.585313987327,1.2020909459119549,True,1,False,typical,86,True,36.50984997171807,0.6699999999999999,0.8700000000000001,5764.0,5896.1736097306475,5897.0,5933.509849971718,1,55.0,60,59,1800.0,132.17360973064712,1800.0,0.6041666666666667,False,59
601,5042.603331364718,1.1756817350605422,True,1,False,typical,86,True,10.692678719322535,0.6699999999999999,0.8700000000000001,5774.0,5905.751368086124,5906.0,5916.692678719322,2,55.0,59,58,1800.0,131.75136808612388,1800.0,0.6041666666666667,False,58
602,5057.045124319685,1.0704729451516786,True,1,False,typical,,True,22.58233069126534,0.6699999999999999,0.8700000000000001,5784.0,5920.349159323085,5921.0,5943.582330691265,0,55.0,59,58,1800.0,136.3491593230849,1800.0,0.6041666666666667,False,58
603,5061.224884074622,1.0187916247897721,True,1,False,typical,,True,25.141639123695928,0.6699999999999999,0.8700000000000001,5789.0,5927.955524283584,5928.0,5953.141639123696,2,55.0,59,58,1800.0,138.95552428358377,1800.0,0.6041666666666667,False,58
604,5110.6192986477745,1.2795265220356056,False,0,False,typical,,True,7.544159138284678,0.55,0.75,5814.0,5937.604650222412,5938.0,5945.544159138285,1,55.0,56,55,1800.0,123.60465022241212,0.0,0.5208333333333334,False,55
605,5116.392550406187,1.0879562622494379,False,0,False,typical,,True,9.9615854237825,0.55,0.75,5819.0,5951.623502846045,5952.0,5961.961585423783,0,55.0,57,56,1800.0,132.6235028460455,0.0,0.5208333333333334,False,56
606,5123.643179723342,1.1541770620230802,True,1,False,typical,,True,42.060873094734404,0.6699999999999999,0.8700000000000001,5834.0,5965.173000401511,5966.0,6008.060873094734,0,55.0,58,57,1800.0,131.17300040151045,1800.0,1.2083333333333335,False,57
607,5126.929926276564,1.2480526886527408,True,1,False,typical,87,True,11.980803860855335,0.6699999999999999,0.8700000000000001,5834.0,5960.138652309361,5961.0,5972.980803860855,1,55.0,57,56,1800.0,126.13865230936034,1800.0,1.2083333333333335,False,56
608,5127.659846429773,0.971770403617772,True,1,False,typical,87,True,17.729351045174262,0.6699999999999999,0.8700000000000001,5844.0,5984.117731105251,5985.0,6002.729351045175,1,55.0,58,57,1800.0,140.1177311052511,1800.0,0.6041666666666667,False,57
609,5132.043135127037,0.6172692744877556,True,1,True,reduced,,True,6.416057597384419,0.6699999999999999,0.8700000000000001,5849.0,6023.072118432255,6024.0,6030.416057597385,2,55.0,59,58,1800.0,174.0721184322548,1800.0,0.6041666666666667,False,58
610,5139.088899716689,0.9596361989149735,True,1,False,typical,,True,19.023889756449964,0.6699999999999999,0.8700000000000001,5854.0,5996.283386116725,5997.0,6016.0238897564495,2,55.0,59,58,1800.0,142.28338611672478,1800.0,0.6041666666666667,False,58
611,5152.043048814092,1.1411322283704088,False,0,False,typical,,True,17.371928027915814,0.55,0.75,5884.0,6017.167744864802,6018.0,6035.371928027916,1,55.0,59,58,1800.0,133.16774486480205,0.0,0.5208333333333334,False,58
612,5156.433280977795,1.7940001572414892,False,0,False,typical,,True,22.08319453670371,0.55,0.75,5899.0,6014.627745361946,6015.0,6037.083194536704,0,55.0,59,58,1800.0,115.62774536194563,0.0,0.5208333333333334,False,58
613,5163.717713685659,1.2378407343000917,True,1,False,typical,,True,31.846160583081854,0.6699999999999999,0.8700000000000001,5909.0,6039.852210441918,6040.0,6071.846160583082,0,55.0,60,59,1800.0,130.85221044191803,1800.0,0.6041666666666667,False,59
614,5196.0342848307555,1.3839588580703999,False,0,False,typical,,True,7.001555263166246,0.55,0.75,5924.0,6045.81106576888,6046.0,6053.001555263167,1,55.0,57,56,1800.0,121.81106576888013,0.0,0.5208333333333334,False,56
615,5196.231081010237,1.182826360880794,False,0,False,typical,88,True,18.180109034316594,0.55,0.75,5929.0,6059.018794598257,6060.0,6078.180109034317,1,55.0,58,57,1800.0,130.01879459825713,0.0,0.5208333333333334,False,57
616,5199.617347915175,1.13729320812899,True,1,False,typical,88,True,6.995933122171321,0.6699999999999999,0.8700000000000001,5939.0,6070.880440040333,6071.0,6077.995933122172,2,55.0,58,57,1800.0,131.880440040333,1800.0,0.6041666666666667,False,57
617,5204.037058537129,1.3206564918125703,True,1,False,typical,,True,23.69451269212045,0.6699999999999999,0.8700000000000001,5954.0,6080.615954372673,6081.0,6104.69451269212,0,55.0,59,58,1800.0,126.61595437267248,1800.0,0.6041666666666667,False,58
618,5205.919341733195,1.0770188358251063,True,2,False,typical,,True,39.76560939792009,0.79,0.99,5964.0,6101.486887755835,6102.0,6141.76560939792,2,55.0,60,59,1800.0,137.4868877558343,3600.0,0.6875,False,59
619,5215.585193906075,1.5280834248512822,True,1,False,typical,,True,28.969022879032167,0.6699999999999999,0.8700000000000001,5969.0,6092.862799284079,6093.0,6121.969022879032,1,55.0,61,60,1800.0,123.86279928407886,1800.0,0.6041666666666667,False,60
620,5224.636155952219,0.9787573811592002,False,0,False,typical,,True,8.709226259314612,0.55,0.75,5989.0,6133.063701379662,6134.0,6142.709226259314,1,55.0,61,60,1800.0,144.0637013796619,0.0,0.5208333333333334,False,60
621,5226.104611943582,1.3125753670426514,True,2,False,typical,,True,9.836740717089778,0.79,0.99,5999.0,6130.222355766374,6131.0,6140.83674071709,0,55.0,62,61,1800.0,131.2223557663739,3600.0,0.6875,False,61
622,5229.039477242203,1.2643803444326212,False,0,False,typical,,True,24.016666303069268,0.55,0.75,6019.0,6151.819568972405,6152.0,6176.0166663030695,0,55.0,62,61,1800.0,132.819568972405,0.0,1.1250000000000002,False,61
623,5237.8696100755,0.6634107136496907,True,1,True,reduced,,True,19.862594376716167,0.6699999999999999,0.8700000000000001,6019.0,6191.224901697205,6192.0,6211.8625943767165,0,55.0,62,61,1800.0,172.22490169720464,1800.0,1.1250000000000002,False,61
624,5241.399636442557,1.0732623946572921,False,0,False,typical,,True,11.226658403316401,0.55,0.75,6024.0,6164.565622947184,6165.0,6176.226658403317,1,55.0,62,61,1800.0,140.56562294718458,0.0,0.5208333333333334,False,61
625,5243.830637248366,1.0556610716374577,True,1,False,typical,,True,2.2983738626456627,0.6699999999999999,0.8700000000000001,6044.0,6186.870055100723,6187.0,6189.298373862645,0,55.0,63,62,1800.0,142.87005510072316,1800.0,0.6041666666666667,False,62
626,5249.597678931183,0.9685422799464347,False,0,False,typical,,True,29.83040517786892,0.55,0.75,6049.0,6196.556369721559,6197.0,6226.830405177869,1,55.0,63,62,1800.0,147.55636972155907,0.0,0.5208333333333334,False,62
627,5252.8773969939875,1.0605392100944016,True,2,False,typical,,True,15.440475083325731,0.79,0.99,6064.0,6208.080411643908,6209.0,6224.4404750833255,2,55.0,64,63,1800.0,144.08041164390735,3600.0,0.6875,False,63
628,5253.419394696786,1.2543870271965363,True,1,False,typical,,True,12.134478775897453,0.6699999999999999,0.8700000000000001,6074.0,6211.516116714808,6212.0,6224.134478775897,0,55.0,65,64,1800.0,137.5161167148077,1800.0,0.6041666666666667,False,64
629,5288.270698695051,1.1417071883550647,True,1,False,typical,,True,54.22349441632837,0.6699999999999999,0.8700000000000001,6084.0,6222.943472639025,6225.0,6279.223494416328,0,55.0,63,62,1800.0,138.94347263902424,1800.0,0.6041666666666667,False,62
630,5295.021190868642,1.1672938102801336,False,0,False,typical,,True,11.433878295827032,0.55,0.75,6094.0,6233.337529036499,6234.0,6245.433878295827,1,55.0,64,63,1800.0,139.3375290364992,0.0,0.5208333333333334,False,63
631,5308.0325525009675,1.0356161935392554,True,1,False,typical,,True,35.37549141975721,0.6699999999999999,0.8700000000000001,6104.0,6247.878478163166,6248.0,6283.375491419757,1,55.0,63,62,1800.0,143.8784781631654,1800.0,0.6041666666666667,False,62
632,5316.390280801984,1.1886100081193927,True,1,False,typical,89,True,20.379149779881633,0.6699999999999999,0.8700000000000001,6134.0,6271.042536512645,6272.0,6292.379149779882,2,55.0,63,62,1800.0,137.0425365126451,1800.0,1.2083333333333335,False,62
633,5317.713426906074,1.1723263592928224,True,1,False,typical,89,True,18.737865615243226,0.6699999999999999,0.8700000000000001,6134.0,6271.685263453752,6280.0,6298.737865615243,0,55.0,63,62,1800.0,137.68526345375142,1800.0,1.2083333333333335,False,62
634,5322.7558349338215,1.2294737737807742,False,0,False,typical,89,True,7.668221338018869,0.55,0.75,6154.0,6289.504585782069,6290.0,6297.668221338019,1,55.0,63,62,1800.0,135.5045857820689,0.0,0.5208333333333334,False,62
635,5336.883549871799,1.0302655452652274,True,1,False,typical,,True,18.78718031719701,0.6699999999999999,0.8700000000000001,6169.0,6313.154295197255,6314.0,6332.787180317197,0,55.0,63,62,1800.0,144.1542951972552,1800.0,0.6041666666666667,False,62
636,5353.137430616939,0.9305960417436515,False,0,False,typical,,True,11.161729930228722,0.55,0.75,6189.0,6337.42190623307,6338.0,6349.161729930229,2,55.0,62,61,1800.0,148.42190623307064,0.0,0.5208333333333334,False,61
637,5365.412439325532,1.0278254820817168,True,1,False,typical,,True,36.399011737071454,0.6699999999999999,0.8700000000000001,6194.0,6336.831029799149,6337.0,6373.399011737071,1,55.0,62,61,1800.0,142.83102979914955,1800.0,0.6041666666666667,False,61
638,5372.434473017937,1.1924755033908236,True,1,False,typical,90,True,4.330189580742204,0.6699999999999999,0.8700000000000001,6199.0,6335.8925407512415,6336.0,6340.330189580743,0,55.0,63,62,1800.0,136.8925407512411,1800.0,0.6041666666666667,False,62
639,5374.09339449078,1.1703060395311509,True,1,False,typical,90,True,39.56541939752312,0.6699999999999999,0.8700000000000001,6209.0,6348.2162540926765,6349.0,6388.565419397523,0,55.0,64,63,1800.0,139.2162540926766,1800.0,0.6041666666666667,False,63
640,5386.937691664143,1.147967764260608,True,1,False,typical,,True,11.419624906554208,0.6699999999999999,0.8700000000000001,6214.0,6355.580752995251,6356.0,6367.419624906554,2,55.0,65,64,1800.0,141.58075299525055,1800.0,0.6041666666666667,False,64
641,5387.978201163654,1.46797862703087,True,1,False,typical,,True,3.0449127146652017,0.6699999999999999,0.8700000000000001,6229.0,6361.586485538173,6368.0,6371.044912714665,2,55.0,66,65,1800.0,132.58648553817358,1800.0,0.6041666666666667,False,65
642,5388.107714674906,1.1116300694602281,True,2,False,typical,,True,6.927970984554909,0.79,0.99,6234.0,6380.046891198802,6381.0,6387.927970984555,1,55.0,67,66,1800.0,146.04689119880163,3600.0,0.6875,False,66
643,5403.256844610834,1.0545268840833286,True,1,False,typical,,True,30.083865334649808,0.6699999999999999,0.8700000000000001,6249.0,6396.276090878432,6397.0,6427.08386533465,0,55.0,66,65,1800.0,147.27609087843217,1800.0,0.6041666666666667,False,65
644,5406.332855494825,1.1981400228230492,True,2,False,typical,,True,19.77295722201102,0.79,0.99,6274.0,6416.474484411104,6417.0,6436.772957222011,1,55.0,67,66,1800.0,142.47448441110362,3600.0,0.6875,False,66
645,5418.524888406633,1.3150091250836131,True,1,False,typical,,True,27.37108522253245,0.6699999999999999,0.8700000000000001,6284.0,6422.394804825216,6423.0,6450.371085222532,2,55.0,67,66,1800.0,138.39480482521586,1800.0,0.6041666666666667,False,66
646,5427.921162370656,1.3663284587463944,True,1,False,typical,,True,32.285541814945795,0.6699999999999999,0.8700000000000001,6294.0,6432.2738640309535,6433.0,6465.285541814946,0,55.0,68,67,1800.0,138.27386403095377,1800.0,0.6041666666666667,False,67
647,5442.209527567677,0.9802422917394853,True,1,False,typical,,True,49.472443498018784,0.6699999999999999,0.8700000000000001,6314.0,6466.678576893168,6467.0,6516.472443498019,0,55.0,67,66,1800.0,152.67857689316787,1800.0,0.6041666666666667,False,66
648,5459.48307597751,1.3395989352524094,True,1,False,typical,,True,11.649212323003027,0.6699999999999999,0.8700000000000001,6339.0,6475.177064583017,6476.0,6487.649212323003,2,55.0,66,65,1800.0,136.17706458301777,1800.0,1.729166666666667,False,65
649,5463.128996321555,0.9704137312964599,True,1,False,typical,91,True,32.66375810348831,0.6699999999999999,0.8700000000000001,6339.0,6490.7968567119515,6491.0,6523.663758103488,2,55.0,66,65,1800.0,151.79685671195185,1800.0,1.729166666666667,False,65
650,5475.8627179941495,1.400529719074775,False,0,False,typical,91,True,24.46189588944005,0.55,0.75,6339.0,6470.49085534203,6471.0,6495.46189588944,1,55.0,64,63,1800.0,131.49085534203041,0.0,1.729166666666667,False,63
651,5482.519591178121,0.7751066247340321,True,1,False,typical,91,True,21.091994521652254,0.6699999999999999,0.8700000000000001,6349.0,6512.177979515234,6520.0,6541.091994521652,1,55.0,64,63,1800.0,163.17797951523448,1800.0,0.6041666666666667,False,63
652,5493.213912955822,1.3211872148992008,True,1,False,typical,91,True,23.699177414937523,0.6699999999999999,0.8700000000000001,6359.0,6494.299225124008,6496.0,6519.699177414937,1,55.0,65,64,1800.0,135.29922512400802,1800.0,0.6041666666666667,False,64
653,5495.153361794343,1.3236616052725696,True,1,False,typical,92,True,24.494394638308428,0.6699999999999999,0.8700000000000001,6369.0,6505.671405420326,6517.0,6541.494394638308,0,55.0,66,65,1800.0,136.67140542032595,1800.0,0.6041666666666667,False,65
654,5508.22753214358,1.248735546507065,False,0,False,typical,92,True,22.8937920655604,0.55,0.75,6384.0,6524.61455383195,6525.0,6547.893792065561,2,55.0,67,66,1800.0,140.61455383195005,0.0,0.5208333333333334,False,66
655,5510.939621308329,1.125861362054362,False,0,False,typical,92,True,21.329885051603416,0.55,0.75,6399.0,6545.871485496972,6546.0,6567.329885051603,0,55.0,68,67,1800.0,146.87148549697218,0.0,0.5208333333333334,False,67
656,5511.20310022431,1.5026291751399907,False,0,False,typical,92,True,21.42343058989699,0.55,0.75,6419.0,6555.072510393075,6556.0,6577.423430589897,1,55.0,69,68,1800.0,136.0725103930755,0.0,0.5208333333333334,False,68
657,5527.671185249181,1.184466977079687,True,2,False,typical,,True,8.101649533902503,0.79,0.99,6424.0,6568.454388686465,6569.0,6577.101649533903,0,55.0,68,67,1800.0,144.45438868646465,3600.0,0.6875,False,67
658,5543.035357062626,1.2319213841978827,True,2,False,typical,,True,4.612175388251477,0.79,0.99,6434.0,6576.665706053565,6577.0,6581.612175388252,2,55.0,68,67,1800.0,142.66570605356532,3600.0,0.6875,False,67
659,5546.44898578419,1.0336985340806208,True,1,False,typical,93,True,43.090215258228625,0.6699999999999999,0.8700000000000001,6469.0,6621.677002028805,6622.0,6665.090215258228,0,55.0,69,68,1800.0,152.67700202880468,1800.0,0.6041666666666667,False,68
660,5550.4271107669665,1.4602977207880696,False,0,False,typical,93,True,5.631043560368288,0.55,0.75,6474.0,6612.583552587289,6613.0,6618.631043560368,0,55.0,70,69,1800.0,138.58355258728918,0.0,0.5208333333333334,False,69
661,5554.907150709296,1.1933762294775196,True,2,False,typical,93,True,22.706928014671576,0.79,0.99,6479.0,6626.0077287828,6627.0,6649.706928014672,1,55.0,70,69,1800.0,147.00772878279963,3600.0,0.6875,False,69
662,5558.729516082351,1.0875649984220306,False,0,False,typical,,True,27.615150270457445,0.55,0.75,6494.0,6646.941690041332,6647.0,6674.615150270458,2,55.0,71,70,1800.0,152.94169004133138,0.0,0.5208333333333334,False,70
663,5563.47621246729,1.0423530986478458,True,1,False,typical,,True,28.64503550165017,0.6699999999999999,0.8700000000000001,6499.0,6654.135229048915,6655.0,6683.64503550165,1,55.0,71,70,1800.0,155.1352290489151,1800.0,0.6041666666666667,False,70
664,5567.94888810004,1.0998024230105496,True,2,False,typical,,True,13.644781083800137,0.79,0.99,6519.0,6672.828982385623,6675.0,6688.6447810838,2,55.0,72,71,1800.0,153.82898238562294,3600.0,0.6875,False,71
665,5570.0532303712125,1.4419131007896557,True,1,False,typical,,True,16.106117059906392,0.6699999999999999,0.8700000000000001,6524.0,6667.413768837303,6668.0,6684.106117059906,0,55.0,73,72,1800.0,143.4137688373034,1800.0,0.6041666666666667,False,72
666,5592.993420321742,0.9056652843969246,True,1,False,typical,,True,12.417396194707408,0.6699999999999999,0.8700000000000001,6529.0,6693.548837626391,6694.0,6706.417396194707,1,55.0,72,71,1800.0,164.54883762639093,1800.0,0.6041666666666667,False,71
667,5601.036966192631,1.5306661825590162,False,0,False,typical,,True,18.58246448842252,0.55,0.75,6549.0,6688.752067113451,6689.0,6707.582464488422,0,55.0,72,71,1800.0,139.75206711345075,0.0,0.5208333333333334,False,71
668,5607.090457023407,1.3135660340378827,False,0,False,typical,,True,27.30261110966414,0.55,0.75,6559.0,6706.140753791441,6707.0,6734.302611109664,1,55.0,73,72,1800.0,147.14075379144114,0.0,0.5208333333333334,False,72
669,5608.35287340352,1.0092867849216092,True,1,False,typical,,True,24.29182237561401,0.6699999999999999,0.8700000000000001,6569.0,6730.21392662391,6731.0,6755.291822375614,0,55.0,74,73,1800.0,161.2139266239098,1800.0,0.6041666666666667,False,73
670,5608.958605083992,1.038004127832785,True,2,False,typical,,False,11.028225028127506,0.79,0.99,6579.0,6752.15630181253,6753.0,6764.028225028127,1,55.0,75,74,1800.0,161.15630181253007,3600.0,0.6875,True,74
671,5614.5446356899365,1.1299446155948039,False,0,False,typical,,True,28.555289549488847,0.55,0.75,6614.0,6770.844952064839,6771.0,6799.555289549488,0,55.0,75,74,1800.0,156.844952064839,0.0,0.5208333333333334,False,74
672,5627.402431276093,1.2584934697030445,False,0,False,typical,,True,18.984408351073814,0.55,0.75,6624.0,6777.323047591481,6778.0,6796.984408351073,1,55.0,76,75,1800.0,153.32304759148084,0.0,0.5208333333333334,False,75
673,5628.25420819617,1.20222918758805,False,0,False,typical,,True,32.31006665962328,0.55,0.75,6629.0,6785.818348624228,6786.0,6818.310066659623,2,55.0,77,76,1800.0,156.81834862422755,0.0,0.5208333333333334,False,76
674,5635.911968703889,1.4271133212419698,False,0,False,typical,94,True,20.589282181471262,0.55,0.75,6649.0,6800.059336141951,6801.0,6821.589282181471,0,55.0,78,77,1800.0,151.05933614195072,0.0,0.5208333333333334,False,77
675,5638.474262823467,1.329139164623091,True,2,False,typical,94,True,13.286652452784333,0.79,0.99,6659.0,6814.350166549826,6815.0,6828.286652452784,1,55.0,79,78,1800.0,155.35016654982593,3600.0,0.6875,False,78
676,5647.591160982875,0.9530050586796587,True,1,False,typical,94,True,22.777513952008746,0.6699999999999999,0.8700000000000001,6669.0,6842.132180537845,6843.0,6865.777513952009,2,55.0,80,79,1800.0,173.13218053784496,1800.0,0.6041666666666667,False,79
677,5650.425843406606,1.4242810908602397,True,1,False,typical,94,True,26.069913338039647,0.6699999999999999,0.8700000000000001,6679.0,6833.035972895337,6834.0,6860.069913338039,0,55.0,80,79,1800.0,154.03597289533698,1800.0,0.6041666666666667,False,79
678,5658.498148920835,1.6792963406484065,False,0,False,typical,,True,17.61851644436157,0.55,0.75,6689.0,6837.171813166438,6838.0,6855.618516444361,1,55.0,80,79,1800.0,148.1718131664382,0.0,0.5208333333333334,False,79
679,5662.830007197156,1.637257547765728,False,0,False,typical,,True,23.090059557259703,0.55,0.75,6694.0,6844.462760085336,6856.0,6879.090059557259,1,55.0,81,80,1800.0,150.4627600853362,0.0,0.5208333333333334,False,80
680,5662.916252712662,1.1327155672740876,True,1,False,typical,95,True,16.42519984666026,0.6699999999999999,0.8700000000000001,6709.0,6875.875878977066,6876.0,6892.425199846661,0,55.0,82,81,1800.0,166.87587897706666,1800.0,0.6041666666666667,False,81
681,5663.225240347103,0.9953026993780227,True,2,False,typical,95,True,5.338401286934546,0.79,0.99,6734.0,6909.029570816366,6910.0,6915.338401286935,0,55.0,83,82,1800.0,175.02957081636592,3600.0,0.6875,False,82
682,5679.958508613509,1.2967055352103243,False,0,False,typical,95,True,12.133564611160612,0.55,0.75,6754.0,6914.735181015695,6915.0,6927.13356461116,1,55.0,82,81,1800.0,160.73518101569533,0.0,0.5208333333333334,False,81
683,5685.074768030497,1.390440786249748,True,1,False,typical,,True,17.381673211824435,0.6699999999999999,0.8700000000000001,6774.0,6933.325801688143,6934.0,6951.381673211825,0,55.0,83,82,1800.0,159.32580168814252,1800.0,0.6041666666666667,False,82
684,5710.274946055842,0.9265264885626283,True,1,False,typical,,True,18.333345751085265,0.6699999999999999,0.8700000000000001,6779.0,6956.68149767863,6957.0,6975.333345751085,0,55.0,82,81,1800.0,177.68149767863034,1800.0,0.6041666666666667,False,81
685,5710.6625590971325,0.9401618021618888,True,1,False,typical,,True,14.782260124888282,0.6699999999999999,0.8700000000000001,6789.0,6967.2705685973715,6968.0,6982.782260124888,2,55.0,83,82,1800.0,178.2705685973715,1800.0,0.6041666666666667,False,82
686,5740.067706295229,1.3850247803396418,True,1,False,typical,96,True,29.691894867028836,0.6699999999999999,0.8700000000000001,6804.0,6962.030480838121,6963.0,6992.691894867029,1,55.0,82,81,1800.0,158.03048083812092,1800.0,0.6041666666666667,False,81
687,5744.736907343694,1.1617347104086253,True,2,False,typical,96,True,11.86294226656324,0.79,0.99,6819.0,6986.112994495408,6987.0,6998.862942266564,0,55.0,83,82,1800.0,167.11299449540803,3600.0,0.6875,False,82
688,5753.568744068232,1.3342701758134197,True,1,False,typical,96,True,26.755935042794647,0.6699999999999999,0.8700000000000001,6834.0,6996.441036786249,6997.0,7023.755935042795,1,55.0,84,83,1800.0,162.44103678624907,1800.0,0.6041666666666667,False,83
689,5757.695099141229,1.2286015073301388,False,0,False,typical,96,True,12.959748307421828,0.55,0.75,6839.0,7006.436345858976,7007.0,7019.959748307422,0,55.0,85,84,1800.0,167.4363458589758,0.0,0.5208333333333334,False,84
690,5758.042404421354,1.0051190061539692,True,2,False,typical,,True,3.265389829155235,0.79,0.99,6844.0,7022.839888553749,7023.0,7026.2653898291555,0,55.0,86,85,1800.0,178.83988855374884,3600.0,0.6875,False,85
691,5770.43836940518,1.253871726718256,False,0,False,typical,,True,27.795400260816486,0.55,0.75,6859.0,7026.9841360420105,7027.0,7054.795400260817,0,55.0,86,85,1800.0,167.98413604201033,0.0,0.5208333333333334,False,85
692,5770.900216750847,1.0147928697088706,True,1,False,typical,,False,8.980360753843025,0.6699999999999999,0.8700000000000001,6879.0,7070.768252315055,7071.0,7079.980360753843,0,55.0,87,86,1800.0,179.7682523150549,1800.0,0.6041666666666667,True,86
693,5772.466656129666,1.5730950381748054,False,0,False,typical,,True,32.85759892641844,0.55,0.75,6914.0,7075.982922560492,7076.0,7108.857598926418,1,55.0,88,87,1800.0,161.98292256049206,0.0,0.5208333333333334,False,87
694,5783.530143169324,1.3317610465262262,True,2,False,typical,,True,44.380183755768684,0.79,0.99,6919.0,7087.318700050931,7088.0,7132.3801837557685,0,55.0,88,87,1800.0,168.31870005093054,3600.0,0.6875,False,87
695,5794.48275484609,1.0882084055022665,True,1,False,typical,,True,17.748273995878005,0.6699999999999999,0.8700000000000001,6934.0,7110.111789350189,7111.0,7128.748273995878,1,55.0,87,86,1800.0,176.11178935018845,1800.0,0.6041666666666667,False,86
696,5799.692565836213,1.4441088460931804,True,1,False,typical,,True,30.92200172813559,0.6699999999999999,0.8700000000000001,6959.0,7124.105771823082,7125.0,7155.922001728136,2,55.0,88,87,1800.0,165.1057718230826,1800.0,0.6041666666666667,False,87
697,5799.932353362215,1.0882254360534045,False,0,False,typical,,True,23.372153015104093,0.55,0.75,6964.0,7143.010998379403,7144.0,7167.372153015104,0,55.0,89,88,1800.0,179.01099837940276,0.0,0.5208333333333334,False,88
698,5800.929979132521,1.0280057233950666,False,0,False,typical,,True,25.89955675202623,0.55,0.75,6969.0,7152.421647654604,7153.0,7178.899556752026,1,55.0,90,89,1800.0,183.42164765460484,0.0,0.5208333333333334,False,89
699,5826.926529114155,1.181191566858713,False,0,False,typical,,True,17.85828759348558,0.55,0.75,6989.0,7164.033149909941,7165.0,7182.858287593485,2,55.0,89,88,1800.0,175.0331499099407,0.0,0.5208333333333334,False,88
700,5827.299891972643,0.9985419828801414,True,1,False,typical,,False,13.673519069836564,0.6699999999999999,0.8700000000000001,6999.0,7196.000308032078,7197.0,7210.673519069836,0,55.0,90,89,1800.0,185.00030803207784,1800.0,0.6041666666666667,True,89
701,5827.348120740827,0.7299559098992802,True,2,True,reduced,,True,8.104361775770666,0.79,0.99,7009.0,7215.717016517188,7216.0,7224.1043617757705,2,55.0,91,90,1800.0,206.71701651718791,3600.0,0.6875,False,90
702,5832.219736992504,1.3117748123216835,True,1,False,typical,,True,18.48196707380595,0.6699999999999999,0.8700000000000001,7024.0,7198.747928089011,7199.0,7217.481967073806,1,55.0,92,91,1800.0,174.74792808901142,1800.0,0.6041666666666667,False,91
703,5848.072609678638,1.079023301337499,True,1,False,typical,,True,21.682172860424803,0.6699999999999999,0.8700000000000001,7029.0,7211.342022505746,7212.0,7233.6821728604245,0,55.0,91,90,1800.0,182.3420225057466,1800.0,0.6041666666666667,False,90
704,5853.658119744353,1.1445514654336348,True,2,False,typical,,True,13.351786085143655,0.79,0.99,7074.0,7253.423758752702,7254.0,7267.351786085143,1,55.0,91,90,1800.0,179.4237587527025,3600.0,0.6875,False,90
705,5855.538287570507,1.5285505138208,True,1,False,typical,,True,10.709174620213359,0.6699999999999999,0.8700000000000001,7079.0,7246.3518007339,7247.0,7257.709174620213,0,55.0,91,90,1800.0,167.35180073389967,1800.0,0.6041666666666667,False,90
706,5856.935754983096,1.2686041682761526,False,0,False,typical,,True,10.376504726024043,0.55,0.75,7089.0,7265.17473694268,7266.0,7276.376504726024,0,55.0,92,91,1800.0,176.17473694268006,0.0,0.5208333333333334,False,91
707,5884.444336800494,1.0654599427516256,True,1,False,typical,,False,25.34633319356986,0.6699999999999999,0.8700000000000001,7114.0,7310.440898912407,7311.0,7336.34633319357,1,55.0,92,91,1800.0,184.44089891240642,1800.0,0.6041666666666667,True,91
708,5909.194632901606,1.3251384967657873,False,0,False,typical,,True,9.308087510834667,0.55,0.75,7129.0,7301.875095606411,7302.0,7311.308087510834,0,55.0,91,90,1800.0,172.87509560641118,0.0,0.5208333333333334,False,90
709,5916.581268212022,1.5801996052386464,True,1,False,typical,,True,21.880674470733556,0.6699999999999999,0.8700000000000001,7144.0,7311.625729489911,7312.0,7333.8806744707335,0,55.0,92,91,1800.0,167.6257294899107,1800.0,0.6041666666666667,False,91
710,5951.658830427843,1.6510399178201127,True,2,False,typical,,True,23.42176902558306,0.79,0.99,7154.0,7317.232338124821,7318.0,7341.421769025583,2,55.0,90,89,1800.0,163.23233812482084,3600.0,0.6875,False,89
711,5958.168353428904,1.9855251648717804,False,0,False,typical,,True,36.08801342909777,0.55,0.75,7169.0,7326.620479940052,7334.0,7370.088013429097,0,55.0,90,89,1800.0,157.6204799400524,0.0,0.5208333333333334,False,89
712,5967.091852358828,1.3196670192123667,False,0,False,typical,,True,33.64068280703626,0.55,0.75,7199.0,7370.597180075945,7371.0,7404.640682807037,0,55.0,90,89,1800.0,171.59718007594546,0.0,1.0416666666666667,False,89
713,5967.984029261328,1.73527172728049,False,0,False,typical,,True,22.891576405398236,0.55,0.75,7199.0,7360.615324216568,7361.0,7383.891576405398,1,55.0,90,89,1800.0,161.61532421656852,0.0,1.0416666666666667,False,89
714,5995.082189825191,1.2938277111990366,False,0,False,typical,,True,23.242307929722802,0.55,0.75,7214.0,7384.979523890959,7385.0,7408.242307929723,2,55.0,89,88,1800.0,170.9795238909588,0.0,0.5208333333333334,False,88
715,6013.17328532203,1.4881894478300923,True,2,False,typical,,True,29.862850701301504,0.79,0.99,7219.0,7384.4276602496375,7385.0,7414.862850701302,1,55.0,89,88,1800.0,165.42766024963737,3600.0,0.6875,False,88
716,6013.412806205506,0.795214146301627,True,2,True,reduced,97,True,26.200204243572625,0.79,0.99,7249.0,7448.083759543003,7449.0,7475.200204243572,1,55.0,90,89,1800.0,199.08375954300283,3600.0,0.6875,False,89
717,6014.371017357576,0.8743479018248267,True,1,False,typical,97,True,5.597475902378966,0.6699999999999999,0.8700000000000001,7254.0,7448.274022397962,7449.0,7454.597475902379,2,55.0,91,90,1800.0,194.27402239796203,1800.0,0.6041666666666667,False,90
718,6016.15181984964,1.1994359665564223,True,1,False,typical,97,True,19.172408534973012,0.6699999999999999,0.8700000000000001,7269.0,7447.6748864079045,7448.0,7467.172408534973,0,55.0,92,91,1800.0,178.6748864079046,1800.0,0.6041666666666667,False,91
719,6022.02920188791,1.0781559085519075,False,0,False,typical,,True,6.680180283604124,0.55,0.75,7304.0,7487.833030271171,7488.0,7494.680180283604,0,55.0,92,91,1800.0,183.8330302711707,0.0,0.5208333333333334,False,91
720,6039.236461241722,1.0661050988496428,False,0,False,typical,,True,11.898699156597994,0.55,0.75,7314.0,7498.409660399661,7499.0,7510.898699156598,1,55.0,92,91,1800.0,184.4096603996609,0.0,1.1250000000000002,False,91
721,6039.341650361731,0.9807028845746099,True,1,False,typical,,True,24.764159779870564,0.6699999999999999,0.8700000000000001,7314.0,7502.9022251724655,7503.0,7527.76415977987,2,55.0,92,91,1800.0,188.9022251724658,1800.0,1.1250000000000002,False,91
722,6039.729021130725,1.2681826466065977,True,1,False,typical,,True,12.445195064015486,0.6699999999999999,0.8700000000000001,7319.0,7496.639147296857,7497.0,7509.445195064016,0,55.0,93,92,1800.0,177.6391472968574,1800.0,0.6041666666666667,False,92
723,6043.078387609571,1.3343387565139047,True,1,False,typical,,True,26.898418562588343,0.6699999999999999,0.8700000000000001,7334.0,7510.938918158155,7511.0,7537.898418562589,0,55.0,94,93,1800.0,176.93891815815428,1800.0,0.6041666666666667,False,93
724,6043.982898228269,1.069359369357892,False,0,False,typical,,True,22.097815547342176,0.55,0.75,7364.0,7552.602662934468,7553.0,7575.097815547342,0,55.0,95,94,1800.0,188.60266293446824,0.0,0.5208333333333334,False,94
725,6048.523427437178,0.9526580343858151,True,2,False,typical,,True,6.802215031681089,0.79,0.99,7374.0,7568.9032033266885,7569.0,7575.802215031681,2,55.0,95,94,1800.0,194.90320332668887,3600.0,0.6875,False,94
726,6066.706095845128,1.5812898422028563,True,1,False,typical,,True,41.66562534005458,0.6699999999999999,0.8700000000000001,7389.0,7559.501732312516,7560.0,7601.665625340054,1,55.0,94,93,1800.0,170.50173231251574,1800.0,1.2083333333333335,False,93
727,6073.111224691688,0.7138747505813994,True,1,False,typical,98,True,21.908087296536866,0.6699999999999999,0.8700000000000001,7389.0,7601.7643273910535,7602.0,7623.908087296537,0,55.0,94,93,1800.0,212.7643273910535,1800.0,1.2083333333333335,False,93
728,6076.431594852895,1.221445971583861,True,2,False,typical,98,True,20.38412468282646,0.79,0.99,7449.0,7629.748598300325,7630.0,7650.384124682826,0,55.0,94,93,1800.0,180.7485983003251,3600.0,1.8125000000000002,False,93
729,6085.432097875423,1.3995821546090141,False,0,False,typical,,True,10.899790114351392,0.55,0.75,7449.0,7622.567443039608,7623.0,7633.899790114351,1,55.0,93,92,1800.0,173.5674430396083,0.0,1.8125000000000002,False,92
730,6120.156670729802,0.9253175379939316,True,1,False,typical,,True,17.57135450885168,0.6699999999999999,0.8700000000000001,7449.0,7639.809054964027,7640.0,7657.571354508852,1,55.0,91,90,1800.0,190.8090549640276,1800.0,1.8125000000000002,False,90
731,6128.093717541239,1.0112632651297877,False,0,False,typical,,True,16.359328011544132,0.55,0.75,7489.0,7676.207420068048,7677.0,7693.359328011544,0,55.0,92,91,1800.0,187.20742006804844,0.0,0.5208333333333334,False,91
732,6135.392212113702,1.1460038349863033,False,0,False,typical,,True,22.325922358702815,0.55,0.75,7499.0,7679.812858593407,7680.0,7702.325922358703,1,55.0,92,91,1800.0,180.81285859340719,0.0,1.1250000000000002,False,91
733,6135.549755197151,1.081514318737254,True,1,False,typical,99,True,8.797331325708171,0.6699999999999999,0.8700000000000001,7499.0,7682.674620273744,7683.0,7691.797331325708,2,55.0,92,91,1800.0,183.674620273744,1800.0,1.1250000000000002,False,91
734,6136.345666096335,1.1146273236818682,True,1,False,typical,99,True,16.78175167775585,0.6699999999999999,0.8700000000000001,7504.0,7687.613846890746,7692.0,7708.781751677756,2,55.0,93,92,1800.0,183.61384689074595,1800.0,0.6041666666666667,False,92
735,6144.976353446502,1.3873364810976139,True,2,False,typical,,True,32.35955039495397,0.79,0.99,7514.0,7689.36431177971,7694.0,7726.359550394954,0,55.0,94,93,1800.0,175.3643117797103,3600.0,0.6875,False,93
736,6150.928487545105,1.3785655182204617,True,1,False,typical,100,False,25.19202628302787,0.6699999999999999,0.8700000000000001,7554.0,7743.066544105497,7744.0,7769.192026283028,0,55.0,95,94,1800.0,177.06654410549703,1800.0,0.6041666666666667,True,94
737,6159.130668507351,1.1573181133628663,True,1,False,typical,100,True,13.10662025270749,0.6699999999999999,0.8700000000000001,7564.0,7748.693666453456,7749.0,7762.106620252707,2,55.0,95,94,1800.0,184.69366645345616,1800.0,0.6041666666666667,False,94
738,6174.772590424025,1.3883948536986206,False,0,False,typical,,True,15.662567016829978,0.55,0.75,7569.0,7745.784090943569,7746.0,7761.66256701683,1,55.0,95,94,1800.0,176.78409094356874,0.0,0.5208333333333334,False,94
739,6191.47959015309,0.8332568125308887,True,1,True,reduced,101,True,21.966746034222016,0.6699999999999999,0.8700000000000001,7604.0,7807.176061004105,7808.0,7829.966746034222,1,55.0,95,94,1800.0,203.17606100410507,1800.0,0.6041666666666667,False,94
740,6195.0501143313595,1.247386426034423,False,0,False,typical,101,True,9.457816988410265,0.55,0.75,7624.0,7805.262190561069,7806.0,7815.45781698841,0,55.0,95,94,1800.0,181.26219056106854,0.0,0.5208333333333334,False,94
741,6207.251955608691,1.494861308454113,False,0,False,typical,101,True,21.610844791873628,0.55,0.75,7634.0,7807.962710928398,7808.0,7829.610844791873,2,55.0,95,94,1800.0,173.96271092839868,0.0,0.5208333333333334,False,94
742,6233.249333870383,1.3377841344733203,False,0,False,typical,,True,21.05036433197701,0.55,0.75,7644.0,7819.382761455833,7820.0,7841.050364331977,0,55.0,93,92,1800.0,175.38276145583325,0.0,0.5208333333333334,False,92
743,6234.646441537175,1.1876138561028964,True,1,False,typical,,True,86.65081976867565,0.6699999999999999,0.8700000000000001,7679.0,7859.581349196009,7860.0,7946.650819768675,0,55.0,93,92,1800.0,180.581349196009,1800.0,0.6041666666666667,False,92
744,6242.222074663958,1.2144941370868245,False,0,False,typical,,True,15.392489414106306,0.55,0.75,7684.0,7865.006344594406,7866.0,7881.392489414106,1,55.0,94,93,1800.0,181.00634459440624,0.0,1.0416666666666667,False,93
745,6242.952833336671,1.1940494082654962,False,0,False,typical,,True,46.78383121808534,0.55,0.75,7684.0,7865.781745535215,7866.0,7912.783831218086,2,55.0,94,93,1800.0,181.78174553521555,0.0,1.0416666666666667,False,93
746,6244.373187810812,0.9754449565530147,True,1,False,typical,102,True,8.806406798213434,0.6699999999999999,0.8700000000000001,7694.0,7887.554524447547,7888.0,7896.806406798213,1,55.0,95,94,1800.0,193.55452444754712,1800.0,1.1250000000000002,False,94
747,6251.44126801011,1.2791437930118166,False,0,False,typical,102,True,3.502543717498662,0.55,0.75,7694.0,7872.717511538948,7882.0,7885.502543717499,1,55.0,94,93,1800.0,178.71751153894854,0.0,1.1250000000000002,False,93
748,6253.476632363962,1.097282149528531,True,1,False,typical,102,True,33.49533943503405,0.6699999999999999,0.8700000000000001,7744.0,7931.29384464983,7932.0,7965.495339435034,2,55.0,95,94,1800.0,187.29384464983036,1800.0,0.6041666666666667,False,94
749,6256.88217087373,1.1627855305322037,True,1,False,typical,,True,6.553529248822415,0.6699999999999999,0.8700000000000001,7749.0,7934.9202101899455,7947.0,7953.553529248822,0,55.0,96,95,1800.0,185.92021018994504,1800.0,1.1250000000000002,False,95
750,6257.56340423694,1.34282719286574,False,0,False,typical,,True,23.43397861071501,0.55,0.75,7749.0,7928.578360310402,7929.0,7952.433978610715,1,55.0,96,95,1800.0,179.5783603104015,0.0,1.1250000000000002,False,95
751,6261.995957012846,1.1212525082298488,True,1,False,typical,,True,13.884465075093495,0.6699999999999999,0.8700000000000001,7809.0,7998.122287148797,7999.0,8012.884465075093,1,55.0,97,96,1800.0,189.1222871487975,1800.0,1.8125000000000002,False,96
752,6265.614906241325,1.0119543496622472,True,1,False,typical,103,True,44.28611750502612,0.6699999999999999,0.8700000000000001,7809.0,8003.420277775234,8004.0,8048.286117505026,2,55.0,97,96,1800.0,194.42027777523458,1800.0,1.8125000000000002,False,96
753,6265.751509784659,1.333621526511582,True,1,False,typical,103,True,34.37938456513538,0.6699999999999999,0.8700000000000001,7809.0,7990.311085950274,7991.0,8025.379384565135,0,55.0,97,96,1800.0,181.31108595027416,1800.0,1.8125000000000002,False,96
754,6275.057795614254,1.0058699027311262,True,1,False,typical,103,True,145.90073988455612,0.6699999999999999,0.8700000000000001,7824.0,8018.74903935754,8019.0,8164.900739884556,1,55.0,97,96,1800.0,194.7490393575398,1800.0,0.6041666666666667,False,96
755,6288.289207338979,1.149167565570791,False,0,False,typical,104,True,16.501423670828064,0.55,0.75,7864.0,8051.930731235207,8052.0,8068.501423670828,2,55.0,97,96,1800.0,187.93073123520634,0.0,0.5208333333333334,False,96
756,6313.021936079775,1.433808466902873,False,0,False,typical,104,True,4.528333957275445,0.55,0.75,7869.0,8047.429377329389,8048.0,8052.528333957275,0,55.0,97,96,1800.0,178.42937732938896,0.0,1.2083333333333335,False,96
757,6318.43320772412,0.958497638411256,True,2,False,typical,104,True,14.944062936874463,0.79,0.99,7869.0,8065.0014663655975,8066.0,8080.944062936875,0,55.0,96,95,1800.0,196.00146636559737,3600.0,1.2083333333333335,False,95
758,6323.973869458884,0.9430767333407684,True,1,False,typical,,True,12.962650254163977,0.6699999999999999,0.8700000000000001,7884.0,8082.389750721839,8083.0,8095.962650254164,0,55.0,97,96,1800.0,198.38975072183916,1800.0,0.6041666666666667,False,96
759,6341.795368566727,0.8938337320305416,True,1,False,typical,,True,15.628244348720557,0.6699999999999999,0.8700000000000001,7889.0,8090.602696774662,8091.0,8106.628244348721,2,55.0,97,96,1800.0,201.6026967746622,1800.0,0.6041666666666667,False,96
760,6348.219975240647,1.0440325059077173,True,1,False,typical,,True,23.098574578675393,0.6699999999999999,0.8700000000000001,7929.0,8123.2003520855715,8124.0,8147.098574578676,2,55.0,98,97,1800.0,194.20035208557144,1800.0,0.6041666666666667,False,97
761,6368.668541272766,1.3290059403980263,True,1,False,typical,,True,30.75902183128667,0.6699999999999999,0.8700000000000001,7934.0,8115.454314643114,8116.0,8146.759021831287,0,55.0,97,96,1800.0,181.45431464311434,1800.0,0.6041666666666667,False,96
762,6375.609079312128,0.9910893753087381,True,2,False,typical,,True,10.143128678019613,0.79,0.99,7949.0,8144.564490577973,8147.0,8157.14312867802,0,55.0,97,96,1800.0,195.56449057797306,3600.0,0.6875,False,96
763,6381.013482029414,1.3581066571826048,False,0,False,typical,,True,19.74542195373286,0.55,0.75,7994.0,8176.017555703097,8177.0,8196.745421953732,0,55.0,98,97,1800.0,182.01755570309743,0.0,0.5208333333333334,False,97
764,6389.353484316321,1.0767829980850308,True,1,False,typical,,True,13.367038076402928,0.6699999999999999,0.8700000000000001,7999.0,8191.598072460109,8192.0,8205.367038076403,2,55.0,98,97,1800.0,192.59807246010843,1800.0,0.6041666666666667,False,97
765,6405.183047683054,1.2247923686638071,True,1,False,typical,,True,37.72022360612856,0.6699999999999999,0.8700000000000001,8004.0,8190.425570451915,8191.0,8228.72022360613,1,55.0,98,97,1800.0,186.42557045191464,1800.0,0.6041666666666667,False,97
766,6431.411858746997,1.038628529875063,False,0,False,typical,105,True,13.914761100158193,0.55,0.75,8019.0,8212.02444754114,8213.0,8226.914761100159,0,55.0,97,96,1800.0,193.02444754113964,0.0,0.5208333333333334,False,96
767,6453.3416058992925,1.1520664968387182,True,1,False,typical,105,True,8.706601295955007,0.6699999999999999,0.8700000000000001,8049.0,8236.810299844601,8237.0,8245.706601295955,1,55.0,97,96,1800.0,187.81029984460145,1800.0,0.6041666666666667,False,96
768,6453.994603786646,1.3994187704058931,True,1,False,typical,,True,31.509613646190203,0.6699999999999999,0.8700000000000001,8054.0,8234.822031073978,8235.0,8266.50961364619,0,55.0,98,97,1800.0,180.82203107397766,1800.0,0.6041666666666667,False,97
769,6454.350021650088,1.2825622248968924,True,1,False,typical,,True,25.75675545363164,0.6699999999999999,0.8700000000000001,8069.0,8254.852909641613,8255.0,8280.75675545363,1,55.0,99,98,1800.0,185.85290964161334,1800.0,0.6041666666666667,False,98
770,6481.063926030858,1.1880138001941143,True,1,False,typical,,True,4.508705462086525,0.6699999999999999,0.8700000000000001,8084.0,8270.365758509719,8271.0,8275.508705462087,0,55.0,97,96,1800.0,186.36575850971877,1800.0,0.6041666666666667,False,96
771,6489.689377534671,1.4144929482751103,False,0,False,typical,,True,26.53241983342153,0.55,0.75,8094.0,8274.403191370497,8275.0,8301.532419833422,2,55.0,98,97,1800.0,180.40319137049727,0.0,0.5208333333333334,False,97
772,6496.0851297359095,1.3401803450656118,False,0,False,typical,,True,21.917310176720136,0.55,0.75,8119.0,8301.559252815865,8302.0,8323.917310176721,1,55.0,98,97,1800.0,182.55925281586437,0.0,0.5208333333333334,False,97
773,6508.616849979235,1.57980055049053,False,0,False,typical,106,True,8.033656520328314,0.55,0.75,8124.0,8300.334521353929,8301.0,8309.033656520329,0,55.0,98,97,1800.0,176.33452135392815,0.0,0.5208333333333334,False,97
774,6513.350205407991,1.1317814728754412,True,1,False,typical,106,True,6.03029640328668,0.6699999999999999,0.8700000000000001,8149.0,8340.565953651958,8341.0,8347.030296403287,0,55.0,99,98,1800.0,191.56595365195827,1800.0,0.6041666666666667,False,98
775,6533.975002298846,1.5882795709816193,False,0,False,typical,106,True,38.64328228515561,0.55,0.75,8179.0,8353.698664250845,8354.0,8392.643282285155,0,55.0,97,96,1800.0,174.69866425084587,0.0,0.5208333333333334,False,96
776,6549.786375849183,1.9235746973708432,False,0,False,typical,106,True,6.5232113907871545,0.55,0.75,8194.0,8362.66259901639,8363.0,8369.523211390788,1,55.0,97,96,1800.0,168.6625990163909,0.0,1.1250000000000002,False,96
777,6557.577784632502,0.9124181333382199,True,1,False,typical,,True,22.80581277855244,0.6699999999999999,0.8700000000000001,8194.0,8394.349380681282,8395.0,8417.805812778552,0,55.0,97,96,1800.0,200.3493806812828,1800.0,1.1250000000000002,False,96
778,6559.5713589776415,1.3150274582800277,False,0,False,typical,,True,29.526873362358923,0.55,0.75,8214.0,8395.894221732933,8396.0,8425.52687336236,1,55.0,97,96,1800.0,181.8942217329336,0.0,0.5208333333333334,False,96
779,6560.226619141937,1.3448848043737514,True,1,False,typical,,True,22.47305372141653,0.6699999999999999,0.8700000000000001,8239.0,8421.415695914722,8422.0,8444.473053721416,0,55.0,98,97,1800.0,182.4156959147225,1800.0,1.2916666666666667,False,97
780,6589.889623310765,1.4030479974502643,True,2,False,typical,107,True,16.30391140640715,0.79,0.99,8239.0,8416.820369552539,8417.0,8433.303911406407,2,55.0,96,95,1800.0,177.82036955253886,3600.0,1.2916666666666667,False,95
781,6594.67313362248,1.3960253369754478,True,1,False,typical,107,True,3.0152514715733956,0.6699999999999999,0.8700000000000001,8259.0,8438.467565748455,8439.0,8442.015251471574,1,55.0,97,96,1800.0,179.4675657484555,1800.0,0.6041666666666667,False,96
782,6605.338837088658,1.4513891946056934,True,1,False,typical,107,True,12.16593260622239,0.6699999999999999,0.8700000000000001,8274.0,8453.414728860058,8454.0,8466.165932606222,0,55.0,98,97,1800.0,179.41472886005752,1800.0,0.6041666666666667,False,97
783,6610.497607699886,1.0786956630103168,True,1,False,typical,107,True,12.96914657734548,0.6699999999999999,0.8700000000000001,8279.0,8472.957504526079,8473.0,8485.969146577345,0,55.0,99,98,1800.0,193.9575045260787,1800.0,0.6041666666666667,False,98
784,6632.659200125621,1.065128740174999,True,1,False,typical,,True,8.540716662562245,0.6699999999999999,0.8700000000000001,8304.0,8495.706950469446,8496.0,8504.540716662563,0,55.0,97,96,1800.0,191.70695046944616,1800.0,1.2083333333333335,False,96
785,6658.6818238595415,0.812627810966701,True,1,False,typical,,True,8.872963916930424,0.6699999999999999,0.8700000000000001,8304.0,8510.301660974133,8511.0,8519.87296391693,0,55.0,96,95,1800.0,206.3016609741329,1800.0,1.2083333333333335,False,95
786,6672.99527074812,1.6543727399842325,False,0,False,typical,,True,11.4724345047796,0.55,0.75,8344.0,8514.41522864208,8515.0,8526.47243450478,1,55.0,95,94,1800.0,170.4152286420799,0.0,0.5208333333333334,False,94
787,6676.644238275184,1.118398914147738,True,1,False,typical,,True,38.47018722324291,0.6699999999999999,0.8700000000000001,8354.0,8541.79744402668,8542.0,8580.470187223244,0,55.0,96,95,1800.0,187.79744402667993,1800.0,0.6041666666666667,False,95
788,6687.043122463309,1.1381969310022844,True,2,False,typical,,True,9.538438413938174,0.79,0.99,8364.0,8550.9420420842,8551.0,8560.538438413938,1,55.0,96,95,1800.0,186.94204208420027,3600.0,0.6875,False,95
789,6688.541615382083,1.3645300493333627,True,2,False,typical,108,True,12.51627151893054,0.79,0.99,8399.0,8579.376917408576,8580.0,8592.51627151893,2,55.0,97,96,1800.0,180.376917408576,3600.0,1.2083333333333335,False,96
790,6694.074265211168,1.8145683530036525,False,0,False,typical,108,True,25.76195266977231,0.55,0.75,8399.0,8566.480238745737,8567.0,8592.761952669773,1,55.0,95,94,1800.0,167.48023874573727,0.0,1.2083333333333335,False,94
791,6703.409781274277,1.0633789884729725,True,1,False,typical,109,True,20.76772564133528,0.6699999999999999,0.8700000000000001,8419.0,8609.341917205624,8610.0,8630.767725641335,0,55.0,96,95,1800.0,190.34191720562467,1800.0,0.6041666666666667,False,95
792,6712.967863193535,0.9533818444929009,False,0,False,typical,109,True,21.868951805360005,0.55,0.75,8424.0,8620.309372120626,8621.0,8642.86895180536,1,55.0,96,95,1800.0,196.30937212062625,0.0,0.5208333333333334,False,95
793,6722.6369465810185,1.2406558626452824,True,1,False,typical,110,True,28.465795801283956,0.6699999999999999,0.8700000000000001,8439.0,8623.401390884439,8624.0,8652.465795801283,2,55.0,97,96,1800.0,184.40139088443988,1800.0,0.6041666666666667,False,96
794,6730.924576969915,1.4463010802617917,True,1,False,typical,110,True,9.157186214042145,0.6699999999999999,0.8700000000000001,8454.0,8633.548043227378,8634.0,8643.157186214043,0,55.0,98,97,1800.0,179.54804322737874,1800.0,0.6041666666666667,False,97
795,6733.643430477606,1.2865868014785782,False,0,False,typical,110,True,19.809899668873445,0.55,0.75,8474.0,8659.718767465041,8660.0,8679.809899668873,0,55.0,99,98,1800.0,185.71876746504208,0.0,0.5208333333333334,False,98
796,6739.435082992276,1.3107590844913124,True,1,False,typical,110,True,19.55696521475287,0.6699999999999999,0.8700000000000001,8499.0,8683.930418699936,8684.0,8703.556965214753,0,55.0,99,98,1800.0,184.9304186999358,1800.0,0.6041666666666667,False,98
797,6749.03889982372,1.4980740193497568,True,2,False,typical,,True,5.521084853866827,0.79,0.99,8514.0,8695.133806720894,8696.0,8701.521084853866,1,55.0,100,99,1800.0,181.13380672089414,3600.0,0.6875,False,99
798,6749.202985093411,1.3690967185510239,True,1,False,typical,111,True,43.50476908189483,0.6699999999999999,0.8700000000000001,8519.0,8705.04247229853,8706.0,8749.504769081896,0,55.0,101,100,1800.0,186.0424722985305,1800.0,0.6041666666666667,False,100
799,6764.299477066891,1.2173808384145246,True,1,False,typical,111,True,34.690240151621566,0.6699999999999999,0.8700000000000001,8544.0,8735.04895983284,8736.0,8770.690240151622,1,55.0,101,100,1800.0,191.04895983284092,1800.0,0.6041666666666667,False,100
800,6768.214234988869,1.2810831303818386,False,0,False,typical,111,True,5.903171654496815,0.55,0.75,8554.0,8744.252420773979,8745.0,8750.903171654496,2,55.0,102,101,1800.0,190.25242077397957,0.0,0.5208333333333334,False,101
801,6768.286676272562,0.8115687624147031,True,2,False,typical,,True,22.414775718020323,0.79,0.99,8569.0,8785.539981481736,8786.0,8808.41477571802,0,55.0,103,102,1800.0,216.5399814817362,3600.0,0.6875,False,102
802,6770.56220215974,0.8255582093231275,True,1,False,typical,,True,15.078184432166525,0.6699999999999999,0.8700000000000001,8584.0,8800.841589342675,8801.0,8816.078184432166,1,55.0,104,103,1800.0,216.8415893426756,1800.0,0.6041666666666667,False,103
803,6779.732761223907,1.242272627677724,True,1,False,typical,,True,22.27280154640572,0.6699999999999999,0.8700000000000001,8614.0,8807.043695463142,8808.0,8830.272801546405,2,55.0,103,102,1800.0,193.0436954631414,1800.0,0.6041666666666667,False,102
804,6782.910925754441,1.129648444048719,True,1,False,typical,,True,19.237898069945242,0.6699999999999999,0.8700000000000001,8624.0,8822.907713677432,8823.0,8842.237898069945,0,55.0,104,103,1800.0,198.9077136774315,1800.0,1.1250000000000002,False,103
805,6789.094772653292,0.7003837613338049,False,0,True,reduced,,True,43.28984365423391,0.55,0.75,8624.0,8851.2983769219,8852.0,8895.289843654235,0,55.0,103,102,1800.0,227.2983769219013,0.0,1.1250000000000002,False,102
806,6792.189539669077,1.080884070061327,False,0,False,typical,,True,9.04771746035404,0.55,0.75,8634.0,8835.104272905308,8836.0,8845.047717460355,1,55.0,104,103,1800.0,201.10427290530743,0.0,0.5208333333333334,False,103
807,6808.062324013447,0.7613252818196328,True,1,True,reduced,,True,35.543527589737586,0.6699999999999999,0.8700000000000001,8664.0,8886.46244526406,8896.0,8931.543527589738,0,55.0,104,103,1800.0,222.4624452640602,1800.0,0.6041666666666667,False,103
808,6818.273836333318,1.290045283719041,False,0,False,typical,,True,21.09070062757018,0.55,0.75,8684.0,8878.30416229967,8879.0,8900.09070062757,1,55.0,105,104,1800.0,194.3041622996689,0.0,0.5208333333333334,False,104
809,6824.966335325933,1.6512834646285741,False,0,False,typical,112,True,17.820457393675,0.55,0.75,8699.0,8883.977424908036,8884.0,8901.820457393675,2,55.0,105,104,1800.0,184.97742490803734,0.0,0.5208333333333334,False,104
810,6828.098389549151,1.2103052254448479,False,0,False,typical,112,True,59.44749993916496,0.55,0.75,8709.0,8907.563082326431,8908.0,8967.447499939164,1,55.0,106,105,1800.0,198.56308232643113,0.0,0.5208333333333334,False,105
811,6841.521339481586,1.054645908776063,True,1,False,typical,112,True,12.731275569462555,0.6699999999999999,0.8700000000000001,8739.0,8942.820204672797,8943.0,8955.731275569462,2,55.0,105,104,1800.0,203.8202046727973,1800.0,0.6041666666666667,False,104
812,6844.142530626181,1.5862433462553343,False,0,False,typical,,True,20.647003486907582,0.55,0.75,8749.0,8935.343116284357,8936.0,8956.647003486907,0,55.0,105,104,1800.0,186.34311628435776,0.0,0.5208333333333334,False,104
813,6857.567140107755,1.2355227465898961,True,1,False,typical,,True,28.260840283620524,0.6699999999999999,0.8700000000000001,8789.0,8986.635570556513,8987.0,9015.260840283621,0,55.0,106,105,1800.0,197.6355705565136,1800.0,0.6041666666666667,False,105
814,6862.199439354706,1.2509791617039132,True,1,False,typical,,True,64.41237585509434,0.6699999999999999,0.8700000000000001,8804.0,9001.085560485506,9002.0,9066.412375855094,1,55.0,106,105,1800.0,197.08556048550523,1800.0,0.6041666666666667,False,105
815,6868.301539256517,1.1669633259030776,False,0,False,typical,,True,20.887224460030637,0.55,0.75,8809.0,9010.700872735386,9011.0,9031.88722446003,2,55.0,107,106,1800.0,201.70087273538536,0.0,0.5208333333333334,False,106
816,6874.715611858839,1.7551665090612416,False,0,False,typical,,True,13.246377252855218,0.55,0.75,8824.0,9011.356058269148,9016.0,9029.246377252855,0,55.0,108,107,1800.0,187.3560582691479,0.0,0.5208333333333334,False,107
817,6887.110128156801,1.274712115803371,False,0,False,typical,,True,19.4501305763494,0.55,0.75,8839.0,9038.166997128317,9039.0,9058.45013057635,0,55.0,108,107,1800.0,199.16699712831783,0.0,0.5208333333333334,False,107
818,6891.2146422040005,1.3024432372677137,True,1,False,typical,,True,11.193874818909418,0.6699999999999999,0.8700000000000001,8854.0,9053.69832782746,9054.0,9065.19387481891,2,55.0,109,108,1800.0,199.69832782746053,1800.0,0.6041666666666667,False,108
819,6907.7512574783495,0.9312184024489928,True,1,False,typical,,True,38.92563022421599,0.6699999999999999,0.8700000000000001,8879.0,9096.98240668715,9097.0,9135.925630224216,2,55.0,110,109,1800.0,217.98240668714942,1800.0,0.6041666666666667,False,109
820,6908.133215574607,1.0840401242475792,True,1,False,typical,,True,10.190367061367159,0.6699999999999999,0.8700000000000001,8884.0,9095.106129382826,9096.0,9106.190367061366,0,55.0,111,110,1800.0,211.10612938282605,1800.0,0.6041666666666667,False,110
821,6920.976154793759,1.4542547446216665,False,0,False,typical,,True,49.85879147933387,0.55,0.75,8899.0,9095.740058833164,9096.0,9145.858791479333,1,55.0,110,109,1800.0,196.74005883316448,0.0,0.5208333333333334,False,109
822,6923.247044873734,1.3707208187464046,False,0,False,typical,,True,13.700957956322828,0.55,0.75,8909.0,9109.49487389686,9110.0,9123.700957956324,0,55.0,111,110,1800.0,200.49487389685987,0.0,0.5208333333333334,False,110
823,6935.758229907376,1.1416783632398881,True,2,False,typical,,True,13.119224513563118,0.79,0.99,8939.0,9147.5446889237,9148.0,9161.119224513563,0,55.0,111,110,1800.0,208.54468892369948,3600.0,0.6875,False,110
824,6939.308736443865,1.235439297270921,True,1,False,typical,,True,20.21387630882984,0.6699999999999999,0.8700000000000001,8944.0,9150.338577417357,9151.0,9171.21387630883,1,55.0,112,111,1800.0,206.33857741735648,1800.0,0.6041666666666667,False,111
825,6946.877066282589,1.3252898114319278,True,1,False,typical,,True,16.34151634967877,0.6699999999999999,0.8700000000000001,8989.0,9193.770356771456,9194.0,9210.34151634968,0,55.0,113,112,1800.0,204.7703567714555,1800.0,0.6041666666666667,False,112
826,6952.151849900337,1.1669384097929325,False,0,False,typical,,True,30.29130057779502,0.55,0.75,9004.0,9215.85187905929,9216.0,9246.291300577795,0,55.0,114,113,1800.0,211.8518790592894,0.0,0.5208333333333334,False,113
827,6955.443473493731,1.1340027339933845,True,1,False,typical,,True,1.7817195070696183,0.6699999999999999,0.8700000000000001,9014.0,9228.67076490232,9229.0,9230.78171950707,1,55.0,115,114,1800.0,214.67076490231887,1800.0,0.6041666666666667,False,114
828,6960.682196988197,1.0748268637545932,True,2,False,typical,113,True,20.288814435977404,0.79,0.99,9019.0,9236.34103214919,9237.0,9257.288814435977,1,55.0,115,114,1800.0,217.3410321491906,3600.0,0.6875,False,114
829,6962.310742053129,1.7268310435065324,True,1,False,typical,113,True,42.966935625809604,0.6699999999999999,0.8700000000000001,9039.0,9238.470249743204,9239.0,9281.96693562581,2,55.0,116,115,1800.0,199.47024974320362,1800.0,0.6041666666666667,False,115
830,6963.93264794754,1.178681122548219,False,0,False,typical,,True,10.35918280231658,0.55,0.75,9054.0,9269.732323632616,9270.0,9280.359182802316,0,55.0,117,116,1800.0,215.7323236326159,0.0,0.5208333333333334,False,116
831,6964.151309297109,0.9882012731205303,True,1,False,typical,114,True,5.076538352337705,0.6699999999999999,0.8700000000000001,9099.0,9323.726677942057,9328.0,9333.076538352338,0,55.0,117,116,1800.0,224.72667794205694,1800.0,1.8125000000000002,False,116
832,6973.677243696376,1.1371651653068897,True,2,False,typical,114,True,21.71724661018248,0.79,0.99,9099.0,9314.985885341868,9315.0,9336.717246610182,1,55.0,116,115,1800.0,215.9858853418685,3600.0,1.8125000000000002,False,115
833,6982.469448767957,1.2291807958172185,False,0,False,typical,114,True,15.743079114827127,0.55,0.75,9099.0,9311.365248369613,9312.0,9327.743079114827,0,55.0,116,115,1800.0,212.36524836961297,0.0,1.8125000000000002,False,115
834,6985.545777177039,1.3542286452877401,False,0,False,typical,114,True,45.284936720043724,0.55,0.75,9114.0,9323.683525781915,9324.0,9369.284936720043,2,55.0,117,116,1800.0,209.68352578191391,0.0,0.5208333333333334,False,116
835,7010.316299305764,0.8256733133449667,False,0,False,typical,115,True,4.861376203948821,0.55,0.75,9149.0,9381.782301876616,9382.0,9386.86137620395,1,55.0,115,114,1800.0,232.78230187661518,0.0,0.5208333333333334,False,114
836,7015.016658998475,1.0116884980001242,True,1,False,typical,115,True,12.832327805524994,0.6699999999999999,0.8700000000000001,9154.0,9375.98455994975,9376.0,9388.832327805525,0,55.0,116,115,1800.0,221.98455994974972,1800.0,0.6041666666666667,False,115
837,7016.196908404201,1.2244270016487948,True,1,False,typical,115,True,17.636461499956457,0.6699999999999999,0.8700000000000001,9194.0,9407.988970200704,9408.0,9425.636461499957,0,55.0,117,116,1800.0,213.98897020070436,1800.0,0.6041666666666667,False,116
838,7016.324182679825,1.2857916247278376,False,0,False,typical,116,True,27.428736279958915,0.55,0.75,9219.0,9432.295204739446,9433.0,9460.428736279959,0,55.0,118,117,1800.0,213.2952047394474,0.0,0.5208333333333334,False,117
839,7026.153634998938,1.456473638307371,True,1,False,typical,116,True,24.910379345652903,0.6699999999999999,0.8700000000000001,9229.0,9437.282441113537,9438.0,9462.910379345652,1,55.0,118,117,1800.0,208.28244111353627,1800.0,0.6041666666666667,False,117
840,7041.34956804013,1.0703547955117312,True,1,False,typical,116,True,31.34594783648199,0.6699999999999999,0.8700000000000001,9239.0,9460.904830740825,9461.0,9492.345947836482,0,55.0,118,117,1800.0,221.90483074082437,1800.0,1.2083333333333335,False,117
841,7043.669768837026,0.976583269859853,True,1,False,typical,117,True,31.160238643659767,0.6699999999999999,0.8700000000000001,9239.0,9465.838802192764,9466.0,9497.160238643659,1,55.0,118,117,1800.0,226.83880219276426,1800.0,1.2083333333333335,False,117
842,7044.999749351803,1.1177349138996637,False,0,False,typical,117,True,29.832671501409806,0.55,0.75,9274.0,9495.176658319468,9496.0,9525.83267150141,0,55.0,119,118,1800.0,221.17665831946735,0.0,0.5208333333333334,False,118
843,7049.915110939593,1.4678690878863183,False,0,False,typical,117,True,20.600682293563747,0.55,0.75,9314.0,9524.889281459697,9525.0,9545.600682293563,1,55.0,120,119,1800.0,210.88928145969618,0.0,0.5208333333333334,False,119
844,7063.725976953796,0.9809048591737094,True,1,False,typical,117,True,18.497491077399285,0.6699999999999999,0.8700000000000001,9319.0,9549.940677482758,9550.0,9568.4974910774,0,55.0,121,120,1800.0,230.9406774827588,1800.0,0.6041666666666667,False,120
845,7078.678673425991,1.0209182155908327,True,1,False,typical,,False,38.540291070986825,0.6699999999999999,0.8700000000000001,9324.0,9564.743071476318,9565.0,9603.540291070987,2,55.0,121,120,1800.0,228.74307147631802,1800.0,0.6041666666666667,True,120
846,7080.834163500332,0.9763016167096542,True,1,False,typical,,True,9.811857912704296,0.6699999999999999,0.8700000000000001,9329.0,9560.205049598055,9561.0,9570.811857912704,1,55.0,121,120,1800.0,231.20504959805535,1800.0,0.6041666666666667,False,120
847,7101.102210576596,1.4610102253046822,True,1,False,typical,118,True,13.160908676053788,0.6699999999999999,0.8700000000000001,9379.0,9591.515184850456,9592.0,9605.160908676055,0,55.0,121,120,1800.0,212.51518485045523,1800.0,0.6041666666666667,False,120
848,7103.205314169191,1.1096909962506731,False,0,False,typical,118,True,19.28685139046257,0.55,0.75,9384.0,9609.883347081151,9610.0,9629.286851390463,0,55.0,122,121,1800.0,225.8833470811507,0.0,0.5208333333333334,False,121
849,7110.856655652844,1.236676352599425,False,0,False,typical,,True,9.50272437497724,0.55,0.75,9409.0,9631.244045197349,9632.0,9641.502724374977,0,55.0,123,122,1800.0,222.24404519734935,0.0,0.5208333333333334,False,122
850,7126.604761594566,1.0593771519430852,True,1,False,typical,,True,17.493876859241407,0.6699999999999999,0.8700000000000001,9434.0,9663.687298668487,9664.0,9681.493876859242,0,55.0,123,122,1800.0,229.68729866848673,1800.0,0.6041666666666667,False,122
851,7132.052986283687,1.1523577656033364,False,0,False,typical,119,True,34.30608823274168,0.55,0.75,9439.0,9664.498233055472,9665.0,9699.30608823274,1,55.0,123,122,1800.0,225.49823305547284,0.0,0.5208333333333334,False,122
852,7132.988020083871,1.120338562212895,True,1,False,typical,119,True,13.367528017628958,0.6699999999999999,0.8700000000000001,9464.0,9692.31230285831,9693.0,9706.367528017629,0,55.0,124,123,1800.0,228.31230285831083,1800.0,0.6041666666666667,False,123
853,7139.095978609421,0.8815133275752335,True,2,False,typical,119,True,11.131027292756459,0.79,0.99,9469.0,9712.062703864487,9713.0,9724.131027292757,0,55.0,125,124,1800.0,243.06270386448693,3600.0,0.6875,False,124
854,7149.71037301496,1.2387536213384152,False,0,False,typical,119,True,30.980652930572045,0.55,0.75,9499.0,9724.069466570741,9725.0,9755.980652930572,0,55.0,125,124,1800.0,225.06946657074155,0.0,0.5208333333333334,False,124
855,7152.029430446039,1.2265669084388309,True,1,False,typical,,True,18.800145874628484,0.6699999999999999,0.8700000000000001,9529.0,9755.96060316775,9756.0,9774.80014587463,0,55.0,126,125,1800.0,226.96060316775038,1800.0,0.6041666666666667,False,125
856,7152.687950105562,1.1423099086504223,False,0,False,typical,,True,15.191025271829353,0.55,0.75,9554.0,9785.718054729718,9786.0,9801.19102527183,0,55.0,127,126,1800.0,231.71805472971823,0.0,0.5208333333333334,False,126
857,7153.400187401902,1.3310330990679957,True,1,False,typical,120,True,44.68284044787966,0.6699999999999999,0.8700000000000001,9564.0,9790.341286479286,9791.0,9835.68284044788,1,55.0,128,127,1800.0,226.3412864792856,1800.0,0.6041666666666667,False,127
858,7155.367279720442,0.9920607677263746,True,1,False,typical,120,True,12.772500871690557,0.6699999999999999,0.8700000000000001,9569.0,9809.460152245965,9810.0,9822.77250087169,0,55.0,128,127,1800.0,240.46015224596587,1800.0,0.6041666666666667,False,127
859,7165.024486025575,1.1740634302234032,False,0,False,typical,121,False,10.06451890338777,0.55,0.75,9594.0,9839.315850559824,9840.0,9850.064518903388,0,55.0,129,128,1800.0,233.31585055982407,0.0,0.5208333333333334,True,128
860,7165.7806641685265,1.397023833628835,True,1,False,typical,121,False,18.491664880141208,0.6699999999999999,0.8700000000000001,9614.0,9853.289407075279,9854.0,9872.49166488014,0,55.0,130,129,1800.0,227.28940707527866,1800.0,0.6041666666666667,True,129
861,7166.885687750381,1.1219300636540832,True,1,False,typical,,True,18.341351011557425,0.6699999999999999,0.8700000000000001,9634.0,9872.392663516892,9873.0,9891.341351011557,0,55.0,131,130,1800.0,238.39266351689258,1800.0,0.6041666666666667,False,130
862,7177.527436224304,0.9143040488274207,True,2,False,typical,,True,6.6969724341513235,0.79,0.99,9664.0,9913.525043686546,9914.0,9920.69697243415,1,55.0,131,130,1800.0,249.52504368654667,3600.0,0.6875,False,130
863,7187.941223430762,1.3290272537432433,False,0,False,typical,,True,29.773650377542484,0.55,0.75,9669.0,9901.203650971107,9902.0,9931.773650377543,0,55.0,132,131,1800.0,232.20365097110758,0.0,0.5208333333333334,False,131
