design_id,load_regime,policy,layout,row_angle_degrees,batch_size,sub_batch_size,downstream_threshold,barrier_footprint_m2,release_staff_count,gate_delay_seconds,replications,throughput_per_hour,mean_movement_starts,mean_movement_stops,mean_turning_angle_degrees,mean_movement_distance_m,mean_movement_time_seconds,mean_wait_seconds,p95_wait_seconds,required_waiting_area_m2_at_density_limit,capacity_efficiency_passengers_per_m2,density_limit_exceedance_fraction,mean_movement_conflict_proxy,intervention_count,unfinished,throughput_relative_lower_bound,mean_wait_limit_seconds,load_feasible
S1_B1_a00_b08_s04_t06,0.85,S1,B1,0.0,8,4,6,10.0,2,1.5,10,380.8,1.0,0.0,360.0,22.0,21.293473731655336,93.15735090853242,164.2237344042244,6.857142857142858,1.4,0.0,4.646548984942044,10.5,0.0,-0.005859961282829186,123.63749324076501,yes
S1_B1_a00_b08_s04_t06,0.95,S1,B1,0.0,8,4,6,10.0,2,1.5,10,421.3,1.0,0.0,360.0,22.0,21.38981909667321,136.97948367708037,233.62713045246622,7.142857142857143,1.4,0.0,4.633745148187339,13.9,0.0,-0.005494542156928642,191.7329812002738,yes
S1_B1_a00_b12_s04_t06,0.85,S1,B1,0.0,12,4,6,10.0,2,1.5,10,376.3,1.0,0.0,360.0,22.0,21.293473731655336,119.13173689788808,202.68204082256025,9.5,1.4,0.0,6.755301901945539,10.5,0.0,-0.017496739416668784,123.63749324076501,yes
S1_B1_a00_b12_s04_t06,0.95,S1,B1,0.0,12,4,6,10.0,2,1.5,10,418.4,1.0,0.0,360.0,22.0,21.38981909667321,162.6886953368883,269.9731471093578,9.857142857142858,1.4,0.0,6.777352436509903,13.9,0.0,-0.01079110945709907,191.7329812002738,yes
S1_B1_a00_b16_s04_t06,0.85,S1,B1,0.0,16,4,6,10.0,2,1.5,10,375.1,1.0,0.0,360.0,22.0,21.293473731655336,135.81310216808586,226.74079827205605,12.071428571428573,1.4,0.0,8.095819685120816,10.5,0.0,-0.022262391710476604,123.63749324076501,no
S1_B1_a00_b16_s04_t06,0.95,S1,B1,0.0,16,4,6,10.0,2,1.5,10,416.0,1.0,0.0,360.0,22.0,21.38981909667321,178.71660509584535,298.5359366275354,12.285714285714286,1.4,0.0,8.43805240268346,13.9,0.0,-0.0154586811763327,191.7329812002738,yes
S1_B1_a15_b08_s04_t06,0.85,S1,B1,15.0,8,4,6,10.0,2,1.5,10,380.7,1.0,0.0,390.0,22.776075969021825,21.961021604998674,93.70805803561554,164.7798880257994,6.857142857142858,1.4,0.0,4.778126135471663,10.5,0.0,-0.006300364506244556,123.63749324076501,yes
S1_B1_a15_b08_s04_t06,0.95,S1,B1,15.0,8,4,6,10.0,2,1.5,10,421.3,1.0,0.0,390.0,22.776075969021825,22.060765666494596,137.49579329017038,234.17524444584708,7.142857142857143,1.4,0.0,4.758216539748759,13.9,0.0,-0.005846353258885731,191.7329812002738,yes
S1_B1_a15_b12_s04_t06,0.85,S1,B1,15.0,12,4,6,10.0,2,1.5,10,376.2,1.0,0.0,390.0,22.776075969021825,21.961021604998674,119.670235127484,203.22438788547657,9.5,1.4,0.0,6.946231982051012,10.5,0.0,-0.017671513311402494,123.63749324076501,yes
S1_B1_a15_b12_s04_t06,0.95,S1,B1,15.0,12,4,6,10.0,2,1.5,10,418.5,1.0,0.0,390.0,22.776075969021825,22.060765666494596,163.25238879721647,270.44105324018847,9.857142857142858,1.4,0.0,6.959504310872394,13.9,0.0,-0.010892175423353185,191.7329812002738,yes
S1_B1_a15_b16_s04_t06,0.85,S1,B1,15.0,16,4,6,10.0,2,1.5,10,375.0,1.0,0.0,390.0,22.776075969021825,21.961021604998674,136.3133311108826,227.0597822472246,12.071428571428573,1.4,0.0,8.324778834193786,10.5,0.0,-0.02245473798453356,123.63749324076501,no
S1_B1_a15_b16_s04_t06,0.95,S1,B1,15.0,16,4,6,10.0,2,1.5,10,416.0,1.0,0.0,390.0,22.776075969021825,22.060765666494596,179.28955509875232,299.1365005946856,12.285714285714286,1.4,0.0,8.67140619222152,13.9,0.0,-0.0154586811763327,191.7329812002738,yes
S1_B1_a30_b08_s04_t06,0.85,S1,B1,30.0,8,4,6,10.0,2,1.5,10,380.3,1.0,0.0,420.0,25.403411844343534,24.220945305948035,95.609630238241,166.76913982289565,6.857142857142858,1.4,0.0,4.900736520634209,10.5,0.0,-0.00808444426388431,123.63749324076501,yes
S1_B1_a30_b08_s04_t06,0.95,S1,B1,30.0,8,4,6,10.0,2,1.5,10,420.8,1.0,0.0,420.0,25.40341184434353,24.332195350804525,139.41972149615253,235.76137456411942,7.142857142857143,1.4,0.0,4.878302118326024,13.9,0.0,-0.0062954399583053135,191.7329812002738,yes
S1_B1_a30_b12_s04_t06,0.85,S1,B1,30.0,12,4,6,10.0,2,1.5,10,376.2,1.0,0.0,420.0,25.403411844343534,24.220945305948035,121.4763203686932,205.09173858425035,9.5,1.4,0.0,7.124150492724173,10.5,0.0,-0.017671513311402494,123.63749324076501,yes
S1_B1_a30_b12_s04_t06,0.95,S1,B1,30.0,12,4,6,10.0,2,1.5,10,418.0,1.0,0.0,420.0,25.40341184434353,24.332195350804525,165.1811862207079,272.52304623062724,9.857142857142858,1.4,0.0,7.136822161660263,13.9,0.0,-0.011796503695019743,191.7329812002738,yes
S1_B1_a30_b16_s04_t06,0.85,S1,B1,30.0,16,4,6,10.0,2,1.5,10,374.9,1.0,0.0,420.0,25.403411844343534,24.220945305948035,138.04868536412235,228.59030550081602,12.071428571428573,1.4,0.0,8.538134795630318,10.5,0.0,-0.022743189724013006,123.63749324076501,no
S1_B1_a30_b16_s04_t06,0.95,S1,B1,30.0,16,4,6,10.0,2,1.5,10,416.0,1.0,0.0,420.0,25.40341184434353,24.332195350804525,180.97826978848988,299.9004721754717,12.285714285714286,1.4,0.0,8.88151511870184,13.9,0.0,-0.016263761494041656,191.7329812002738,yes
S1_B1_a45_b08_s04_t06,0.85,S1,B1,45.0,8,4,6,10.0,2,1.5,10,380.0,1.0,0.0,450.0,31.112698372208094,29.131833198517974,99.64830054671614,169.82973398854253,6.857142857142858,1.4,0.0,5.006024445304101,10.5,0.0,-0.008912830508081771,123.63749324076501,yes
S1_B1_a45_b08_s04_t06,0.95,S1,B1,45.0,8,4,6,10.0,2,1.5,10,420.3,1.0,0.0,450.0,31.112698372208097,29.268086120398046,143.40765883512475,239.90650649447903,7.142857142857143,1.4,0.0,4.97870337161722,13.9,0.0,-0.007817939067583194,191.7329812002738,yes
S1_B1_a45_b12_s04_t06,0.85,S1,B1,45.0,12,4,6,10.0,2,1.5,10,375.9,1.0,0.0,450.0,31.112698372208094,29.131833198517974,125.26440198058447,208.35037361428456,9.5,1.4,0.0,7.276932581486888,10.5,0.0,-0.018259150049336027,123.63749324076501,no
S1_B1_a45_b12_s04_t06,0.95,S1,B1,45.0,12,4,6,10.0,2,1.5,10,417.4,1.0,0.0,450.0,31.112698372208097,29.268086120398046,169.14362018150482,275.94649620216563,9.857142857142858,1.4,0.0,7.273896210036684,13.9,0.0,-0.013096366836034446,191.7329812002738,yes
S1_B1_a45_b16_s04_t06,0.85,S1,B1,45.0,16,4,6,10.0,2,1.5,10,374.2,1.0,0.0,450.0,31.112698372208094,29.131833198517974,141.88948669742314,231.98528681470262,12.071428571428573,1.4,0.0,8.721347713245912,10.5,0.0,-0.024112697386026432,123.63749324076501,no
S1_B1_a45_b16_s04_t06,0.95,S1,B1,45.0,16,4,6,10.0,2,1.5,10,415.5,1.0,0.0,450.0,31.112698372208097,29.268086120398046,184.85141655797628,302.27209490877533,12.285714285714286,1.4,0.0,9.033678276676788,13.9,0.0,-0.01675657677125694,191.7329812002738,yes
S1_B2_a00_b08_s04_t06,0.85,S1,B2,0.0,8,4,6,9.0,0,0.35,10,380.9,1.0,0.0,360.0,22.0,20.143473731655337,91.99550376195063,163.01532072664182,6.857142857142858,1.4,0.0,4.646548984942044,10.5,0.0,-0.005571579346886019,123.63749324076501,yes
S1_B2_a00_b08_s04_t06,0.95,S1,B2,0.0,8,4,6,9.0,0,0.35,10,421.4,1.0,0.0,360.0,22.0,20.239819096673212,135.81856308171794,232.44167408460692,7.142857142857143,1.4,0.0,4.633745148187339,13.9,0.0,-0.005616156093533146,191.7329812002738,yes
S1_B2_a00_b12_s04_t06,0.85,S1,B2,0.0,12,4,6,9.0,0,0.35,10,376.4,1.0,0.0,360.0,22.0,20.143473731655337,117.97003486535196,201.3116376854769,9.5,1.4,0.0,6.755301901945539,10.5,0.0,-0.017300207420479528,123.63749324076501,yes
S1_B2_a00_b12_s04_t06,0.95,S1,B2,0.0,12,4,6,9.0,0,0.35,10,418.6,1.0,0.0,360.0,22.0,20.239819096673212,161.62319731561507,269.0326815509098,9.857142857142858,1.4,0.0,6.780003973399604,13.9,0.0,-0.010316050074676267,191.7329812002738,yes
S1_B2_a00_b16_s04_t06,0.85,S1,B2,0.0,16,4,6,9.0,0,0.35,10,375.2,1.0,0.0,360.0,22.0,20.143473731655337,134.66753333541732,225.57809650760316,12.071428571428573,1.4,0.0,8.095819685120816,10.5,0.0,-0.021732226705711812,123.63749324076501,no
S1_B2_a00_b16_s04_t06,0.95,S1,B2,0.0,16,4,6,9.0,0,0.35,10,416.2,1.0,0.0,360.0,22.0,20.239819096673212,177.61291537522473,297.44430429255976,12.285714285714286,1.4,0.0,8.443111226212872,13.9,0.0,-0.014874493654054754,191.7329812002738,yes
S1_B2_a15_b08_s04_t06,0.85,S1,B2,15.0,8,4,6,9.0,0,0.35,10,380.8,1.0,0.0,390.0,22.776075969021825,20.811021604998675,92.5422996472501,163.703981775337,6.857142857142858,1.4,0.0,4.778126135471663,10.5,0.0,-0.005859961282829186,123.63749324076501,yes
S1_B2_a15_b08_s04_t06,0.95,S1,B2,15.0,8,4,6,9.0,0,0.35,10,421.4,1.0,0.0,390.0,22.776075969021825,20.910765666494598,136.31624310161027,233.0293924282027,7.142857142857143,1.4,0.0,4.761847103333305,13.9,0.0,-0.005616156093533146,191.7329812002738,yes
S1_B2_a15_b12_s04_t06,0.85,S1,B2,15.0,12,4,6,9.0,0,0.35,10,376.4,1.0,0.0,390.0,22.776075969021825,20.811021604998675,118.53442769554906,202.12252809307535,9.5,1.4,0.0,6.946231982051012,10.5,0.0,-0.017300207420479528,123.63749324076501,yes
S1_B2_a15_b12_s04_t06,0.95,S1,B2,15.0,12,4,6,9.0,0,0.35,10,418.5,1.0,0.0,390.0,22.776075969021825,20.910765666494598,162.11244706096554,269.37782765638605,9.857142857142858,1.4,0.0,6.964607191916764,13.9,0.0,-0.01041598804998832,191.7329812002738,yes
S1_B2_a15_b16_s04_t06,0.85,S1,B2,15.0,16,4,6,9.0,0,0.35,10,375.2,1.0,0.0,390.0,22.776075969021825,20.811021604998675,135.18021674946837,226.0376748492377,12.071428571428573,1.4,0.0,8.324778834193786,10.5,0.0,-0.021732226705711812,123.63749324076501,no
S1_B2_a15_b16_s04_t06,0.95,S1,B2,15.0,16,4,6,9.0,0,0.35,10,416.1,1.0,0.0,390.0,22.776075969021825,20.910765666494598,178.15198862697173,298.0245621258736,12.285714285714286,1.4,0.0,8.671891696586698,13.9,0.0,-0.015171552914374086,191.7329812002738,yes
S1_B2_a30_b08_s04_t06,0.85,S1,B2,30.0,8,4,6,9.0,0,0.35,10,380.5,1.0,0.0,420.0,25.403411844343534,23.070945305948037,94.46150336062317,165.39280871356803,6.857142857142858,1.4,0.0,4.900736520634209,10.5,0.0,-0.007102233734906154,123.63749324076501,yes
S1_B2_a30_b08_s04_t06,0.95,S1,B2,30.0,8,4,6,9.0,0,0.35,10,421.3,1.0,0.0,420.0,25.40341184434353,23.182195350804527,138.25300664759163,234.79430535128387,7.142857142857143,1.4,0.0,4.878307205061384,13.9,0.0,-0.005846353258885731,191.7329812002738,yes
S1_B2_a30_b12_s04_t06,0.85,S1,B2,30.0,12,4,6,9.0,0,0.35,10,376.2,1.0,0.0,420.0,25.403411844343534,23.070945305948037,120.31516089850459,203.72493769143412,9.5,1.4,0.0,7.124150492724173,10.5,0.0,-0.017671513311402494,123.63749324076501,yes
S1_B2_a30_b12_s04_t06,0.95,S1,B2,30.0,12,4,6,9.0,0,0.35,10,418.3,1.0,0.0,420.0,25.40341184434353,23.182195350804527,163.9037765619307,270.55994699875833,9.857142857142858,1.4,0.0,7.135306727548704,13.9,0.0,-0.010730554561572778,191.7329812002738,yes
S1_B2_a30_b16_s04_t06,0.85,S1,B2,30.0,16,4,6,9.0,0,0.35,10,375.0,1.0,0.0,420.0,25.403411844343534,23.070945305948037,136.8719978515892,227.33227864722284,12.071428571428573,1.4,0.0,8.538134795630318,10.5,0.0,-0.02245473798453356,123.63749324076501,no
S1_B2_a30_b16_s04_t06,0.95,S1,B2,30.0,16,4,6,9.0,0,0.35,10,415.9,1.0,0.0,420.0,25.40341184434353,23.182195350804527,179.95216432031444,299.7440960120285,12.285714285714286,1.4,0.0,8.889948331087176,13.9,0.0,-0.015362772331194211,191.7329812002738,yes
S1_B2_a45_b08_s04_t06,0.85,S1,B2,45.0,8,4,6,9.0,0,0.35,10,380.0,1.0,0.0,450.0,31.112698372208094,27.98183319851798,98.5390536213463,168.76872781556926,6.857142857142858,1.4,0.0,5.006024445304101,10.5,0.0,-0.008912830508081771,123.63749324076501,yes
S1_B2_a45_b08_s04_t06,0.95,S1,B2,45.0,8,4,6,9.0,0,0.35,10,420.4,1.0,0.0,450.0,31.112698372208097,28.118086120398043,142.348856195099,238.87214299844942,7.142857142857143,1.4,0.0,4.979639501826771,13.9,0.0,-0.007430033898165946,191.7329812002738,yes
S1_B2_a45_b12_s04_t06,0.85,S1,B2,45.0,12,4,6,9.0,0,0.35,10,376.0,1.0,0.0,450.0,31.112698372208094,27.98183319851798,124.15547308711943,207.24140811655522,9.5,1.4,0.0,7.276932581486888,10.5,0.0,-0.018346779895623434,123.63749324076501,no
S1_B2_a45_b12_s04_t06,0.95,S1,B2,45.0,12,4,6,9.0,0,0.35,10,417.6,1.0,0.0,450.0,31.112698372208097,28.118086120398043,167.99743539851653,274.81303632186507,9.857142857142858,1.4,0.0,7.27817673211322,13.9,0.0,-0.01269134698679028,191.7329812002738,yes
S1_B2_a45_b16_s04_t06,0.85,S1,B2,45.0,16,4,6,9.0,0,0.35,10,374.3,1.0,0.0,450.0,31.112698372208094,27.98183319851798,140.78868130744146,230.93528681470264,12.071428571428573,1.4,0.0,8.721347713245912,10.5,0.0,-0.023783031391042868,123.63749324076501,no
S1_B2_a45_b16_s04_t06,0.95,S1,B2,45.0,16,4,6,9.0,0,0.35,10,415.6,1.0,0.0,450.0,31.112698372208097,28.118086120398043,183.59169645074994,301.5780855448578,12.285714285714286,1.4,0.0,9.051669949775219,13.9,0.0,-0.017080226129275174,191.7329812002738,yes
S1_B3_a00_b08_s04_t06,0.85,S1,B3,0.0,8,4,6,3.0,1,0.1,10,380.9,1.0,0.0,360.0,22.0,19.893473731655334,91.77743034331098,162.8992747074908,6.857142857142858,1.4,0.0,4.646548984942044,10.5,0.0,-0.005571579346886019,123.63749324076501,yes
S1_B3_a00_b08_s04_t06,0.95,S1,B3,0.0,8,4,6,3.0,1,0.1,10,421.4,1.0,0.0,360.0,22.0,19.989819096673212,135.49791251357803,232.24524444584708,7.142857142857143,1.4,0.0,4.633745148187339,13.9,0.0,-0.005616156093533146,191.7329812002738,yes
S1_B3_a00_b12_s04_t06,0.85,S1,B3,0.0,12,4,6,3.0,1,0.1,10,376.4,1.0,0.0,360.0,22.0,19.893473731655334,117.7377312535758,201.22438788547657,9.5,1.4,0.0,6.755301901945539,10.5,0.0,-0.017300207420479528,123.63749324076501,yes
S1_B3_a00_b12_s04_t06,0.95,S1,B3,0.0,12,4,6,3.0,1,0.1,10,418.7,1.0,0.0,360.0,22.0,19.989819096673212,161.3318067129148,268.8589415664097,9.857142857142858,1.4,0.0,6.780003973399604,13.9,0.0,-0.010205367243810003,191.7329812002738,yes
S1_B3_a00_b16_s04_t06,0.85,S1,B3,0.0,16,4,6,3.0,1,0.1,10,375.2,1.0,0.0,360.0,22.0,19.893473731655334,134.43384563878263,225.33388449600605,12.071428571428573,1.4,0.0,8.095819685120816,10.5,0.0,-0.021732226705711812,123.63749324076501,no
S1_B3_a00_b16_s04_t06,0.95,S1,B3,0.0,16,4,6,3.0,1,0.1,10,416.2,1.0,0.0,360.0,22.0,19.989819096673212,177.3669462066509,297.2293042925598,12.285714285714286,1.4,0.0,8.443111226212872,13.9,0.0,-0.014874493654054754,191.7329812002738,yes
S1_B3_a15_b08_s04_t06,0.85,S1,B3,15.0,8,4,6,3.0,1,0.1,10,380.8,1.0,0.0,390.0,22.776075969021825,20.561021604998675,92.32748901536232,163.54133193845374,6.857142857142858,1.4,0.0,4.778126135471663,10.5,0.0,-0.005859961282829186,123.63749324076501,yes
S1_B3_a15_b08_s04_t06,0.95,S1,B3,15.0,8,4,6,3.0,1,0.1,10,421.4,1.0,0.0,390.0,22.776075969021825,20.660765666494598,136.10568707497163,232.80450576398923,7.142857142857143,1.4,0.0,4.761847103333305,13.9,0.0,-0.005616156093533146,191.7329812002738,yes
S1_B3_a15_b12_s04_t06,0.85,S1,B3,15.0,12,4,6,3.0,1,0.1,10,376.4,1.0,0.0,390.0,22.776075969021825,20.561021604998675,118.26260399245209,201.69259454814815,9.5,1.4,0.0,6.946231982051012,10.5,0.0,-0.017300207420479528,123.63749324076501,yes
S1_B3_a15_b12_s04_t06,0.95,S1,B3,15.0,12,4,6,3.0,1,0.1,10,418.6,1.0,0.0,390.0,22.776075969021825,20.660765666494598,161.82632077507884,269.38039820691245,9.857142857142858,1.4,0.0,6.964028956602176,13.9,0.0,-0.01052006524219065,191.7329812002738,yes
S1_B3_a15_b16_s04_t06,0.85,S1,B3,15.0,16,4,6,3.0,1,0.1,10,375.2,1.0,0.0,390.0,22.776075969021825,20.561021604998675,134.90883111470475,225.7750117998685,12.071428571428573,1.4,0.0,8.324778834193786,10.5,0.0,-0.021732226705711812,123.63749324076501,no
S1_B3_a15_b16_s04_t06,0.95,S1,B3,15.0,16,4,6,3.0,1,0.1,10,416.1,1.0,0.0,390.0,22.776075969021825,20.660765666494598,177.8841983033266,297.7692091186524,12.285714285714286,1.4,0.0,8.665930107792809,13.9,0.0,-0.015171552914374086,191.7329812002738,yes
S1_B3_a30_b08_s04_t06,0.85,S1,B3,30.0,8,4,6,3.0,1,0.1,10,380.6,1.0,0.0,420.0,25.403411844343534,22.82094530594804,94.19337111123603,165.3135350780832,6.857142857142858,1.4,0.0,4.900736520634209,10.5,0.0,-0.006712868194375268,123.63749324076501,yes
S1_B3_a30_b08_s04_t06,0.95,S1,B3,30.0,8,4,6,3.0,1,0.1,10,421.3,1.0,0.0,420.0,25.40341184434353,22.932195350804527,138.03057779634466,234.51431453823432,7.142857142857143,1.4,0.0,4.878307205061384,13.9,0.0,-0.005846353258885731,191.7329812002738,yes
S1_B3_a30_b12_s04_t06,0.85,S1,B3,30.0,12,4,6,3.0,1,0.1,10,376.2,1.0,0.0,420.0,25.403411844343534,22.82094530594804,120.05943615671184,203.42610600642456,9.5,1.4,0.0,7.124150492724173,10.5,0.0,-0.017671513311402494,123.63749324076501,yes
S1_B3_a30_b12_s04_t06,0.95,S1,B3,30.0,12,4,6,3.0,1,0.1,10,418.5,1.0,0.0,420.0,25.40341184434353,22.932195350804527,163.62929891497834,270.76479322468856,9.857142857142858,1.4,0.0,7.133865551078115,13.9,0.0,-0.010892175423353185,191.7329812002738,yes
S1_B3_a30_b16_s04_t06,0.85,S1,B3,30.0,16,4,6,3.0,1,0.1,10,375.0,1.0,0.0,420.0,25.403411844343534,22.82094530594804,136.65809836911347,227.1087332264422,12.071428571428573,1.4,0.0,8.538134795630318,10.5,0.0,-0.02245473798453356,123.63749324076501,no
S1_B3_a30_b16_s04_t06,0.95,S1,B3,30.0,16,4,6,3.0,1,0.1,10,415.9,1.0,0.0,420.0,25.40341184434353,22.932195350804527,179.62269608927886,299.33994253565305,12.285714285714286,1.4,0.0,8.889304272133217,13.9,0.0,-0.015362772331194211,191.7329812002738,yes
S1_B3_a45_b08_s04_t06,0.85,S1,B3,45.0,8,4,6,3.0,1,0.1,10,380.0,1.0,0.0,450.0,31.112698372208094,27.73183319851798,98.27890072300097,168.61777535511803,6.857142857142858,1.4,0.0,5.006024445304101,10.5,0.0,-0.008912830508081771,123.63749324076501,yes
S1_B3_a45_b08_s04_t06,0.95,S1,B3,45.0,8,4,6,3.0,1,0.1,10,420.4,1.0,0.0,450.0,31.112698372208097,27.868086120398043,142.0226464928492,238.47316451104703,7.142857142857143,1.4,0.0,4.979639501826771,13.9,0.0,-0.007430033898165946,191.7329812002738,yes
S1_B3_a45_b12_s04_t06,0.85,S1,B3,45.0,12,4,6,3.0,1,0.1,10,376.1,1.0,0.0,450.0,31.112698372208094,27.73183319851798,123.90875496788041,207.0433814315486,9.5,1.4,0.0,7.276932581486888,10.5,0.0,-0.018020025654240733,123.63749324076501,no
S1_B3_a45_b12_s04_t06,0.95,S1,B3,45.0,12,4,6,3.0,1,0.1,10,417.6,1.0,0.0,450.0,31.112698372208097,27.868086120398043,167.78676462461388,274.92972680341586,9.857142857142858,1.4,0.0,7.278555248029226,13.9,0.0,-0.01269134698679028,191.7329812002738,yes
S1_B3_a45_b16_s04_t06,0.85,S1,B3,45.0,16,4,6,3.0,1,0.1,10,374.4,1.0,0.0,450.0,31.112698372208094,27.73183319851798,140.5639021829493,230.58656739231927,12.071428571428573,1.4,0.0,8.721347713245912,10.5,0.0,-0.023564845160096423,123.63749324076501,no
S1_B3_a45_b16_s04_t06,0.95,S1,B3,45.0,16,4,6,3.0,1,0.1,10,415.6,1.0,0.0,450.0,31.112698372208097,27.868086120398043,183.33693008294625,301.4625934141702,12.285714285714286,1.4,0.0,9.05426946834461,13.9,0.0,-0.017080226129275174,191.7329812002738,yes
S1_B4_a00_b08_s04_t06,0.85,S1,B4,0.0,8,4,6,7.0,1,0.5,10,380.8,1.0,0.0,360.0,22.0,20.293473731655336,92.15735090853242,163.2237344042244,6.857142857142858,1.4,0.0,4.646548984942044,10.5,0.0,-0.005859961282829186,123.63749324076501,yes
S1_B4_a00_b08_s04_t06,0.95,S1,B4,0.0,8,4,6,7.0,1,0.5,10,421.4,1.0,0.0,360.0,22.0,20.38981909667321,135.95948367708036,232.62713045246622,7.142857142857143,1.4,0.0,4.633745148187339,13.9,0.0,-0.005616156093533146,191.7329812002738,yes
S1_B4_a00_b12_s04_t06,0.85,S1,B4,0.0,12,4,6,7.0,1,0.5,10,376.4,1.0,0.0,360.0,22.0,20.293473731655336,118.13173689788808,201.68204082256025,9.5,1.4,0.0,6.755301901945539,10.5,0.0,-0.017300207420479528,123.63749324076501,yes
S1_B4_a00_b12_s04_t06,0.95,S1,B4,0.0,12,4,6,7.0,1,0.5,10,418.5,1.0,0.0,360.0,22.0,20.38981909667321,161.73648769374233,269.3060354355791,9.857142857142858,1.4,0.0,6.780003973399604,13.9,0.0,-0.010487067821872087,191.7329812002738,yes
S1_B4_a00_b16_s04_t06,0.85,S1,B4,0.0,16,4,6,7.0,1,0.5,10,375.2,1.0,0.0,360.0,22.0,20.293473731655336,134.81310216808586,225.74079827205605,12.071428571428573,1.4,0.0,8.095819685120816,10.5,0.0,-0.021732226705711812,123.63749324076501,no
S1_B4_a00_b16_s04_t06,0.95,S1,B4,0.0,16,4,6,7.0,1,0.5,10,416.1,1.0,0.0,360.0,22.0,20.38981909667321,177.7523698017277,297.6030819717137,12.285714285714286,1.4,0.0,8.4322582850364,13.9,0.0,-0.015171552914374086,191.7329812002738,yes
S1_B4_a15_b08_s04_t06,0.85,S1,B4,15.0,8,4,6,7.0,1,0.5,10,380.8,1.0,0.0,390.0,22.776075969021825,20.961021604998674,92.70805803561554,163.7798880257994,6.857142857142858,1.4,0.0,4.778126135471663,10.5,0.0,-0.005859961282829186,123.63749324076501,yes
S1_B4_a15_b08_s04_t06,0.95,S1,B4,15.0,8,4,6,7.0,1,0.5,10,421.4,1.0,0.0,390.0,22.776075969021825,21.060765666494596,136.44002858428803,233.17524444584708,7.142857142857143,1.4,0.0,4.761847103333305,13.9,0.0,-0.005616156093533146,191.7329812002738,yes
S1_B4_a15_b12_s04_t06,0.85,S1,B4,15.0,12,4,6,7.0,1,0.5,10,376.4,1.0,0.0,390.0,22.776075969021825,20.961021604998674,118.670235127484,202.22438788547657,9.5,1.4,0.0,6.946231982051012,10.5,0.0,-0.017300207420479528,123.63749324076501,yes
S1_B4_a15_b12_s04_t06,0.95,S1,B4,15.0,12,4,6,7.0,1,0.5,10,418.5,1.0,0.0,390.0,22.776075969021825,21.060765666494596,162.21568291486352,269.44105324018847,9.857142857142858,1.4,0.0,6.964607191916764,13.9,0.0,-0.01041598804998832,191.7329812002738,yes
S1_B4_a15_b16_s04_t06,0.85,S1,B4,15.0,16,4,6,7.0,1,0.5,10,375.2,1.0,0.0,390.0,22.776075969021825,20.961021604998674,135.3133311108826,226.0597822472246,12.071428571428573,1.4,0.0,8.324778834193786,10.5,0.0,-0.021732226705711812,123.63749324076501,no
S1_B4_a15_b16_s04_t06,0.95,S1,B4,15.0,16,4,6,7.0,1,0.5,10,416.1,1.0,0.0,390.0,22.776075969021825,21.060765666494596,178.28693973420295,298.25456212587363,12.285714285714286,1.4,0.0,8.671891696586698,13.9,0.0,-0.015171552914374086,191.7329812002738,yes
S1_B4_a30_b08_s04_t06,0.85,S1,B4,30.0,8,4,6,7.0,1,0.5,10,380.5,1.0,0.0,420.0,25.403411844343534,23.220945305948035,94.609630238241,165.76913982289565,6.857142857142858,1.4,0.0,4.900736520634209,10.5,0.0,-0.007102233734906154,123.63749324076501,yes
S1_B4_a30_b08_s04_t06,0.95,S1,B4,30.0,8,4,6,7.0,1,0.5,10,421.3,1.0,0.0,420.0,25.40341184434353,23.332195350804525,138.44639581466043,234.8751787259541,7.142857142857143,1.4,0.0,4.878307205061384,13.9,0.0,-0.005846353258885731,191.7329812002738,yes
S1_B4_a30_b12_s04_t06,0.85,S1,B4,30.0,12,4,6,7.0,1,0.5,10,376.2,1.0,0.0,420.0,25.403411844343534,23.220945305948035,120.4763203686932,204.09173858425035,9.5,1.4,0.0,7.124150492724173,10.5,0.0,-0.017671513311402494,123.63749324076501,yes
S1_B4_a30_b12_s04_t06,0.95,S1,B4,30.0,12,4,6,7.0,1,0.5,10,418.3,1.0,0.0,420.0,25.40341184434353,23.332195350804525,164.14895092659023,271.0014050346352,9.857142857142858,1.4,0.0,7.134845943234978,13.9,0.0,-0.01115548600865561,191.7329812002738,yes
S1_B4_a30_b16_s04_t06,0.85,S1,B4,30.0,16,4,6,7.0,1,0.5,10,375.0,1.0,0.0,420.0,25.403411844343534,23.220945305948035,137.04868536412235,227.59030550081602,12.071428571428573,1.4,0.0,8.538134795630318,10.5,0.0,-0.02245473798453356,123.63749324076501,no
S1_B4_a30_b16_s04_t06,0.95,S1,B4,30.0,16,4,6,7.0,1,0.5,10,416.2,1.0,0.0,420.0,25.40341184434353,23.332195350804525,180.0712915554553,299.5555327205115,12.285714285714286,1.4,0.0,8.889593129139435,13.9,0.0,-0.015624772701810683,191.7329812002738,yes
S1_B4_a45_b08_s04_t06,0.85,S1,B4,45.0,8,4,6,7.0,1,0.5,10,380.0,1.0,0.0,450.0,31.112698372208094,28.131833198517974,98.64830054671614,168.82973398854253,6.857142857142858,1.4,0.0,5.006024445304101,10.5,0.0,-0.008912830508081771,123.63749324076501,yes
S1_B4_a45_b08_s04_t06,0.95,S1,B4,45.0,8,4,6,7.0,1,0.5,10,420.4,1.0,0.0,450.0,31.112698372208097,28.268086120398046,142.44483530571299,238.90650649447903,7.142857142857143,1.4,0.0,4.979639501826771,13.9,0.0,-0.007430033898165946,191.7329812002738,yes
S1_B4_a45_b12_s04_t06,0.85,S1,B4,45.0,12,4,6,7.0,1,0.5,10,376.0,1.0,0.0,450.0,31.112698372208094,28.131833198517974,124.26440198058447,207.35037361428456,9.5,1.4,0.0,7.276932581486888,10.5,0.0,-0.018346779895623434,123.63749324076501,no
S1_B4_a45_b12_s04_t06,0.95,S1,B4,45.0,12,4,6,7.0,1,0.5,10,417.6,1.0,0.0,450.0,31.112698372208097,28.268086120398046,168.15404146753588,274.9861698827905,9.857142857142858,1.4,0.0,7.277865421206288,13.9,0.0,-0.01269134698679028,191.7329812002738,yes
S1_B4_a45_b16_s04_t06,0.85,S1,B4,45.0,16,4,6,7.0,1,0.5,10,374.3,1.0,0.0,450.0,31.112698372208094,28.131833198517974,140.88948669742314,230.98528681470262,12.071428571428573,1.4,0.0,8.721347713245912,10.5,0.0,-0.023783031391042868,123.63749324076501,no
S1_B4_a45_b16_s04_t06,0.95,S1,B4,45.0,16,4,6,7.0,1,0.5,10,415.5,1.0,0.0,450.0,31.112698372208097,28.268086120398046,183.74590826515507,301.6647821479568,12.285714285714286,1.4,0.0,9.051669949775219,13.9,0.0,-0.017321525092651845,191.7329812002738,yes
S2_B1_a00_b12_s02_t06,0.85,S2,B1,0.0,12,2,6,10.0,2,1.5,10,384.0,1.0,0.0,360.0,22.0,21.293473731655336,55.19576129835922,110.94304866421972,3.077714285714286,1.4,0.0,1.1689613296215338,10.5,0.0,0.0018099786672032387,123.63749324076501,yes
S2_B1_a00_b12_s02_t06,0.95,S2,B1,0.0,12,2,6,10.0,2,1.5,10,425.3,1.0,0.0,360.0,22.0,21.38981909667321,103.22770882677952,187.16670949155971,3.5125714285714285,1.4,0.0,1.1653410410794034,13.9,0.0,0.0042169399230242415,191.7329812002738,yes
S2_B1_a00_b12_s04_t06,0.85,S2,B1,0.0,12,4,6,10.0,2,1.5,10,382.8,1.0,0.0,360.0,22.0,21.293473731655336,65.63786812256313,125.2813965193368,4.166142857142857,1.4,0.0,2.3356480481292943,10.5,0.0,-0.0007976527083768701,123.63749324076501,yes
S2_B1_a00_b12_s04_t06,0.95,S2,B1,0.0,12,4,6,10.0,2,1.5,10,424.2,1.0,0.0,360.0,22.0,21.38981909667321,113.4072371483381,198.87092328357357,4.428571428571429,1.4,0.0,2.327519017918651,13.9,0.0,0.0014587624119046286,191.7329812002738,yes
S2_B1_a00_b12_s06_t06,0.85,S2,B1,0.0,12,6,6,10.0,2,1.5,10,381.8,1.0,0.0,360.0,22.0,21.293473731655336,79.25978238746204,144.61369105245103,5.642857142857143,1.4,0.0,3.496698828308343,10.5,0.0,-0.0030585702976115023,123.63749324076501,yes
S2_B1_a00_b12_s06_t06,0.95,S2,B1,0.0,12,6,6,10.0,2,1.5,10,423.3,1.0,0.0,360.0,22.0,21.38981909667321,125.40611778077947,213.97295348575773,5.857142857142858,1.4,0.0,3.4885705840449295,13.9,0.0,-0.0011444892452620841,191.7329812002738,yes
S2_B1_a15_b12_s02_t06,0.85,S2,B1,15.0,12,2,6,10.0,2,1.5,10,384.0,1.0,0.0,390.0,22.776075969021825,21.961021604998674,55.85947951586112,111.55067517835269,3.077714285714286,1.4,0.0,1.2020504637062535,10.5,0.0,0.0018099786672032387,123.63749324076501,yes
S2_B1_a15_b12_s02_t06,0.95,S2,B1,15.0,12,2,6,10.0,2,1.5,10,425.3,1.0,0.0,390.0,22.776075969021825,22.060765666494596,103.76436103885983,187.49567841638697,3.5125714285714285,1.4,0.0,1.1975658991755118,13.9,0.0,0.0042169399230242415,191.7329812002738,yes
S2_B1_a15_b12_s04_t06,0.85,S2,B1,15.0,12,4,6,10.0,2,1.5,10,382.8,1.0,0.0,390.0,22.776075969021825,21.961021604998674,66.25403123590397,125.60111347844713,4.166142857142857,1.4,0.0,2.4017726477421797,10.5,0.0,-0.0007976527083768701,123.63749324076501,yes
S2_B1_a15_b12_s04_t06,0.95,S2,B1,15.0,12,4,6,10.0,2,1.5,10,424.1,1.0,0.0,390.0,22.776075969021825,22.060765666494596,114.09621932476301,199.51363328058846,4.428571428571429,1.4,0.0,2.39101868067603,13.9,0.0,0.001239540325370669,191.7329812002738,yes
S2_B1_a15_b12_s06_t06,0.85,S2,B1,15.0,12,6,6,10.0,2,1.5,10,381.7,1.0,0.0,390.0,22.776075969021825,21.961021604998674,79.8216083249752,144.93264211991493,5.642857142857143,1.4,0.0,3.5957121748036482,10.5,0.0,-0.00351401412520924,123.63749324076501,yes
S2_B1_a15_b12_s06_t06,0.95,S2,B1,15.0,12,6,6,10.0,2,1.5,10,423.3,1.0,0.0,390.0,22.776075969021825,22.060765666494596,125.94602118678499,214.36255465255266,5.857142857142858,1.4,0.0,3.5850344511285934,13.9,0.0,-0.0011444892452620841,191.7329812002738,yes
S2_B1_a30_b12_s02_t06,0.85,S2,B1,30.0,12,2,6,10.0,2,1.5,10,383.7,1.0,0.0,420.0,25.403411844343534,24.220945305948035,58.0623209667591,113.62319067400811,3.077714285714286,1.4,0.0,1.2328846279854786,10.5,0.0,0.0007129556415241765,123.63749324076501,yes
S2_B1_a30_b12_s02_t06,0.95,S2,B1,30.0,12,2,6,10.0,2,1.5,10,425.0,1.0,0.0,420.0,25.40341184434353,24.332195350804525,106.0131472985589,189.93988174004375,3.5125714285714285,1.4,0.0,1.2275946864464662,13.9,0.0,0.003837237482277593,191.7329812002738,yes
S2_B1_a30_b12_s04_t06,0.85,S2,B1,30.0,12,4,6,10.0,2,1.5,10,382.7,1.0,0.0,420.0,25.403411844343534,24.220945305948035,68.36331578220891,127.77056363436373,4.166142857142857,1.4,0.0,2.463390965167514,10.5,0.0,-0.0010675021305250373,123.63749324076501,yes
S2_B1_a30_b12_s04_t06,0.95,S2,B1,30.0,12,4,6,10.0,2,1.5,10,423.8,1.0,0.0,420.0,25.40341184434353,24.332195350804525,116.26104160318182,201.82118229022836,4.428571428571429,1.4,0.0,2.451223727601353,13.9,0.0,0.0004050581363181621,191.7329812002738,yes
S2_B1_a30_b12_s06_t06,0.85,S2,B1,30.0,12,6,6,10.0,2,1.5,10,381.4,1.0,0.0,420.0,25.403411844343534,24.220945305948035,81.77623091072037,146.9462601903511,5.642857142857143,1.4,0.0,3.6879779253625897,10.5,0.0,-0.0047105273071696985,123.63749324076501,yes
S2_B1_a30_b12_s06_t06,0.95,S2,B1,30.0,12,6,6,10.0,2,1.5,10,423.1,1.0,0.0,420.0,25.40341184434353,24.332195350804525,127.97031131983205,216.60133924347144,5.857142857142858,1.4,0.0,3.6740421121434066,13.9,0.0,-0.0019232883215946708,191.7329812002738,yes
S2_B1_a45_b12_s02_t06,0.85,S2,B1,45.0,12,2,6,10.0,2,1.5,10,383.0,1.0,0.0,450.0,31.112698372208094,29.131833198517974,62.92130696169137,118.54259146547307,3.077714285714286,1.4,0.0,1.259362525119447,10.5,0.0,0.0003731877782508808,123.63749324076501,yes
S2_B1_a45_b12_s02_t06,0.95,S2,B1,45.0,12,2,6,10.0,2,1.5,10,424.7,1.0,0.0,450.0,31.112698372208097,29.268086120398046,110.87127119820852,195.4675830442281,3.5125714285714285,1.4,0.0,1.2533809906646691,13.9,0.0,0.0030097037777316576,191.7329812002738,yes
S2_B1_a45_b12_s04_t06,0.85,S2,B1,45.0,12,4,6,10.0,2,1.5,10,382.4,1.0,0.0,450.0,31.112698372208094,29.131833198517974,72.98592203493125,132.26880300744125,4.166142857142857,1.4,0.0,2.5163038139018457,10.5,0.0,-0.0023763112333723764,123.63749324076501,yes
S2_B1_a45_b12_s04_t06,0.95,S2,B1,45.0,12,4,6,10.0,2,1.5,10,423.2,1.0,0.0,450.0,31.112698372208097,29.268086120398046,120.82148121908926,206.42215076120084,4.428571428571429,1.4,0.0,2.5017551772393807,13.9,0.0,-0.0010201200109502457,191.7329812002738,yes
S2_B1_a45_b12_s06_t06,0.85,S2,B1,45.0,12,6,6,10.0,2,1.5,10,381.1,1.0,0.0,450.0,31.112698372208094,29.131833198517974,86.01131051549363,151.1267628691114,5.642857142857143,1.4,0.0,3.7672083215609393,10.5,0.0,-0.005442878346162854,123.63749324076501,yes
S2_B1_a45_b12_s06_t06,0.95,S2,B1,45.0,12,6,6,10.0,2,1.5,10,422.1,1.0,0.0,450.0,31.112698372208097,29.268086120398046,132.24609652081728,220.92335241532462,5.857142857142858,1.4,0.0,3.7476059749810524,13.9,0.0,-0.0037171286907273287,191.7329812002738,yes
S2_B2_a00_b12_s02_t06,0.85,S2,B2,0.0,12,2,6,9.0,0,0.35,10,384.1,1.0,0.0,360.0,22.0,20.143473731655337,54.068194159664394,109.79464575812054,3.077714285714286,1.4,0.0,1.1689613296215338,10.5,0.0,0.0019856401844237322,123.63749324076501,yes
S2_B2_a00_b12_s02_t06,0.95,S2,B2,0.0,12,2,6,9.0,0,0.35,10,425.4,1.0,0.0,360.0,22.0,20.239819096673212,102.07128618059996,185.91387798707555,3.5125714285714285,1.4,0.0,1.1656253548048936,13.9,0.0,0.004393262238917799,191.7329812002738,yes
S2_B2_a00_b12_s04_t06,0.85,S2,B2,0.0,12,4,6,9.0,0,0.35,10,383.1,1.0,0.0,360.0,22.0,20.143473731655337,64.49579972863324,124.06685329235597,4.166142857142857,1.4,0.0,2.3356480481292943,10.5,0.0,-0.00035753700488368824,123.63749324076501,yes
S2_B2_a00_b12_s04_t06,0.95,S2,B2,0.0,12,4,6,9.0,0,0.35,10,424.6,1.0,0.0,360.0,22.0,20.239819096673212,112.28552967455464,197.77092328357358,4.428571428571429,1.4,0.0,2.327519017918651,13.9,0.0,0.002763853139378085,191.7329812002738,yes
S2_B2_a00_b12_s06_t06,0.85,S2,B2,0.0,12,6,6,9.0,0,0.35,10,382.0,1.0,0.0,360.0,22.0,20.143473731655337,78.11426384428154,143.3210774816572,5.642857142857143,1.4,0.0,3.496698828308343,10.5,0.0,-0.002456351218201504,123.63749324076501,yes
S2_B2_a00_b12_s06_t06,0.95,S2,B2,0.0,12,6,6,9.0,0,0.35,10,423.2,1.0,0.0,360.0,22.0,20.239819096673212,124.30148844442311,213.2600828470604,5.857142857142858,1.4,0.0,3.489605321665033,13.9,0.0,-0.0010712737990720364,191.7329812002738,yes
S2_B2_a15_b12_s02_t06,0.85,S2,B2,15.0,12,2,6,9.0,0,0.35,10,384.0,1.0,0.0,390.0,22.776075969021825,20.811021604998675,54.6876764809089,110.443360916789,3.077714285714286,1.4,0.0,1.2020504637062535,10.5,0.0,0.0018099786672032387,123.63749324076501,yes
S2_B2_a15_b12_s02_t06,0.95,S2,B2,15.0,12,2,6,9.0,0,0.35,10,425.3,1.0,0.0,390.0,22.776075969021825,20.910765666494598,102.63612470525854,186.42030078696797,3.5125714285714285,1.4,0.0,1.1978603626674766,13.9,0.0,0.0042169399230242415,191.7329812002738,yes
S2_B2_a15_b12_s04_t06,0.85,S2,B2,15.0,12,4,6,9.0,0,0.35,10,382.8,1.0,0.0,390.0,22.776075969021825,20.811021604998675,65.09917910634758,124.46367395231462,4.166142857142857,1.4,0.0,2.4017726477421797,10.5,0.0,-0.0007976527083768701,123.63749324076501,yes
S2_B2_a15_b12_s04_t06,0.95,S2,B2,15.0,12,4,6,9.0,0,0.35,10,424.2,1.0,0.0,390.0,22.776075969021825,20.910765666494598,112.91073702498183,198.38828994359528,4.428571428571429,1.4,0.0,2.391852705699175,13.9,0.0,0.0014587624119046286,191.7329812002738,yes
S2_B2_a15_b12_s06_t06,0.85,S2,B2,15.0,12,6,6,9.0,0,0.35,10,381.9,1.0,0.0,390.0,22.776075969021825,20.811021604998675,78.68589055431711,143.9127509913988,5.642857142857143,1.4,0.0,3.5957121748036482,10.5,0.0,-0.0027676956324883496,123.63749324076501,yes
S2_B2_a15_b12_s06_t06,0.95,S2,B2,15.0,12,6,6,9.0,0,0.35,10,423.3,1.0,0.0,390.0,22.776075969021825,20.910765666494598,124.87346407227594,213.32083439781155,5.857142857142858,1.4,0.0,3.5850344511285934,13.9,0.0,-0.0011444892452620841,191.7329812002738,yes
S2_B2_a30_b12_s02_t06,0.85,S2,B2,30.0,12,2,6,9.0,0,0.35,10,384.0,1.0,0.0,420.0,25.403411844343534,23.070945305948037,56.93517635589508,112.34458218042556,3.077714285714286,1.4,0.0,1.2328846279854786,10.5,0.0,0.0018099786672032387,123.63749324076501,yes
S2_B2_a30_b12_s02_t06,0.95,S2,B2,30.0,12,2,6,9.0,0,0.35,10,425.2,1.0,0.0,420.0,25.40341184434353,23.182195350804527,104.86278861855803,188.7543899258626,3.5125714285714285,1.4,0.0,1.2278986080150938,13.9,0.0,0.003992799033510821,191.7329812002738,yes
S2_B2_a30_b12_s04_t06,0.85,S2,B2,30.0,12,4,6,9.0,0,0.35,10,382.8,1.0,0.0,420.0,25.403411844343534,23.070945305948037,67.2095808669668,126.70319982284133,4.166142857142857,1.4,0.0,2.463390965167514,10.5,0.0,-0.0007976527083768701,123.63749324076501,yes
S2_B2_a30_b12_s04_t06,0.95,S2,B2,30.0,12,4,6,9.0,0,0.35,10,423.9,1.0,0.0,420.0,25.40341184434353,23.182195350804527,115.0830931614654,200.54282055547486,4.428571428571429,1.4,0.0,2.4509492177974312,13.9,0.0,0.0006605909172832561,191.7329812002738,yes
S2_B2_a30_b12_s06_t06,0.85,S2,B2,30.0,12,6,6,9.0,0,0.35,10,381.6,1.0,0.0,420.0,25.403411844343534,23.070945305948037,80.66073572778612,145.90950124874377,5.642857142857143,1.4,0.0,3.6879779253625897,10.5,0.0,-0.003766816332541379,123.63749324076501,yes
S2_B2_a30_b12_s06_t06,0.95,S2,B2,30.0,12,6,6,9.0,0,0.35,10,423.2,1.0,0.0,420.0,25.40341184434353,23.182195350804527,126.82159722004745,215.3717431163288,5.857142857142858,1.4,0.0,3.6740715239081125,13.9,0.0,-0.0016087423512673397,191.7329812002738,yes
S2_B2_a45_b12_s02_t06,0.85,S2,B2,45.0,12,2,6,9.0,0,0.35,10,383.2,1.0,0.0,450.0,31.112698372208094,27.98183319851798,61.81392197683947,117.46362050455812,3.077714285714286,1.4,0.0,1.259362525119447,10.5,0.0,0.0002820334454290735,123.63749324076501,yes
S2_B2_a45_b12_s02_t06,0.95,S2,B2,45.0,12,2,6,9.0,0,0.35,10,424.9,1.0,0.0,450.0,31.112698372208097,28.118086120398043,109.72831791869015,194.37693234285226,3.5125714285714285,1.4,0.0,1.2533809906646691,13.9,0.0,0.0035742771061926153,191.7329812002738,yes
S2_B2_a45_b12_s04_t06,0.85,S2,B2,45.0,12,4,6,9.0,0,0.35,10,382.4,1.0,0.0,450.0,31.112698372208094,27.98183319851798,71.83978751673344,131.08125044599268,4.166142857142857,1.4,0.0,2.5163038139018457,10.5,0.0,-0.0023763112333723764,123.63749324076501,yes
S2_B2_a45_b12_s04_t06,0.95,S2,B2,45.0,12,4,6,9.0,0,0.35,10,423.2,1.0,0.0,450.0,31.112698372208097,28.118086120398043,119.72311679145854,205.38715076120084,4.428571428571429,1.4,0.0,2.5020337479605805,13.9,0.0,-0.0010201200109502457,191.7329812002738,yes
S2_B2_a45_b12_s06_t06,0.85,S2,B2,45.0,12,6,6,9.0,0,0.35,10,381.1,1.0,0.0,450.0,31.112698372208094,27.98183319851798,84.89241112990126,149.95562581739904,5.642857142857143,1.4,0.0,3.7672083215609393,10.5,0.0,-0.005442878346162854,123.63749324076501,yes
S2_B2_a45_b12_s06_t06,0.95,S2,B2,45.0,12,6,6,9.0,0,0.35,10,422.4,1.0,0.0,450.0,31.112698372208097,28.118086120398043,131.1663811312992,219.7992202544395,5.857142857142858,1.4,0.0,3.7476059749810524,13.9,0.0,-0.002785353983932972,191.7329812002738,yes
S2_B3_a00_b12_s02_t06,0.85,S2,B3,0.0,12,2,6,3.0,1,0.1,10,384.1,1.0,0.0,360.0,22.0,19.893473731655334,53.80606732797433,109.55786252215104,3.077714285714286,1.4,0.0,1.1689613296215338,10.5,0.0,0.0019856401844237322,123.63749324076501,yes
S2_B3_a00_b12_s02_t06,0.95,S2,B3,0.0,12,2,6,3.0,1,0.1,10,425.4,1.0,0.0,360.0,22.0,19.989819096673212,101.78696863026131,185.67658994807377,3.5125714285714285,1.4,0.0,1.1656253548048936,13.9,0.0,0.004393262238917799,191.7329812002738,yes
S2_B3_a00_b12_s04_t06,0.85,S2,B3,0.0,12,4,6,3.0,1,0.1,10,383.1,1.0,0.0,360.0,22.0,19.893473731655334,64.23031336896543,123.5695666417018,4.166142857142857,1.4,0.0,2.3356480481292943,10.5,0.0,-0.00035753700488368824,123.63749324076501,yes
S2_B3_a00_b12_s04_t06,0.95,S2,B3,0.0,12,4,6,3.0,1,0.1,10,424.6,1.0,0.0,360.0,22.0,19.989819096673212,112.0079546532699,197.49842002425615,4.428571428571429,1.4,0.0,2.327519017918651,13.9,0.0,0.002763853139378085,191.7329812002738,yes
S2_B3_a00_b12_s06_t06,0.85,S2,B3,0.0,12,6,6,3.0,1,0.1,10,382.1,1.0,0.0,360.0,22.0,19.893473731655334,77.85534987301969,143.01089186256996,5.642857142857143,1.4,0.0,3.496698828308343,10.5,0.0,-0.00232143852708218,123.63749324076501,yes
S2_B3_a00_b12_s06_t06,0.95,S2,B3,0.0,12,6,6,3.0,1,0.1,10,423.2,1.0,0.0,360.0,22.0,19.989819096673212,124.04528972389045,212.92887856549737,5.857142857142858,1.4,0.0,3.489605321665033,13.9,0.0,-0.0010712737990720364,191.7329812002738,yes
S2_B3_a15_b12_s02_t06,0.85,S2,B3,15.0,12,2,6,3.0,1,0.1,10,384.0,1.0,0.0,390.0,22.776075969021825,20.561021604998675,54.44732324643632,110.08396564869625,3.077714285714286,1.4,0.0,1.2020504637062535,10.5,0.0,0.0018099786672032387,123.63749324076501,yes
S2_B3_a15_b12_s02_t06,0.95,S2,B3,15.0,12,2,6,3.0,1,0.1,10,425.3,1.0,0.0,390.0,22.776075969021825,20.660765666494598,102.37319743859112,186.28040491630878,3.5125714285714285,1.4,0.0,1.1978603626674766,13.9,0.0,0.0042169399230242415,191.7329812002738,yes
S2_B3_a15_b12_s04_t06,0.85,S2,B3,15.0,12,4,6,3.0,1,0.1,10,383.0,1.0,0.0,390.0,22.776075969021825,20.561021604998675,64.87412354260702,124.35356401427441,4.166142857142857,1.4,0.0,2.4017726477421797,10.5,0.0,-0.00037103906403042873,123.63749324076501,yes
S2_B3_a15_b12_s04_t06,0.95,S2,B3,15.0,12,4,6,3.0,1,0.1,10,424.3,1.0,0.0,390.0,22.776075969021825,20.660765666494598,112.54676347118821,197.89605474924204,4.428571428571429,1.4,0.0,2.391852705699175,13.9,0.0,0.0018416430109102276,191.7329812002738,yes
S2_B3_a15_b12_s06_t06,0.85,S2,B3,15.0,12,6,6,3.0,1,0.1,10,381.9,1.0,0.0,390.0,22.776075969021825,20.561021604998675,78.46256001408439,143.74365227719505,5.642857142857143,1.4,0.0,3.5957121748036482,10.5,0.0,-0.0027676956324883496,123.63749324076501,yes
S2_B3_a15_b12_s06_t06,0.95,S2,B3,15.0,12,6,6,3.0,1,0.1,10,423.2,1.0,0.0,390.0,22.776075969021825,20.660765666494598,124.67470112834977,213.64632283762202,5.857142857142858,1.4,0.0,3.5860978826561363,13.9,0.0,-0.0010712737990720364,191.7329812002738,yes
S2_B3_a30_b12_s02_t06,0.85,S2,B3,30.0,12,2,6,3.0,1,0.1,10,384.0,1.0,0.0,420.0,25.403411844343534,22.82094530594804,56.69674058581069,112.09148616276484,3.077714285714286,1.4,0.0,1.2328846279854786,10.5,0.0,0.0018099786672032387,123.63749324076501,yes
S2_B3_a30_b12_s02_t06,0.95,S2,B3,30.0,12,2,6,3.0,1,0.1,10,425.2,1.0,0.0,420.0,25.40341184434353,22.932195350804527,104.70381635088182,188.63238677156048,3.5125714285714285,1.4,0.0,1.2278986080150938,13.9,0.0,0.003992799033510821,191.7329812002738,yes
S2_B3_a30_b12_s04_t06,0.85,S2,B3,30.0,12,4,6,3.0,1,0.1,10,382.8,1.0,0.0,420.0,25.403411844343534,22.82094530594804,66.98278236159578,126.41868530718263,4.166142857142857,1.4,0.0,2.463390965167514,10.5,0.0,-0.0007976527083768701,123.63749324076501,yes
S2_B3_a30_b12_s04_t06,0.95,S2,B3,30.0,12,4,6,3.0,1,0.1,10,423.9,1.0,0.0,420.0,25.40341184434353,22.932195350804527,114.85451437778038,200.326119169104,4.428571428571429,1.4,0.0,2.4509492177974312,13.9,0.0,0.0006605909172832561,191.7329812002738,yes
S2_B3_a30_b12_s06_t06,0.85,S2,B3,30.0,12,6,6,3.0,1,0.1,10,381.6,1.0,0.0,420.0,25.403411844343534,22.82094530594804,80.39322233811725,145.48778607651317,5.642857142857143,1.4,0.0,3.6879779253625897,10.5,0.0,-0.003766816332541379,123.63749324076501,yes
S2_B3_a30_b12_s06_t06,0.95,S2,B3,30.0,12,6,6,3.0,1,0.1,10,423.2,1.0,0.0,420.0,25.40341184434353,22.932195350804527,126.62413923468488,215.341123724534,5.857142857142858,1.4,0.0,3.674924465084583,13.9,0.0,-0.0016087423512673397,191.7329812002738,yes
S2_B3_a45_b12_s02_t06,0.85,S2,B3,45.0,12,2,6,3.0,1,0.1,10,383.3,1.0,0.0,450.0,31.112698372208094,27.73183319851798,61.503614877868806,117.17606353885822,3.077714285714286,1.4,0.0,1.259362525119447,10.5,0.0,0.0006372609119755777,123.63749324076501,yes
S2_B3_a45_b12_s02_t06,0.95,S2,B3,45.0,12,2,6,3.0,1,0.1,10,424.9,1.0,0.0,450.0,31.112698372208097,27.868086120398043,109.43287649491361,194.10111607695924,3.5125714285714285,1.4,0.0,1.2533809906646691,13.9,0.0,0.0035742771061926153,191.7329812002738,yes
S2_B3_a45_b12_s04_t06,0.85,S2,B3,45.0,12,4,6,3.0,1,0.1,10,382.4,1.0,0.0,450.0,31.112698372208094,27.73183319851798,71.62116506541483,130.90968056125402,4.166142857142857,1.4,0.0,2.5163038139018457,10.5,0.0,-0.0023763112333723764,123.63749324076501,yes
S2_B3_a45_b12_s04_t06,0.95,S2,B3,45.0,12,4,6,3.0,1,0.1,10,423.2,1.0,0.0,450.0,31.112698372208097,27.868086120398043,119.41621394005887,204.86214861517863,4.428571428571429,1.4,0.0,2.5020337479605805,13.9,0.0,-0.0010201200109502457,191.7329812002738,yes
S2_B3_a45_b12_s06_t06,0.85,S2,B3,45.0,12,6,6,3.0,1,0.1,10,381.1,1.0,0.0,450.0,31.112698372208094,27.73183319851798,84.61092051050522,149.4679229147105,5.642857142857143,1.4,0.0,3.7672083215609393,10.5,0.0,-0.005442878346162854,123.63749324076501,yes
S2_B3_a45_b12_s06_t06,0.95,S2,B3,45.0,12,6,6,3.0,1,0.1,10,422.4,1.0,0.0,450.0,31.112698372208097,27.868086120398043,130.9196879836976,219.55953844478918,5.857142857142858,1.4,0.0,3.7476059749810524,13.9,0.0,-0.002785353983932972,191.7329812002738,yes
S2_B4_a00_b12_s02_t06,0.85,S2,B4,0.0,12,2,6,7.0,1,0.5,10,384.1,1.0,0.0,360.0,22.0,20.293473731655336,54.19576129835922,109.94304866421972,3.077714285714286,1.4,0.0,1.1689613296215338,10.5,0.0,0.0019856401844237322,123.63749324076501,yes
S2_B4_a00_b12_s02_t06,0.95,S2,B4,0.0,12,2,6,7.0,1,0.5,10,425.4,1.0,0.0,360.0,22.0,20.38981909667321,102.22888529736777,186.16670949155971,3.5125714285714285,1.4,0.0,1.1656253548048936,13.9,0.0,0.004393262238917799,191.7329812002738,yes
S2_B4_a00_b12_s04_t06,0.85,S2,B4,0.0,12,4,6,7.0,1,0.5,10,383.1,1.0,0.0,360.0,22.0,20.293473731655336,64.63786812256313,124.2813965193368,4.166142857142857,1.4,0.0,2.3356480481292943,10.5,0.0,-0.00035753700488368824,123.63749324076501,yes
S2_B4_a00_b12_s04_t06,0.95,S2,B4,0.0,12,4,6,7.0,1,0.5,10,424.6,1.0,0.0,360.0,22.0,20.38981909667321,112.4072371483381,197.87092328357357,4.428571428571429,1.4,0.0,2.327519017918651,13.9,0.0,0.002763853139378085,191.7329812002738,yes
S2_B4_a00_b12_s06_t06,0.85,S2,B4,0.0,12,6,6,7.0,1,0.5,10,382.0,1.0,0.0,360.0,22.0,20.293473731655336,78.25978238746204,143.61369105245103,5.642857142857143,1.4,0.0,3.496698828308343,10.5,0.0,-0.002456351218201504,123.63749324076501,yes
S2_B4_a00_b12_s06_t06,0.95,S2,B4,0.0,12,6,6,7.0,1,0.5,10,423.2,1.0,0.0,360.0,22.0,20.38981909667321,124.47396700472625,213.49314339215175,5.857142857142858,1.4,0.0,3.489605321665033,13.9,0.0,-0.0010712737990720364,191.7329812002738,yes
S2_B4_a15_b12_s02_t06,0.85,S2,B4,15.0,12,2,6,7.0,1,0.5,10,384.0,1.0,0.0,390.0,22.776075969021825,20.961021604998674,54.85947951586112,110.55067517835269,3.077714285714286,1.4,0.0,1.2020504637062535,10.5,0.0,0.0018099786672032387,123.63749324076501,yes
S2_B4_a15_b12_s02_t06,0.95,S2,B4,15.0,12,2,6,7.0,1,0.5,10,425.3,1.0,0.0,390.0,22.776075969021825,21.060765666494596,102.76789045062453,186.49567841638697,3.5125714285714285,1.4,0.0,1.1978603626674766,13.9,0.0,0.0042169399230242415,191.7329812002738,yes
S2_B4_a15_b12_s04_t06,0.85,S2,B4,15.0,12,4,6,7.0,1,0.5,10,382.8,1.0,0.0,390.0,22.776075969021825,20.961021604998674,65.25403123590397,124.60111347844713,4.166142857142857,1.4,0.0,2.4017726477421797,10.5,0.0,-0.0007976527083768701,123.63749324076501,yes
S2_B4_a15_b12_s04_t06,0.95,S2,B4,15.0,12,4,6,7.0,1,0.5,10,424.2,1.0,0.0,390.0,22.776075969021825,21.060765666494596,113.07692520711595,198.51363328058846,4.428571428571429,1.4,0.0,2.391852705699175,13.9,0.0,0.0014587624119046286,191.7329812002738,yes
S2_B4_a15_b12_s06_t06,0.85,S2,B4,15.0,12,6,6,7.0,1,0.5,10,381.8,1.0,0.0,390.0,22.776075969021825,20.961021604998674,78.8216083249752,143.93264211991493,5.642857142857143,1.4,0.0,3.5957121748036482,10.5,0.0,-0.0030585702976115023,123.63749324076501,yes
S2_B4_a15_b12_s06_t06,0.95,S2,B4,15.0,12,6,6,7.0,1,0.5,10,423.3,1.0,0.0,390.0,22.776075969021825,21.060765666494596,124.94602118678499,213.36255465255266,5.857142857142858,1.4,0.0,3.5850344511285934,13.9,0.0,-0.0011444892452620841,191.7329812002738,yes
S2_B4_a30_b12_s02_t06,0.85,S2,B4,30.0,12,2,6,7.0,1,0.5,10,383.9,1.0,0.0,420.0,25.403411844343534,23.220945305948035,57.0623209667591,112.62319067400811,3.077714285714286,1.4,0.0,1.2328846279854786,10.5,0.0,0.0015149673905260753,123.63749324076501,yes
S2_B4_a30_b12_s02_t06,0.95,S2,B4,30.0,12,2,6,7.0,1,0.5,10,425.2,1.0,0.0,420.0,25.40341184434353,23.332195350804525,105.0140884750295,188.93988174004375,3.5125714285714285,1.4,0.0,1.2278986080150938,13.9,0.0,0.003992799033510821,191.7329812002738,yes
S2_B4_a30_b12_s04_t06,0.85,S2,B4,30.0,12,4,6,7.0,1,0.5,10,382.8,1.0,0.0,420.0,25.403411844343534,23.220945305948035,67.36331578220891,126.77056363436373,4.166142857142857,1.4,0.0,2.463390965167514,10.5,0.0,-0.0007976527083768701,123.63749324076501,yes
S2_B4_a30_b12_s04_t06,0.95,S2,B4,30.0,12,4,6,7.0,1,0.5,10,423.9,1.0,0.0,420.0,25.40341184434353,23.332195350804525,115.26645336788769,200.82118229022836,4.428571428571429,1.4,0.0,2.4509492177974312,13.9,0.0,0.0006605909172832561,191.7329812002738,yes
S2_B4_a30_b12_s06_t06,0.85,S2,B4,30.0,12,6,6,7.0,1,0.5,10,381.6,1.0,0.0,420.0,25.403411844343534,23.220945305948035,80.77623091072037,145.9462601903511,5.642857142857143,1.4,0.0,3.6879779253625897,10.5,0.0,-0.003766816332541379,123.63749324076501,yes
S2_B4_a30_b12_s06_t06,0.95,S2,B4,30.0,12,6,6,7.0,1,0.5,10,423.2,1.0,0.0,420.0,25.40341184434353,23.332195350804525,127.02042896689088,215.60133924347144,5.857142857142858,1.4,0.0,3.6740715239081125,13.9,0.0,-0.0016087423512673397,191.7329812002738,yes
S2_B4_a45_b12_s02_t06,0.85,S2,B4,45.0,12,2,6,7.0,1,0.5,10,383.2,1.0,0.0,450.0,31.112698372208094,28.131833198517974,61.92130696169137,117.54259146547307,3.077714285714286,1.4,0.0,1.259362525119447,10.5,0.0,0.0002820334454290735,123.63749324076501,yes
S2_B4_a45_b12_s02_t06,0.95,S2,B4,45.0,12,2,6,7.0,1,0.5,10,424.8,1.0,0.0,450.0,31.112698372208097,28.268086120398046,109.87127119820852,194.4675830442281,3.5125714285714285,1.4,0.0,1.2533809906646691,13.9,0.0,0.003317046309298678,191.7329812002738,yes
S2_B4_a45_b12_s04_t06,0.85,S2,B4,45.0,12,4,6,7.0,1,0.5,10,382.4,1.0,0.0,450.0,31.112698372208094,28.131833198517974,71.98592203493125,131.26880300744125,4.166142857142857,1.4,0.0,2.5163038139018457,10.5,0.0,-0.0023763112333723764,123.63749324076501,yes
S2_B4_a45_b12_s04_t06,0.95,S2,B4,45.0,12,4,6,7.0,1,0.5,10,423.2,1.0,0.0,450.0,31.112698372208097,28.268086120398046,119.82148121908926,205.42215076120084,4.428571428571429,1.4,0.0,2.5017551772393807,13.9,0.0,-0.0010201200109502457,191.7329812002738,yes
S2_B4_a45_b12_s06_t06,0.85,S2,B4,45.0,12,6,6,7.0,1,0.5,10,381.1,1.0,0.0,450.0,31.112698372208094,28.131833198517974,85.01131051549363,150.1267628691114,5.642857142857143,1.4,0.0,3.7672083215609393,10.5,0.0,-0.005442878346162854,123.63749324076501,yes
S2_B4_a45_b12_s06_t06,0.95,S2,B4,45.0,12,6,6,7.0,1,0.5,10,422.4,1.0,0.0,450.0,31.112698372208097,28.268086120398046,131.24609652081728,219.92335241532462,5.857142857142858,1.4,0.0,3.7476059749810524,13.9,0.0,-0.002785353983932972,191.7329812002738,yes
S3_B1_a00_b08_s04_t02,0.85,S3,B1,0.0,8,4,2,10.0,2,1.5,10,384.4,1.0,0.0,360.0,22.0,21.293473731655336,53.664317630447655,116.86048535452845,8.857142857142858,1.4,0.0,2.23576553260568,10.5,0.0,0.002994051955349958,123.63749324076501,yes
S3_B1_a00_b08_s04_t02,0.95,S3,B1,0.0,8,4,2,10.0,2,1.5,10,424.2,1.0,0.0,360.0,22.0,21.38981909667321,107.17038286591337,205.79475098109506,14.642857142857144,1.4,0.0,3.5645215089931,13.9,0.0,0.001780569542882336,191.7329812002738,yes
S3_B1_a00_b08_s04_t06,0.85,S3,B1,0.0,8,4,6,10.0,2,1.5,10,384.8,1.0,0.0,360.0,22.0,21.293473731655336,48.017537362545674,105.3405085390632,5.857142857142858,1.4,0.0,1.3138026826803384,10.5,0.0,0.003720911870219581,123.63749324076501,yes
S3_B1_a00_b08_s04_t06,0.95,S3,B1,0.0,8,4,6,10.0,2,1.5,10,426.0,1.0,0.0,360.0,22.0,21.38981909667321,98.13034307250426,192.11845115297055,11.357142857142858,1.4,0.0,2.6963427404133147,13.9,0.0,0.005829040646580749,191.7329812002738,yes
S3_B1_a00_b08_s04_t10,0.85,S3,B1,0.0,8,4,10,10.0,2,1.5,10,384.9,1.0,0.0,360.0,22.0,21.293473731655336,47.831895541887384,102.11690749895469,3.7857142857142856,1.4,0.0,0.948943625466022,10.5,0.0,0.004001559132518493,123.63749324076501,yes
S3_B1_a00_b08_s04_t10,0.95,S3,B1,0.0,8,4,10,10.0,2,1.5,10,426.0,1.0,0.0,360.0,22.0,21.38981909667321,97.71208329689952,189.71921625884545,10.0,1.4,0.0,2.175664287178475,13.9,0.0,0.006326969426294381,191.7329812002738,yes
S3_B1_a00_b12_s04_t02,0.85,S3,B1,0.0,12,4,2,10.0,2,1.5,10,384.4,1.0,0.0,360.0,22.0,21.293473731655336,52.89183460819009,117.06288435422427,8.857142857142858,1.4,0.0,2.4948022313381686,10.5,0.0,0.002994051955349958,123.63749324076501,yes
S3_B1_a00_b12_s04_t02,0.95,S3,B1,0.0,12,4,2,10.0,2,1.5,10,424.6,1.0,0.0,360.0,22.0,21.38981909667321,105.52990356048521,213.45570700158407,13.714285714285715,1.4,0.0,4.674657573744431,13.9,0.0,0.002183216891220815,191.7329812002738,yes
S3_B1_a00_b12_s04_t06,0.85,S3,B1,0.0,12,4,6,10.0,2,1.5,10,385.0,1.0,0.0,360.0,22.0,21.293473731655336,48.05416042991085,104.91188905626755,5.928571428571429,1.4,0.0,1.389777128507469,10.5,0.0,0.004295140611814533,123.63749324076501,yes
S3_B1_a00_b12_s04_t06,0.95,S3,B1,0.0,12,4,6,10.0,2,1.5,10,426.3,1.0,0.0,360.0,22.0,21.38981909667321,98.17168247922626,198.68036274007406,11.571428571428573,1.4,0.0,3.4327962325129726,13.9,0.0,0.005981401491079959,191.7329812002738,yes
S3_B1_a00_b12_s04_t10,0.85,S3,B1,0.0,12,4,10,10.0,2,1.5,10,384.9,1.0,0.0,360.0,22.0,21.293473731655336,47.84174775863615,101.9678594385507,3.7857142857142856,1.4,0.0,0.9510474842509152,10.5,0.0,0.004001559132518493,123.63749324076501,yes
S3_B1_a00_b12_s04_t10,0.95,S3,B1,0.0,12,4,10,10.0,2,1.5,10,426.1,1.0,0.0,360.0,22.0,21.38981909667321,97.87790060372029,191.82559177862885,9.928571428571429,1.4,0.0,2.6410145025957674,13.9,0.0,0.006773657083003033,191.7329812002738,yes
S3_B1_a00_b16_s04_t02,0.85,S3,B1,0.0,16,4,2,10.0,2,1.5,10,384.4,1.0,0.0,360.0,22.0,21.293473731655336,52.62742447248683,118.39926976506247,8.5,1.4,0.0,2.6179370638055124,10.5,0.0,0.0034553410788100516,123.63749324076501,yes
S3_B1_a00_b16_s04_t02,0.95,S3,B1,0.0,16,4,2,10.0,2,1.5,10,425.1,1.0,0.0,360.0,22.0,21.38981909667321,105.88005291615815,216.7877732271443,13.285714285714286,1.4,0.0,5.349880749581149,13.9,0.0,0.004163249537866472,191.7329812002738,yes
S3_B1_a00_b16_s04_t06,0.85,S3,B1,0.0,16,4,6,10.0,2,1.5,10,384.9,1.0,0.0,360.0,22.0,21.293473731655336,48.048364736208406,105.19626434079305,5.928571428571429,1.4,0.0,1.3986262963112264,10.5,0.0,0.004001559132518493,123.63749324076501,yes
S3_B1_a00_b16_s04_t06,0.95,S3,B1,0.0,16,4,6,10.0,2,1.5,10,426.5,1.0,0.0,360.0,22.0,21.38981909667321,97.44215181486449,200.93535617544381,11.571428571428573,1.4,0.0,3.8274736819279047,13.9,0.0,0.007056606660415881,191.7329812002738,yes
S3_B1_a00_b16_s04_t10,0.85,S3,B1,0.0,16,4,10,10.0,2,1.5,10,384.9,1.0,0.0,360.0,22.0,21.293473731655336,47.84174775863615,101.9678594385507,3.7857142857142856,1.4,0.0,0.9510474842509152,10.5,0.0,0.004001559132518493,123.63749324076501,yes
S3_B1_a00_b16_s04_t10,0.95,S3,B1,0.0,16,4,10,10.0,2,1.5,10,426.1,1.0,0.0,360.0,22.0,21.38981909667321,97.76063633841476,196.4603540073086,9.785714285714286,1.4,0.0,2.813923793117862,13.9,0.0,0.006312956785446929,191.7329812002738,yes
S3_B1_a15_b08_s04_t02,0.85,S3,B1,15.0,8,4,2,10.0,2,1.5,10,384.1,1.0,0.0,390.0,22.776075969021825,21.961021604998674,54.65038645438638,118.23316576146925,9.0,1.4,0.0,2.3317412441742658,10.5,0.0,0.0025629559375624517,123.63749324076501,yes
S3_B1_a15_b08_s04_t02,0.95,S3,B1,15.0,8,4,2,10.0,2,1.5,10,424.2,1.0,0.0,390.0,22.776075969021825,22.060765666494596,108.97978955261051,207.64859398639177,14.857142857142858,1.4,0.0,3.7167479380698674,13.9,0.0,0.001725710831909417,191.7329812002738,yes
S3_B1_a15_b08_s04_t06,0.85,S3,B1,15.0,8,4,6,10.0,2,1.5,10,384.8,1.0,0.0,390.0,22.776075969021825,21.961021604998674,48.6817429405144,105.93131670224831,5.857142857142858,1.4,0.0,1.365518141772902,10.5,0.0,0.004276142794635722,123.63749324076501,yes
S3_B1_a15_b08_s04_t06,0.95,S3,B1,15.0,8,4,6,10.0,2,1.5,10,426.1,1.0,0.0,390.0,22.776075969021825,22.060765666494596,98.49503220390613,191.51171280129228,11.571428571428573,1.4,0.0,2.784064197628683,13.9,0.0,0.00614936106682487,191.7329812002738,yes
S3_B1_a15_b08_s04_t10,0.85,S3,B1,15.0,8,4,10,10.0,2,1.5,10,384.8,1.0,0.0,390.0,22.776075969021825,21.961021604998674,48.50096102502752,103.24615496241985,3.857142857142857,1.4,0.0,0.9768373454510603,10.5,0.0,0.004276142794635722,123.63749324076501,yes
S3_B1_a15_b08_s04_t10,0.95,S3,B1,15.0,8,4,10,10.0,2,1.5,10,425.9,1.0,0.0,390.0,22.776075969021825,22.060765666494596,98.36340694312081,190.45732911485203,9.857142857142858,1.4,0.0,2.2505243356248017,13.9,0.0,0.006420123445493252,191.7329812002738,yes
S3_B1_a15_b12_s04_t02,0.85,S3,B1,15.0,12,4,2,10.0,2,1.5,10,384.1,1.0,0.0,390.0,22.776075969021825,21.961021604998674,54.294834207988195,119.25228536275128,8.785714285714286,1.4,0.0,2.63639337334673,10.5,0.0,0.0024064152174164237,123.63749324076501,yes
S3_B1_a15_b12_s04_t02,0.95,S3,B1,15.0,12,4,2,10.0,2,1.5,10,424.7,1.0,0.0,390.0,22.776075969021825,22.060765666494596,107.05842843472503,216.27203207689232,13.785714285714286,1.4,0.0,4.861141701140978,13.9,0.0,0.0025814673442590076,191.7329812002738,yes
S3_B1_a15_b12_s04_t06,0.85,S3,B1,15.0,12,4,6,10.0,2,1.5,10,384.9,1.0,0.0,390.0,22.776075969021825,21.961021604998674,48.77274195673201,106.12266675168352,5.857142857142858,1.4,0.0,1.4322559050095867,10.5,0.0,0.0045610015201851106,123.63749324076501,yes
S3_B1_a15_b12_s04_t06,0.95,S3,B1,15.0,12,4,6,10.0,2,1.5,10,426.1,1.0,0.0,390.0,22.776075969021825,22.060765666494596,98.69986675418984,199.3454894453593,11.642857142857144,1.4,0.0,3.5152706143280006,13.9,0.0,0.005784058957728727,191.7329812002738,yes
S3_B1_a15_b12_s04_t10,0.85,S3,B1,15.0,12,4,10,10.0,2,1.5,10,384.8,1.0,0.0,390.0,22.776075969021825,21.961021604998674,48.512537379707325,103.10853930337132,3.857142857142857,1.4,0.0,0.9789692142438832,10.5,0.0,0.004276142794635722,123.63749324076501,yes
S3_B1_a15_b12_s04_t10,0.95,S3,B1,15.0,12,4,10,10.0,2,1.5,10,426.0,1.0,0.0,390.0,22.776075969021825,22.060765666494596,98.48006654040059,191.9875360409421,9.714285714285715,1.4,0.0,2.734878560796723,13.9,0.0,0.0064438144098838725,191.7329812002738,yes
S3_B1_a15_b16_s04_t02,0.85,S3,B1,15.0,16,4,2,10.0,2,1.5,10,384.3,1.0,0.0,390.0,22.776075969021825,21.961021604998674,54.37203335553953,122.70180742787323,8.785714285714286,1.4,0.0,2.7662927110774573,10.5,0.0,0.0030862421751344043,123.63749324076501,yes
S3_B1_a15_b16_s04_t02,0.95,S3,B1,15.0,16,4,2,10.0,2,1.5,10,425.0,1.0,0.0,390.0,22.776075969021825,22.060765666494596,107.4245778768195,221.26592390234293,13.714285714285715,1.4,0.0,5.571669180828638,13.9,0.0,0.0038941630493256065,191.7329812002738,yes
S3_B1_a15_b16_s04_t06,0.85,S3,B1,15.0,16,4,6,10.0,2,1.5,10,384.8,1.0,0.0,390.0,22.776075969021825,21.961021604998674,48.77062928067568,106.2990850755612,5.857142857142858,1.4,0.0,1.441113146978352,10.5,0.0,0.004276142794635722,123.63749324076501,yes
S3_B1_a15_b16_s04_t06,0.95,S3,B1,15.0,16,4,6,10.0,2,1.5,10,426.5,1.0,0.0,390.0,22.776075969021825,22.060765666494596,98.44140622128575,201.64307046815006,11.714285714285715,1.4,0.0,3.9403083045092435,13.9,0.0,0.007056606660415881,191.7329812002738,yes
S3_B1_a15_b16_s04_t10,0.85,S3,B1,15.0,16,4,10,10.0,2,1.5,10,384.8,1.0,0.0,390.0,22.776075969021825,21.961021604998674,48.512537379707325,103.10853930337132,3.857142857142857,1.4,0.0,0.9789692142438832,10.5,0.0,0.004276142794635722,123.63749324076501,yes
S3_B1_a15_b16_s04_t10,0.95,S3,B1,15.0,16,4,10,10.0,2,1.5,10,426.1,1.0,0.0,390.0,22.776075969021825,22.060765666494596,98.42613050186634,197.32102371541566,9.642857142857144,1.4,0.0,2.9027058233844927,13.9,0.0,0.006596384817031396,191.7329812002738,yes
S3_B1_a30_b08_s04_t02,0.85,S3,B1,30.0,8,4,2,10.0,2,1.5,10,383.1,1.0,0.0,420.0,25.403411844343534,24.220945305948035,59.40621237929828,124.88601376032578,9.357142857142858,1.4,0.0,2.571828170355255,10.5,0.0,-0.0009991864441409115,123.63749324076501,yes
S3_B1_a30_b08_s04_t02,0.95,S3,B1,30.0,8,4,2,10.0,2,1.5,10,423.4,1.0,0.0,420.0,25.40341184434353,24.332195350804525,113.18285422550623,213.76230907909496,14.714285714285715,1.4,0.0,3.898307174954147,13.9,0.0,-0.0010105306195185026,191.7329812002738,yes
S3_B1_a30_b08_s04_t06,0.85,S3,B1,30.0,8,4,6,10.0,2,1.5,10,384.5,1.0,0.0,420.0,25.403411844343534,24.220945305948035,51.039447540167075,107.79210983327371,5.857142857142858,1.4,0.0,1.435915382120013,10.5,0.0,0.004035025455947024,123.63749324076501,yes
S3_B1_a30_b08_s04_t06,0.95,S3,B1,30.0,8,4,6,10.0,2,1.5,10,426.1,1.0,0.0,420.0,25.40341184434353,24.332195350804525,100.96333679142857,193.60536450946225,11.714285714285715,1.4,0.0,2.920341916267656,13.9,0.0,0.0056834973764358756,191.7329812002738,yes
S3_B1_a30_b08_s04_t10,0.85,S3,B1,30.0,8,4,10,10.0,2,1.5,10,384.7,1.0,0.0,420.0,25.403411844343534,24.220945305948035,50.80723850012499,106.31122081225102,4.214285714285714,1.4,0.0,1.0232319872824707,10.5,0.0,0.004519430222167381,123.63749324076501,yes
S3_B1_a30_b08_s04_t10,0.95,S3,B1,30.0,8,4,10,10.0,2,1.5,10,426.1,1.0,0.0,420.0,25.40341184434353,24.332195350804525,100.73719236980962,193.12425107178578,10.0,1.4,0.0,2.3377196519152266,13.9,0.0,0.00648130195319755,191.7329812002738,yes
S3_B1_a30_b12_s04_t02,0.85,S3,B1,30.0,12,4,2,10.0,2,1.5,10,383.4,1.0,0.0,420.0,25.403411844343534,24.220945305948035,58.455198429243794,124.11141219482131,8.928571428571429,1.4,0.0,2.9164285823904477,10.5,0.0,0.00010885071123891866,123.63749324076501,yes
S3_B1_a30_b12_s04_t02,0.95,S3,B1,30.0,12,4,2,10.0,2,1.5,10,423.8,1.0,0.0,420.0,25.40341184434353,24.332195350804525,111.81686156966542,220.7989507477866,13.714285714285715,1.4,0.0,5.163686932956852,13.9,0.0,-0.0005937129595198872,191.7329812002738,yes
S3_B1_a30_b12_s04_t06,0.85,S3,B1,30.0,12,4,6,10.0,2,1.5,10,384.5,1.0,0.0,420.0,25.403411844343534,24.220945305948035,50.995259312985056,107.16252583938459,5.928571428571429,1.4,0.0,1.5181756367819002,10.5,0.0,0.004035025455947024,123.63749324076501,yes
S3_B1_a30_b12_s04_t06,0.95,S3,B1,30.0,12,4,6,10.0,2,1.5,10,425.7,1.0,0.0,420.0,25.40341184434353,24.332195350804525,101.92955484663746,204.5331472486505,12.071428571428573,1.4,0.0,3.7799459056577667,13.9,0.0,0.004654047724382354,191.7329812002738,yes
S3_B1_a30_b12_s04_t10,0.85,S3,B1,30.0,12,4,10,10.0,2,1.5,10,384.7,1.0,0.0,420.0,25.403411844343534,24.220945305948035,50.82621211191064,106.0671030390431,4.214285714285714,1.4,0.0,1.0349235446727896,10.5,0.0,0.004519430222167381,123.63749324076501,yes
S3_B1_a30_b12_s04_t10,0.95,S3,B1,30.0,12,4,10,10.0,2,1.5,10,425.3,1.0,0.0,420.0,25.40341184434353,24.332195350804525,100.70388130063176,197.1596420996176,9.571428571428571,1.4,0.0,2.8540534657863676,13.9,0.0,0.004546995288468703,191.7329812002738,yes
S3_B1_a30_b16_s04_t02,0.85,S3,B1,30.0,16,4,2,10.0,2,1.5,10,383.8,1.0,0.0,420.0,25.403411844343534,24.220945305948035,58.145253223654436,126.1595255116446,8.785714285714286,1.4,0.0,3.069940236053742,10.5,0.0,0.001659711606775962,123.63749324076501,yes
S3_B1_a30_b16_s04_t02,0.95,S3,B1,30.0,16,4,2,10.0,2,1.5,10,424.1,1.0,0.0,420.0,25.40341184434353,24.332195350804525,112.03264547940189,226.51237045556454,13.92857142857143,1.4,0.0,5.929596428834901,13.9,0.0,0.0010843498438597643,191.7329812002738,yes
S3_B1_a30_b16_s04_t06,0.85,S3,B1,30.0,16,4,6,10.0,2,1.5,10,384.5,1.0,0.0,420.0,25.403411844343534,24.220945305948035,50.995259312985056,107.16252583938459,5.928571428571429,1.4,0.0,1.5181756367819002,10.5,0.0,0.004035025455947024,123.63749324076501,yes
S3_B1_a30_b16_s04_t06,0.95,S3,B1,30.0,16,4,6,10.0,2,1.5,10,425.7,1.0,0.0,420.0,25.40341184434353,24.332195350804525,101.43179558417177,206.2066089580031,11.785714285714286,1.4,0.0,4.171885417120689,13.9,0.0,0.004956764256373022,191.7329812002738,yes
S3_B1_a30_b16_s04_t10,0.85,S3,B1,30.0,16,4,10,10.0,2,1.5,10,384.7,1.0,0.0,420.0,25.403411844343534,24.220945305948035,50.82621211191064,106.0671030390431,4.214285714285714,1.4,0.0,1.0349235446727896,10.5,0.0,0.004519430222167381,123.63749324076501,yes
S3_B1_a30_b16_s04_t10,0.95,S3,B1,30.0,16,4,10,10.0,2,1.5,10,425.5,1.0,0.0,420.0,25.40341184434353,24.332195350804525,101.04042124387087,200.07918266172908,9.571428571428571,1.4,0.0,3.103414644091985,13.9,0.0,0.0050675260692384805,191.7329812002738,yes
S3_B1_a45_b08_s04_t02,0.85,S3,B1,45.0,8,4,2,10.0,2,1.5,10,381.8,1.0,0.0,450.0,31.112698372208094,29.131833198517974,71.18654871163585,140.18896786496282,10.5,1.4,0.0,3.089999138919797,10.5,0.0,-0.005732012559981287,123.63749324076501,yes
S3_B1_a45_b08_s04_t02,0.95,S3,B1,45.0,8,4,2,10.0,2,1.5,10,421.9,1.0,0.0,450.0,31.112698372208097,29.268086120398046,126.33916170299084,225.9069310510242,14.785714285714286,1.4,0.0,4.26310341886482,13.9,0.0,-0.004727071229592493,191.7329812002738,yes
S3_B1_a45_b08_s04_t06,0.85,S3,B1,45.0,8,4,6,10.0,2,1.5,10,384.2,1.0,0.0,450.0,31.112698372208094,29.131833198517974,55.84637548485969,113.20306409456364,6.285714285714286,1.4,0.0,1.5658094052575835,10.5,0.0,0.0030716300249135223,123.63749324076501,yes
S3_B1_a45_b08_s04_t06,0.95,S3,B1,45.0,8,4,6,10.0,2,1.5,10,424.9,1.0,0.0,450.0,31.112698372208097,29.268086120398046,106.18844776649402,200.96763441208182,12.285714285714286,1.4,0.0,3.0993600156770325,13.9,0.0,0.0031397778550618797,191.7329812002738,yes
S3_B1_a45_b08_s04_t10,0.85,S3,B1,45.0,8,4,10,10.0,2,1.5,10,384.1,1.0,0.0,450.0,31.112698372208094,29.131833198517974,55.8714781449447,111.24851727170548,4.5,1.4,0.0,1.1144762206724885,10.5,0.0,0.002911423848637338,123.63749324076501,yes
S3_B1_a45_b08_s04_t10,0.95,S3,B1,45.0,8,4,10,10.0,2,1.5,10,425.0,1.0,0.0,450.0,31.112698372208097,29.268086120398046,105.74269224412703,196.74546414201117,10.5,1.4,0.0,2.469166830250121,13.9,0.0,0.003837237482277593,191.7329812002738,yes
S3_B1_a45_b12_s04_t02,0.85,S3,B1,45.0,12,4,2,10.0,2,1.5,10,382.2,1.0,0.0,450.0,31.112698372208094,29.131833198517974,68.64457130182852,139.11534321259396,9.928571428571429,1.4,0.0,3.512671793273099,10.5,0.0,-0.003417208390693496,123.63749324076501,yes
S3_B1_a45_b12_s04_t02,0.95,S3,B1,45.0,12,4,2,10.0,2,1.5,10,421.8,1.0,0.0,450.0,31.112698372208097,29.268086120398046,124.9887318249769,235.74382311997513,14.142857142857144,1.4,0.0,5.667648841060181,13.9,0.0,-0.0053884543240698074,191.7329812002738,yes
S3_B1_a45_b12_s04_t06,0.85,S3,B1,45.0,12,4,6,10.0,2,1.5,10,384.2,1.0,0.0,450.0,31.112698372208094,29.131833198517974,56.03273411954104,113.9850916819574,6.5,1.4,0.0,1.665435976404507,10.5,0.0,0.0030716300249135223,123.63749324076501,yes
S3_B1_a45_b12_s04_t06,0.95,S3,B1,45.0,12,4,6,10.0,2,1.5,10,425.3,1.0,0.0,450.0,31.112698372208097,29.268086120398046,106.28941475476029,208.30417639153805,12.214285714285715,1.4,0.0,3.9524682950399477,13.9,0.0,0.004324902607691631,191.7329812002738,yes
S3_B1_a45_b12_s04_t10,0.85,S3,B1,45.0,12,4,10,10.0,2,1.5,10,384.1,1.0,0.0,450.0,31.112698372208094,29.131833198517974,55.774307766351306,111.5155898941065,4.428571428571429,1.4,0.0,1.1128515788423963,10.5,0.0,0.002911423848637338,123.63749324076501,yes
S3_B1_a45_b12_s04_t10,0.95,S3,B1,45.0,12,4,10,10.0,2,1.5,10,425.1,1.0,0.0,450.0,31.112698372208097,29.268086120398046,105.70017789039218,201.96231204858708,10.071428571428571,1.4,0.0,3.041987411845068,13.9,0.0,0.004969550219212177,191.7329812002738,yes
S3_B1_a45_b16_s04_t02,0.85,S3,B1,45.0,16,4,2,10.0,2,1.5,10,382.1,1.0,0.0,450.0,31.112698372208094,29.131833198517974,68.7316516022684,139.1497220110947,9.928571428571429,1.4,0.0,3.731136492171207,10.5,0.0,-0.003840207094277246,123.63749324076501,yes
S3_B1_a45_b16_s04_t02,0.95,S3,B1,45.0,16,4,2,10.0,2,1.5,10,421.7,1.0,0.0,450.0,31.112698372208097,29.268086120398046,123.72259373236827,239.37980818011846,14.357142857142858,1.4,0.0,6.621404254216951,13.9,0.0,-0.004334128960586209,191.7329812002738,yes
S3_B1_a45_b16_s04_t06,0.85,S3,B1,45.0,16,4,6,10.0,2,1.5,10,384.3,1.0,0.0,450.0,31.112698372208094,29.131833198517974,56.04834386999781,113.45151553499059,6.5,1.4,0.0,1.6759149711866268,10.5,0.0,0.0034347100862092902,123.63749324076501,yes
S3_B1_a45_b16_s04_t06,0.95,S3,B1,45.0,16,4,6,10.0,2,1.5,10,425.1,1.0,0.0,450.0,31.112698372208097,29.268086120398046,106.36022880251548,210.86926330331073,12.142857142857144,1.4,0.0,4.435110826867316,13.9,0.0,0.00301553453222433,191.7329812002738,yes
S3_B1_a45_b16_s04_t10,0.85,S3,B1,45.0,16,4,10,10.0,2,1.5,10,384.1,1.0,0.0,450.0,31.112698372208094,29.131833198517974,55.774307766351306,111.5155898941065,4.428571428571429,1.4,0.0,1.1128515788423963,10.5,0.0,0.002911423848637338,123.63749324076501,yes
S3_B1_a45_b16_s04_t10,0.95,S3,B1,45.0,16,4,10,10.0,2,1.5,10,425.4,1.0,0.0,450.0,31.112698372208097,29.268086120398046,105.76329088969104,204.90250896313205,10.214285714285715,1.4,0.0,3.312413203357191,13.9,0.0,0.005066084072265264,191.7329812002738,yes
S3_B2_a00_b08_s04_t02,0.85,S3,B2,0.0,8,4,2,9.0,0,0.35,10,384.5,1.0,0.0,360.0,22.0,20.143473731655337,50.93589447472006,112.38877665796512,8.857142857142858,1.4,0.0,2.1578747129100084,10.5,0.0,0.0029549866573745876,123.63749324076501,yes
S3_B2_a00_b08_s04_t02,0.95,S3,B2,0.0,8,4,2,9.0,0,0.35,10,424.6,1.0,0.0,360.0,22.0,20.239819096673212,103.83794306660968,202.3961456296506,14.42857142857143,1.4,0.0,3.5150151331085384,13.9,0.0,0.0024930247092265867,191.7329812002738,yes
S3_B2_a00_b08_s04_t06,0.85,S3,B2,0.0,8,4,6,9.0,0,0.35,10,385.4,1.0,0.0,360.0,22.0,20.143473731655337,46.78579528096097,103.60954571717069,5.5,1.4,0.0,1.3047330085266104,10.5,0.0,0.005341713086958438,123.63749324076501,yes
S3_B2_a00_b08_s04_t06,0.95,S3,B2,0.0,8,4,6,9.0,0,0.35,10,426.3,1.0,0.0,360.0,22.0,20.239819096673212,96.82071842306273,190.7082071516098,11.500000000000002,1.4,0.0,2.6844459941991836,13.9,0.0,0.0066459730154251094,191.7329812002738,yes
S3_B2_a00_b08_s04_t10,0.85,S3,B2,0.0,8,4,10,9.0,0,0.35,10,385.5,1.0,0.0,360.0,22.0,20.143473731655337,46.70345439808376,101.17388167695572,3.7857142857142856,1.4,0.0,0.940445566868025,10.5,0.0,0.005701257291101691,123.63749324076501,yes
S3_B2_a00_b08_s04_t10,0.95,S3,B2,0.0,8,4,10,9.0,0,0.35,10,426.2,1.0,0.0,360.0,22.0,20.239819096673212,96.78368077704026,187.22505825526778,9.642857142857144,1.4,0.0,2.169611941488193,13.9,0.0,0.006813602366954435,191.7329812002738,yes
S3_B2_a00_b12_s04_t02,0.85,S3,B2,0.0,12,4,2,9.0,0,0.35,10,384.8,1.0,0.0,360.0,22.0,20.143473731655337,50.83342044906195,115.27982818878363,8.928571428571429,1.4,0.0,2.414513446469072,10.5,0.0,0.004126513805657257,123.63749324076501,yes
S3_B2_a00_b12_s04_t02,0.95,S3,B2,0.0,12,4,2,9.0,0,0.35,10,424.8,1.0,0.0,360.0,22.0,20.239819096673212,102.72188873701171,210.71593906127163,13.571428571428573,1.4,0.0,4.6055585666611485,13.9,0.0,0.0015205928362602684,191.7329812002738,yes
S3_B2_a00_b12_s04_t06,0.85,S3,B2,0.0,12,4,6,9.0,0,0.35,10,385.5,1.0,0.0,360.0,22.0,20.143473731655337,46.8884350986517,103.64627932979283,5.642857142857143,1.4,0.0,1.3663131628556031,10.5,0.0,0.005701257291101691,123.63749324076501,yes
S3_B2_a00_b12_s04_t06,0.95,S3,B2,0.0,12,4,6,9.0,0,0.35,10,426.5,1.0,0.0,360.0,22.0,20.239819096673212,96.94489389954956,196.69610693322926,11.928571428571429,1.4,0.0,3.4022352242011586,13.9,0.0,0.0066937625934518595,191.7329812002738,yes
S3_B2_a00_b12_s04_t10,0.85,S3,B2,0.0,12,4,10,9.0,0,0.35,10,385.5,1.0,0.0,360.0,22.0,20.143473731655337,46.69384848675371,101.41894594630148,3.7857142857142856,1.4,0.0,0.9413692121882221,10.5,0.0,0.005701257291101691,123.63749324076501,yes
S3_B2_a00_b12_s04_t10,0.95,S3,B2,0.0,12,4,10,9.0,0,0.35,10,426.4,1.0,0.0,360.0,22.0,20.239819096673212,96.83834777978939,191.28374682237452,9.357142857142858,1.4,0.0,2.618547343939959,13.9,0.0,0.007323528464776793,191.7329812002738,yes
S3_B2_a00_b16_s04_t02,0.85,S3,B2,0.0,16,4,2,9.0,0,0.35,10,385.1,1.0,0.0,360.0,22.0,20.143473731655337,50.51144110465284,116.2567251729183,8.714285714285715,1.4,0.0,2.5094814135088606,10.5,0.0,0.004735424147229683,123.63749324076501,yes
S3_B2_a00_b16_s04_t02,0.95,S3,B2,0.0,16,4,2,9.0,0,0.35,10,425.3,1.0,0.0,360.0,22.0,20.239819096673212,103.43115306864908,216.47789986579735,13.571428571428573,1.4,0.0,5.327307606288456,13.9,0.0,0.0041108868448246965,191.7329812002738,yes
S3_B2_a00_b16_s04_t06,0.85,S3,B2,0.0,16,4,6,9.0,0,0.35,10,385.4,1.0,0.0,360.0,22.0,20.143473731655337,46.8997027042855,103.65144690236352,5.642857142857143,1.4,0.0,1.371115588520705,10.5,0.0,0.005341713086958438,123.63749324076501,yes
S3_B2_a00_b16_s04_t06,0.95,S3,B2,0.0,16,4,6,9.0,0,0.35,10,427.0,1.0,0.0,360.0,22.0,20.239819096673212,96.2821289618313,198.8513384378548,11.642857142857144,1.4,0.0,3.7909798630244924,13.9,0.0,0.008760378045885444,191.7329812002738,yes
S3_B2_a00_b16_s04_t10,0.85,S3,B2,0.0,16,4,10,9.0,0,0.35,10,385.5,1.0,0.0,360.0,22.0,20.143473731655337,46.69384848675371,101.41894594630148,3.7857142857142856,1.4,0.0,0.9413692121882221,10.5,0.0,0.005701257291101691,123.63749324076501,yes
S3_B2_a00_b16_s04_t10,0.95,S3,B2,0.0,16,4,10,9.0,0,0.35,10,426.1,1.0,0.0,360.0,22.0,20.239819096673212,96.8298204381145,193.40479870028074,9.428571428571429,1.4,0.0,2.812843094446676,13.9,0.0,0.007082972456921488,191.7329812002738,yes
S3_B2_a15_b08_s04_t02,0.85,S3,B2,15.0,8,4,2,9.0,0,0.35,10,384.2,1.0,0.0,390.0,22.776075969021825,20.811021604998675,52.57728317615849,114.7015730990668,9.071428571428571,1.4,0.0,2.259090684649302,10.5,0.0,0.0021764182737701917,123.63749324076501,yes
S3_B2_a15_b08_s04_t02,0.95,S3,B2,15.0,8,4,2,9.0,0,0.35,10,424.7,1.0,0.0,390.0,22.776075969021825,20.910765666494598,104.72940902324747,202.23113311544017,14.571428571428573,1.4,0.0,3.642106463348628,13.9,0.0,0.0023780678142510205,191.7329812002738,yes
S3_B2_a15_b08_s04_t06,0.85,S3,B2,15.0,8,4,6,9.0,0,0.35,10,384.9,1.0,0.0,390.0,22.776075969021825,20.811021604998675,47.49946376026129,104.35408871113431,5.785714285714286,1.4,0.0,1.3479482448267168,10.5,0.0,0.004001559132518493,123.63749324076501,yes
S3_B2_a15_b08_s04_t06,0.95,S3,B2,15.0,8,4,6,9.0,0,0.35,10,426.2,1.0,0.0,390.0,22.776075969021825,20.910765666494598,97.52902488802192,190.9737438080415,11.5,1.4,0.0,2.7665555160643724,13.9,0.0,0.006314718902716597,191.7329812002738,yes
S3_B2_a15_b08_s04_t10,0.85,S3,B2,15.0,8,4,10,9.0,0,0.35,10,385.0,1.0,0.0,390.0,22.776075969021825,20.811021604998675,47.37884557805212,101.68468359759063,3.9285714285714284,1.4,0.0,0.9748105284347953,10.5,0.0,0.004295140611814533,123.63749324076501,yes
S3_B2_a15_b08_s04_t10,0.95,S3,B2,15.0,8,4,10,9.0,0,0.35,10,426.0,1.0,0.0,390.0,22.776075969021825,20.910765666494598,97.3018590845577,187.984214871789,10.142857142857144,1.4,0.0,2.2308692720595458,13.9,0.0,0.006685388486775967,191.7329812002738,yes
S3_B2_a15_b12_s04_t02,0.85,S3,B2,15.0,12,4,2,9.0,0,0.35,10,384.3,1.0,0.0,390.0,22.776075969021825,20.811021604998675,52.13625587689412,116.1047685439996,8.642857142857142,1.4,0.0,2.5252840618421253,10.5,0.0,0.002508926421995685,123.63749324076501,yes
S3_B2_a15_b12_s04_t02,0.95,S3,B2,15.0,12,4,2,9.0,0,0.35,10,424.8,1.0,0.0,390.0,22.776075969021825,20.910765666494598,103.68337111252798,210.66382183374648,13.571428571428573,1.4,0.0,4.747708068150683,13.9,0.0,0.0029363940192367864,191.7329812002738,yes
S3_B2_a15_b12_s04_t06,0.85,S3,B2,15.0,12,4,6,9.0,0,0.35,10,385.1,1.0,0.0,390.0,22.776075969021825,20.811021604998675,47.5999622594356,104.69203934082512,5.928571428571429,1.4,0.0,1.423499199139961,10.5,0.0,0.0046020713722834915,123.63749324076501,yes
S3_B2_a15_b12_s04_t06,0.95,S3,B2,15.0,12,4,6,9.0,0,0.35,10,426.4,1.0,0.0,390.0,22.776075969021825,20.910765666494598,97.6488298541828,197.9575737819914,11.928571428571429,1.4,0.0,3.527533052307892,13.9,0.0,0.006458751333026041,191.7329812002738,yes
S3_B2_a15_b12_s04_t10,0.85,S3,B2,15.0,12,4,10,9.0,0,0.35,10,385.0,1.0,0.0,390.0,22.776075969021825,20.811021604998675,47.383525381007786,101.43972747482307,3.9285714285714284,1.4,0.0,0.9760693414767888,10.5,0.0,0.004295140611814533,123.63749324076501,yes
S3_B2_a15_b12_s04_t10,0.95,S3,B2,15.0,12,4,10,9.0,0,0.35,10,426.2,1.0,0.0,390.0,22.776075969021825,20.910765666494598,97.38858390599773,191.39348466428117,9.714285714285715,1.4,0.0,2.6808004516580213,13.9,0.0,0.006698933027759699,191.7329812002738,yes
S3_B2_a15_b16_s04_t02,0.85,S3,B2,15.0,16,4,2,9.0,0,0.35,10,384.4,1.0,0.0,390.0,22.776075969021825,20.811021604998675,51.86049153588883,115.30942061251088,8.642857142857144,1.4,0.0,2.6338874155843897,10.5,0.0,0.002994051955349958,123.63749324076501,yes
S3_B2_a15_b16_s04_t02,0.95,S3,B2,15.0,16,4,2,9.0,0,0.35,10,425.4,1.0,0.0,390.0,22.776075969021825,20.910765666494598,103.46102051916658,213.81882136605358,13.285714285714286,1.4,0.0,5.473450473485384,13.9,0.0,0.00403327356618412,191.7329812002738,yes
S3_B2_a15_b16_s04_t06,0.85,S3,B2,15.0,16,4,6,9.0,0,0.35,10,385.0,1.0,0.0,390.0,22.776075969021825,20.811021604998675,47.60252938633492,104.94433434399087,5.928571428571429,1.4,0.0,1.431302520552566,10.5,0.0,0.004295140611814533,123.63749324076501,yes
S3_B2_a15_b16_s04_t06,0.95,S3,B2,15.0,16,4,6,9.0,0,0.35,10,426.6,1.0,0.0,390.0,22.776075969021825,20.910765666494598,97.18903968474768,200.76467754975997,11.714285714285715,1.4,0.0,3.9599293869937884,13.9,0.0,0.0074046228292477725,191.7329812002738,yes
S3_B2_a15_b16_s04_t10,0.85,S3,B2,15.0,16,4,10,9.0,0,0.35,10,385.0,1.0,0.0,390.0,22.776075969021825,20.811021604998675,47.383525381007786,101.43972747482307,3.9285714285714284,1.4,0.0,0.9760693414767888,10.5,0.0,0.004295140611814533,123.63749324076501,yes
S3_B2_a15_b16_s04_t10,0.95,S3,B2,15.0,16,4,10,9.0,0,0.35,10,425.9,1.0,0.0,390.0,22.776075969021825,20.910765666494598,97.31850928722439,194.1613810076886,9.928571428571429,1.4,0.0,2.9009460598300443,13.9,0.0,0.006544547330564094,191.7329812002738,yes
S3_B2_a30_b08_s04_t02,0.85,S3,B2,30.0,8,4,2,9.0,0,0.35,10,383.8,1.0,0.0,420.0,25.403411844343534,23.070945305948037,56.984312790853124,121.30908571419633,9.0,1.4,0.0,2.4825399350816504,10.5,0.0,0.0013683876726603699,123.63749324076501,yes
S3_B2_a30_b08_s04_t02,0.95,S3,B2,30.0,8,4,2,9.0,0,0.35,10,424.0,1.0,0.0,420.0,25.40341184434353,23.182195350804527,111.09329092114697,209.95502622215145,14.642857142857144,1.4,0.0,3.866347052140667,13.9,0.0,0.0007681224430617,191.7329812002738,yes
S3_B2_a30_b08_s04_t06,0.85,S3,B2,30.0,8,4,6,9.0,0,0.35,10,384.7,1.0,0.0,420.0,25.403411844343534,23.070945305948037,49.907159054346266,107.2708602013135,5.928571428571429,1.4,0.0,1.4220445846327812,10.5,0.0,0.004006808399934228,123.63749324076501,yes
S3_B2_a30_b08_s04_t06,0.95,S3,B2,30.0,8,4,6,9.0,0,0.35,10,426.1,1.0,0.0,420.0,25.40341184434353,23.182195350804527,99.58965585192178,191.595888620582,11.714285714285715,1.4,0.0,2.886202161904494,13.9,0.0,0.0059901341495986965,191.7329812002738,yes
S3_B2_a30_b08_s04_t10,0.85,S3,B2,30.0,8,4,10,9.0,0,0.35,10,384.7,1.0,0.0,420.0,25.403411844343534,23.070945305948037,49.67472648626173,105.03056846851413,4.214285714285714,1.4,0.0,1.018943058285314,10.5,0.0,0.003857608238558812,123.63749324076501,yes
S3_B2_a30_b08_s04_t10,0.95,S3,B2,30.0,8,4,10,9.0,0,0.35,10,425.8,1.0,0.0,420.0,25.40341184434353,23.182195350804527,99.71656405360712,191.73891376520825,10.0,1.4,0.0,2.3369430875564587,13.9,0.0,0.005417977180779228,191.7329812002738,yes
S3_B2_a30_b12_s04_t02,0.85,S3,B2,30.0,12,4,2,9.0,0,0.35,10,383.9,1.0,0.0,420.0,25.403411844343534,23.070945305948037,55.816606360619815,121.42166246436484,8.785714285714286,1.4,0.0,2.7882243031764693,10.5,0.0,0.001793632303817029,123.63749324076501,yes
S3_B2_a30_b12_s04_t02,0.95,S3,B2,30.0,12,4,2,9.0,0,0.35,10,424.1,1.0,0.0,420.0,25.40341184434353,23.182195350804527,109.61349342188542,217.5408695822648,13.85714285714286,1.4,0.0,5.068445081303459,13.9,0.0,0.0006881241470427597,191.7329812002738,yes
S3_B2_a30_b12_s04_t06,0.85,S3,B2,30.0,12,4,6,9.0,0,0.35,10,384.8,1.0,0.0,420.0,25.403411844343534,23.070945305948037,50.0298813918722,108.21999689448495,6.0,1.4,0.0,1.498958145870712,10.5,0.0,0.004276142794635722,123.63749324076501,yes
S3_B2_a30_b12_s04_t06,0.95,S3,B2,30.0,12,4,6,9.0,0,0.35,10,426.0,1.0,0.0,420.0,25.40341184434353,23.182195350804527,100.18093678661961,200.7157900923149,11.428571428571429,1.4,0.0,3.6823804255184935,13.9,0.0,0.005671938019367914,191.7329812002738,yes
S3_B2_a30_b12_s04_t10,0.85,S3,B2,30.0,12,4,10,9.0,0,0.35,10,384.7,1.0,0.0,420.0,25.403411844343534,23.070945305948037,49.69122894931592,104.78645069530621,4.214285714285714,1.4,0.0,1.0257575082032122,10.5,0.0,0.003857608238558812,123.63749324076501,yes
S3_B2_a30_b12_s04_t10,0.95,S3,B2,30.0,12,4,10,9.0,0,0.35,10,425.6,1.0,0.0,420.0,25.40341184434353,23.182195350804527,99.33328000101969,193.19787775333907,9.5,1.4,0.0,2.8111234694433667,13.9,0.0,0.005541143454688065,191.7329812002738,yes
S3_B2_a30_b16_s04_t02,0.85,S3,B2,30.0,16,4,2,9.0,0,0.35,10,383.8,1.0,0.0,420.0,25.403411844343534,23.070945305948037,56.25886864303831,125.41523157053983,8.714285714285715,1.4,0.0,2.9310440202269414,10.5,0.0,0.0007463755565017616,123.63749324076501,yes
S3_B2_a30_b16_s04_t02,0.95,S3,B2,30.0,16,4,2,9.0,0,0.35,10,423.9,1.0,0.0,420.0,25.40341184434353,23.182195350804527,111.03523129946751,227.63919194083388,13.500000000000002,1.4,0.0,5.845194685217842,13.9,0.0,0.0005584057510778966,191.7329812002738,yes
S3_B2_a30_b16_s04_t06,0.85,S3,B2,30.0,16,4,6,9.0,0,0.35,10,384.7,1.0,0.0,420.0,25.403411844343534,23.070945305948037,49.99583802274656,108.26386977808508,6.0,1.4,0.0,1.5119473849354637,10.5,0.0,0.004006808399934228,123.63749324076501,yes
S3_B2_a30_b16_s04_t06,0.95,S3,B2,30.0,16,4,6,9.0,0,0.35,10,426.2,1.0,0.0,420.0,25.40341184434353,23.182195350804527,100.0827351666597,202.07572502351434,11.428571428571429,1.4,0.0,4.095112495194702,13.9,0.0,0.006054616937270006,191.7329812002738,yes
S3_B2_a30_b16_s04_t10,0.85,S3,B2,30.0,16,4,10,9.0,0,0.35,10,384.7,1.0,0.0,420.0,25.403411844343534,23.070945305948037,49.69122894931592,104.78645069530621,4.214285714285714,1.4,0.0,1.0257575082032122,10.5,0.0,0.003857608238558812,123.63749324076501,yes
S3_B2_a30_b16_s04_t10,0.95,S3,B2,30.0,16,4,10,9.0,0,0.35,10,426.1,1.0,0.0,420.0,25.40341184434353,23.182195350804527,99.62760884700879,197.01259320545498,9.785714285714286,1.4,0.0,3.0353018259826694,13.9,0.0,0.006834070306963099,191.7329812002738,yes
S3_B2_a45_b08_s04_t02,0.85,S3,B2,45.0,8,4,2,9.0,0,0.35,10,382.3,1.0,0.0,450.0,31.112698372208094,27.98183319851798,68.07094455374194,137.81951271101036,9.928571428571429,1.4,0.0,2.9665198416810976,10.5,0.0,-0.003918912514243478,123.63749324076501,yes
S3_B2_a45_b08_s04_t02,0.95,S3,B2,45.0,8,4,2,9.0,0,0.35,10,422.0,1.0,0.0,450.0,31.112698372208097,28.118086120398043,123.94259447704971,223.6541202615877,14.857142857142858,1.4,0.0,4.218308848535494,13.9,0.0,-0.004653480398829027,191.7329812002738,yes
S3_B2_a45_b08_s04_t06,0.85,S3,B2,45.0,8,4,6,9.0,0,0.35,10,384.2,1.0,0.0,450.0,31.112698372208094,27.98183319851798,54.8461259233689,112.36898355137211,6.214285714285714,1.4,0.0,1.544750661064659,10.5,0.0,0.0032599361914755804,123.63749324076501,yes
S3_B2_a45_b08_s04_t06,0.95,S3,B2,45.0,8,4,6,9.0,0,0.35,10,425.0,1.0,0.0,450.0,31.112698372208097,28.118086120398043,104.92361048409914,198.15768068474267,12.071428571428573,1.4,0.0,3.0657798196902273,13.9,0.0,0.003837237482277593,191.7329812002738,yes
S3_B2_a45_b08_s04_t10,0.85,S3,B2,45.0,8,4,10,9.0,0,0.35,10,384.0,1.0,0.0,450.0,31.112698372208094,27.98183319851798,54.65983865583335,110.15384295637207,4.285714285714286,1.4,0.0,1.0906260112836512,10.5,0.0,0.0025846696072546428,123.63749324076501,yes
S3_B2_a45_b08_s04_t10,0.95,S3,B2,45.0,8,4,10,9.0,0,0.35,10,425.1,1.0,0.0,450.0,31.112698372208097,28.118086120398043,104.78163879159021,196.0909221681703,10.571428571428571,1.4,0.0,2.46531766656841,13.9,0.0,0.004106005041083535,191.7329812002738,yes
S3_B2_a45_b12_s04_t02,0.85,S3,B2,45.0,12,4,2,9.0,0,0.35,10,382.9,1.0,0.0,450.0,31.112698372208094,27.98183319851798,66.32708931553364,139.28847324553604,9.357142857142858,1.4,0.0,3.386076263653008,10.5,0.0,-0.0003387169711665002,123.63749324076501,yes
S3_B2_a45_b12_s04_t02,0.95,S3,B2,45.0,12,4,2,9.0,0,0.35,10,422.5,1.0,0.0,450.0,31.112698372208097,28.118086120398043,120.52601172560269,229.53027868767603,13.92857142857143,1.4,0.0,5.567371069176887,13.9,0.0,-0.0038327942961117155,191.7329812002738,yes
S3_B2_a45_b12_s04_t06,0.85,S3,B2,45.0,12,4,6,9.0,0,0.35,10,384.2,1.0,0.0,450.0,31.112698372208094,27.98183319851798,54.81668334253306,112.26510652482283,6.357142857142858,1.4,0.0,1.6445949846765928,10.5,0.0,0.0032599361914755804,123.63749324076501,yes
S3_B2_a45_b12_s04_t06,0.95,S3,B2,45.0,12,4,6,9.0,0,0.35,10,425.5,1.0,0.0,450.0,31.112698372208097,28.118086120398043,104.85007469596594,207.6220646176855,11.857142857142858,1.4,0.0,3.938521287697639,13.9,0.0,0.00484370539327358,191.7329812002738,yes
S3_B2_a45_b12_s04_t10,0.85,S3,B2,45.0,12,4,10,9.0,0,0.35,10,384.0,1.0,0.0,450.0,31.112698372208094,27.98183319851798,54.68151353268064,109.74626396712719,4.285714285714286,1.4,0.0,1.1015793822253206,10.5,0.0,0.0025846696072546428,123.63749324076501,yes
S3_B2_a45_b12_s04_t10,0.95,S3,B2,45.0,12,4,10,9.0,0,0.35,10,425.4,1.0,0.0,450.0,31.112698372208097,28.118086120398043,104.72918398321617,202.1473510194492,9.785714285714286,1.4,0.0,3.0137823098940446,13.9,0.0,0.005066084072265264,191.7329812002738,yes
S3_B2_a45_b16_s04_t02,0.85,S3,B2,45.0,16,4,2,9.0,0,0.35,10,382.6,1.0,0.0,450.0,31.112698372208094,27.98183319851798,66.04766493794251,137.34193572326203,9.428571428571429,1.4,0.0,3.582790609542334,10.5,0.0,-0.0016296348076342132,123.63749324076501,yes
S3_B2_a45_b16_s04_t02,0.95,S3,B2,45.0,16,4,2,9.0,0,0.35,10,422.5,1.0,0.0,450.0,31.112698372208097,28.118086120398043,119.75321006050216,233.90732513976698,13.357142857142858,1.4,0.0,6.426280308459109,13.9,0.0,-0.0029567508837691553,191.7329812002738,yes
S3_B2_a45_b16_s04_t06,0.85,S3,B2,45.0,16,4,6,9.0,0,0.35,10,384.3,1.0,0.0,450.0,31.112698372208094,27.98183319851798,54.8240447523714,111.97589741582524,6.357142857142858,1.4,0.0,1.6480263866250597,10.5,0.0,0.0036332506547957204,123.63749324076501,yes
S3_B2_a45_b16_s04_t06,0.95,S3,B2,45.0,16,4,6,9.0,0,0.35,10,425.3,1.0,0.0,450.0,31.112698372208097,28.118086120398043,104.57785960476052,208.48063700142305,11.857142857142858,1.4,0.0,4.35963402205323,13.9,0.0,0.004006645491527416,191.7329812002738,yes
S3_B2_a45_b16_s04_t10,0.85,S3,B2,45.0,16,4,10,9.0,0,0.35,10,384.0,1.0,0.0,450.0,31.112698372208094,27.98183319851798,54.68151353268064,109.74626396712719,4.285714285714286,1.4,0.0,1.1015793822253206,10.5,0.0,0.0025846696072546428,123.63749324076501,yes
S3_B2_a45_b16_s04_t10,0.95,S3,B2,45.0,16,4,10,9.0,0,0.35,10,425.4,1.0,0.0,450.0,31.112698372208097,28.118086120398043,104.58648782585074,202.76990548652583,10.071428571428573,1.4,0.0,3.2885539131042543,13.9,0.0,0.00471979182808146,191.7329812002738,yes
S3_B3_a00_b08_s04_t02,0.85,S3,B3,0.0,8,4,2,3.0,1,0.1,10,384.4,1.0,0.0,360.0,22.0,19.893473731655334,50.49555313747557,111.30743841922127,8.857142857142858,1.4,0.0,2.143716283310166,10.5,0.0,0.0023617980603451464,123.63749324076501,yes
S3_B3_a00_b08_s04_t02,0.95,S3,B3,0.0,8,4,2,3.0,1,0.1,10,425.4,1.0,0.0,360.0,22.0,19.989819096673212,102.59101849963079,200.34144772168247,14.0,1.4,0.0,3.491152296714607,13.9,0.0,0.0034591375664367314,191.7329812002738,yes
S3_B3_a00_b08_s04_t06,0.85,S3,B3,0.0,8,4,6,3.0,1,0.1,10,385.4,1.0,0.0,360.0,22.0,19.893473731655334,46.54473173443729,102.83777073749572,5.5,1.4,0.0,1.299112541777406,10.5,0.0,0.005341713086958438,123.63749324076501,yes
S3_B3_a00_b08_s04_t06,0.95,S3,B3,0.0,8,4,6,3.0,1,0.1,10,426.2,1.0,0.0,360.0,22.0,19.989819096673212,96.54187866599042,190.0609491177386,11.500000000000002,1.4,0.0,2.6682486575983684,13.9,0.0,0.006314718902716597,191.7329812002738,yes
S3_B3_a00_b08_s04_t10,0.85,S3,B3,0.0,8,4,10,3.0,1,0.1,10,385.5,1.0,0.0,360.0,22.0,19.893473731655334,46.427521877852215,100.77479552920163,3.7857142857142856,1.4,0.0,0.938369387838721,10.5,0.0,0.005701257291101691,123.63749324076501,yes
S3_B3_a00_b08_s04_t10,0.95,S3,B3,0.0,8,4,10,3.0,1,0.1,10,426.3,1.0,0.0,360.0,22.0,19.989819096673212,96.45010493134009,186.661391099377,9.642857142857144,1.4,0.0,2.162894511505814,13.9,0.0,0.007212794375465691,191.7329812002738,yes
S3_B3_a00_b12_s04_t02,0.85,S3,B3,0.0,12,4,2,3.0,1,0.1,10,384.7,1.0,0.0,360.0,22.0,19.893473731655334,50.343073055982096,114.55766350729668,8.785714285714286,1.4,0.0,2.3905198195905424,10.5,0.0,0.003857608238558812,123.63749324076501,yes
S3_B3_a00_b12_s04_t02,0.95,S3,B3,0.0,12,4,2,3.0,1,0.1,10,425.0,1.0,0.0,360.0,22.0,19.989819096673212,102.35985297421196,210.90122351439766,13.571428571428573,1.4,0.0,4.574524269705343,13.9,0.0,0.002203698336026606,191.7329812002738,yes
S3_B3_a00_b12_s04_t06,0.85,S3,B3,0.0,12,4,6,3.0,1,0.1,10,385.5,1.0,0.0,360.0,22.0,19.893473731655334,46.647628922772526,103.52975800731511,5.642857142857143,1.4,0.0,1.3643143181768709,10.5,0.0,0.005701257291101691,123.63749324076501,yes
S3_B3_a00_b12_s04_t06,0.95,S3,B3,0.0,12,4,6,3.0,1,0.1,10,426.4,1.0,0.0,360.0,22.0,19.989819096673212,96.68534102810598,196.5651295468124,11.857142857142858,1.4,0.0,3.3860073555851993,13.9,0.0,0.006458751333026041,191.7329812002738,yes
S3_B3_a00_b12_s04_t10,0.85,S3,B3,0.0,12,4,10,3.0,1,0.1,10,385.5,1.0,0.0,360.0,22.0,19.893473731655334,46.41668443942857,101.04485979854738,3.7857142857142856,1.4,0.0,0.9392930331589181,10.5,0.0,0.005701257291101691,123.63749324076501,yes
S3_B3_a00_b12_s04_t10,0.95,S3,B3,0.0,12,4,10,3.0,1,0.1,10,426.6,1.0,0.0,360.0,22.0,19.989819096673212,96.55888868729922,190.84588142869944,9.428571428571429,1.4,0.0,2.6035636357496093,13.9,0.0,0.0076263959466286715,191.7329812002738,yes
S3_B3_a00_b16_s04_t02,0.85,S3,B3,0.0,16,4,2,3.0,1,0.1,10,385.0,1.0,0.0,360.0,22.0,19.893473731655334,50.06334266157426,114.7037625676608,8.571428571428571,1.4,0.0,2.489308958941311,10.5,0.0,0.004295140611814533,123.63749324076501,yes
S3_B3_a00_b16_s04_t02,0.95,S3,B3,0.0,16,4,2,3.0,1,0.1,10,425.5,1.0,0.0,360.0,22.0,19.989819096673212,102.54958771835112,214.86864877674236,13.785714285714286,1.4,0.0,5.270258283268069,13.9,0.0,0.004419992026928467,191.7329812002738,yes
S3_B3_a00_b16_s04_t06,0.85,S3,B3,0.0,16,4,6,3.0,1,0.1,10,385.4,1.0,0.0,360.0,22.0,19.893473731655334,46.65889652840633,103.5349255798858,5.642857142857143,1.4,0.0,1.3691167438419727,10.5,0.0,0.005341713086958438,123.63749324076501,yes
S3_B3_a00_b16_s04_t06,0.95,S3,B3,0.0,16,4,6,3.0,1,0.1,10,426.7,1.0,0.0,360.0,22.0,19.989819096673212,96.03932369445695,198.8830963769968,11.571428571428573,1.4,0.0,3.7794515027635667,13.9,0.0,0.007596091780270715,191.7329812002738,yes
S3_B3_a00_b16_s04_t10,0.85,S3,B3,0.0,16,4,10,3.0,1,0.1,10,385.5,1.0,0.0,360.0,22.0,19.893473731655334,46.41668443942857,101.04485979854738,3.7857142857142856,1.4,0.0,0.9392930331589181,10.5,0.0,0.005701257291101691,123.63749324076501,yes
S3_B3_a00_b16_s04_t10,0.95,S3,B3,0.0,16,4,10,3.0,1,0.1,10,426.2,1.0,0.0,360.0,22.0,19.989819096673212,96.55327296400498,193.11900303618773,9.5,1.4,0.0,2.8162614027294843,13.9,0.0,0.007492416040485529,191.7329812002738,yes
S3_B3_a15_b08_s04_t02,0.85,S3,B3,15.0,8,4,2,3.0,1,0.1,10,384.2,1.0,0.0,390.0,22.776075969021825,20.561021604998675,51.859172150233206,113.26081881656154,8.928571428571429,1.4,0.0,2.241677974041525,10.5,0.0,0.0021764182737701917,123.63749324076501,yes
S3_B3_a15_b08_s04_t02,0.95,S3,B3,15.0,8,4,2,3.0,1,0.1,10,424.9,1.0,0.0,390.0,22.776075969021825,20.660765666494598,104.41073612838316,201.97046773018917,14.285714285714286,1.4,0.0,3.6233055944623995,13.9,0.0,0.003923300788466217,191.7329812002738,yes
S3_B3_a15_b08_s04_t06,0.85,S3,B3,15.0,8,4,6,3.0,1,0.1,10,385.0,1.0,0.0,390.0,22.776075969021825,20.561021604998675,47.24337969456918,104.04900379950433,5.571428571428571,1.4,0.0,1.3430264035070203,10.5,0.0,0.004295140611814533,123.63749324076501,yes
S3_B3_a15_b08_s04_t06,0.95,S3,B3,15.0,8,4,6,3.0,1,0.1,10,426.2,1.0,0.0,390.0,22.776075969021825,20.660765666494598,97.2676093020605,190.85869521755495,11.5,1.4,0.0,2.764529559660735,13.9,0.0,0.006314718902716597,191.7329812002738,yes
S3_B3_a15_b08_s04_t10,0.85,S3,B3,15.0,8,4,10,3.0,1,0.1,10,385.0,1.0,0.0,390.0,22.776075969021825,20.561021604998675,47.14076679158208,101.55957017411993,3.9285714285714284,1.4,0.0,0.973899055521724,10.5,0.0,0.004295140611814533,123.63749324076501,yes
S3_B3_a15_b08_s04_t10,0.95,S3,B3,15.0,8,4,10,3.0,1,0.1,10,426.1,1.0,0.0,390.0,22.776075969021825,20.660765666494598,97.05424586349419,188.06544910751438,9.857142857142858,1.4,0.0,2.226472442525783,13.9,0.0,0.006596384817031396,191.7329812002738,yes
S3_B3_a15_b12_s04_t02,0.85,S3,B3,15.0,12,4,2,3.0,1,0.1,10,384.5,1.0,0.0,390.0,22.776075969021825,20.561021604998675,51.84124421613993,115.96727690154654,9.0,1.4,0.0,2.5228913143272624,10.5,0.0,0.0032206861147945657,123.63749324076501,yes
S3_B3_a15_b12_s04_t02,0.95,S3,B3,15.0,12,4,2,3.0,1,0.1,10,424.5,1.0,0.0,390.0,22.776075969021825,20.660765666494598,103.6842708922977,211.95820719279027,13.571428571428573,1.4,0.0,4.734359880205729,13.9,0.0,0.0017448219776559878,191.7329812002738,yes
S3_B3_a15_b12_s04_t06,0.85,S3,B3,15.0,12,4,6,3.0,1,0.1,10,385.1,1.0,0.0,390.0,22.776075969021825,20.561021604998675,47.324136812962685,104.48237004556378,5.785714285714286,1.4,0.0,1.4146914887971125,10.5,0.0,0.0046020713722834915,123.63749324076501,yes
S3_B3_a15_b12_s04_t06,0.95,S3,B3,15.0,12,4,6,3.0,1,0.1,10,426.4,1.0,0.0,390.0,22.776075969021825,20.660765666494598,97.40674697241596,197.8497653535224,11.928571428571429,1.4,0.0,3.5205940506972864,13.9,0.0,0.006458751333026041,191.7329812002738,yes
S3_B3_a15_b12_s04_t10,0.85,S3,B3,15.0,12,4,10,3.0,1,0.1,10,385.0,1.0,0.0,390.0,22.776075969021825,20.561021604998675,47.145446594537745,101.31461405135235,3.9285714285714284,1.4,0.0,0.9751578685637176,10.5,0.0,0.004295140611814533,123.63749324076501,yes
S3_B3_a15_b12_s04_t10,0.95,S3,B3,15.0,12,4,10,3.0,1,0.1,10,426.3,1.0,0.0,390.0,22.776075969021825,20.660765666494598,97.1899155327133,191.27157522861071,9.571428571428573,1.4,0.0,2.672135822838413,13.9,0.0,0.007094750024573986,191.7329812002738,yes
S3_B3_a15_b16_s04_t02,0.85,S3,B3,15.0,16,4,2,3.0,1,0.1,10,384.8,1.0,0.0,390.0,22.776075969021825,20.561021604998675,51.27655530100931,117.19399058587497,8.785714285714286,1.4,0.0,2.6143366028308694,10.5,0.0,0.003720911870219581,123.63749324076501,yes
S3_B3_a15_b16_s04_t02,0.95,S3,B3,15.0,16,4,2,3.0,1,0.1,10,425.5,1.0,0.0,390.0,22.776075969021825,20.660765666494598,104.03583306957692,215.21336728332048,13.42857142857143,1.4,0.0,5.461212029843733,13.9,0.0,0.0049545236111031635,191.7329812002738,yes
S3_B3_a15_b16_s04_t06,0.85,S3,B3,15.0,16,4,6,3.0,1,0.1,10,385.0,1.0,0.0,390.0,22.776075969021825,20.561021604998675,47.32670393986201,104.76702954586258,5.785714285714286,1.4,0.0,1.4224948102097175,10.5,0.0,0.004295140611814533,123.63749324076501,yes
S3_B3_a15_b16_s04_t06,0.95,S3,B3,15.0,16,4,6,3.0,1,0.1,10,426.6,1.0,0.0,390.0,22.776075969021825,20.660765666494598,96.97856773386829,200.59352907057965,11.714285714285715,1.4,0.0,3.9546583706110114,13.9,0.0,0.0074046228292477725,191.7329812002738,yes
S3_B3_a15_b16_s04_t10,0.85,S3,B3,15.0,16,4,10,3.0,1,0.1,10,385.0,1.0,0.0,390.0,22.776075969021825,20.561021604998675,47.145446594537745,101.31461405135235,3.9285714285714284,1.4,0.0,0.9751578685637176,10.5,0.0,0.004295140611814533,123.63749324076501,yes
S3_B3_a15_b16_s04_t10,0.95,S3,B3,15.0,16,4,10,3.0,1,0.1,10,425.9,1.0,0.0,390.0,22.776075969021825,20.660765666494598,97.12289230085057,193.97028197684506,9.785714285714286,1.4,0.0,2.892509757161079,13.9,0.0,0.006544547330564094,191.7329812002738,yes
S3_B3_a30_b08_s04_t02,0.85,S3,B3,30.0,8,4,2,3.0,1,0.1,10,384.0,1.0,0.0,420.0,25.403411844343534,22.82094530594804,56.11198274615704,120.33259981095921,9.0,1.4,0.0,2.461081998221486,10.5,0.0,0.0018099786672032387,123.63749324076501,yes
S3_B3_a30_b08_s04_t02,0.95,S3,B3,30.0,8,4,2,3.0,1,0.1,10,424.1,1.0,0.0,420.0,25.40341184434353,22.932195350804527,110.21613849796121,209.6764987753778,14.571428571428573,1.4,0.0,3.8491276478358,13.9,0.0,0.0010334651335007,191.7329812002738,yes
S3_B3_a30_b08_s04_t06,0.85,S3,B3,30.0,8,4,6,3.0,1,0.1,10,384.7,1.0,0.0,420.0,25.403411844343534,22.82094530594804,49.65293934898892,106.93966485778905,5.857142857142857,1.4,0.0,1.4160778487531318,10.5,0.0,0.004006808399934228,123.63749324076501,yes
S3_B3_a30_b08_s04_t06,0.95,S3,B3,30.0,8,4,6,3.0,1,0.1,10,426.0,1.0,0.0,420.0,25.40341184434353,22.932195350804527,99.5030175934178,192.29491513806337,12.000000000000002,1.4,0.0,2.879525132150935,13.9,0.0,0.005468456447278128,191.7329812002738,yes
S3_B3_a30_b08_s04_t10,0.85,S3,B3,30.0,8,4,10,3.0,1,0.1,10,384.8,1.0,0.0,420.0,25.403411844343534,22.82094530594804,49.41571746956622,104.18805676267094,4.142857142857143,1.4,0.0,1.0135758238868067,10.5,0.0,0.004276142794635722,123.63749324076501,yes
S3_B3_a30_b08_s04_t10,0.95,S3,B3,30.0,8,4,10,3.0,1,0.1,10,425.9,1.0,0.0,420.0,25.40341184434353,22.932195350804527,99.52863840889066,192.35783058179442,10.0,1.4,0.0,2.329025922112378,13.9,0.0,0.005782857674347747,191.7329812002738,yes
S3_B3_a30_b12_s04_t02,0.85,S3,B3,30.0,12,4,2,3.0,1,0.1,10,384.1,1.0,0.0,420.0,25.403411844343534,22.82094530594804,55.21931411916081,119.29797062159817,8.714285714285715,1.4,0.0,2.761351029756469,10.5,0.0,0.0024064152174164237,123.63749324076501,yes
S3_B3_a30_b12_s04_t02,0.95,S3,B3,30.0,12,4,2,3.0,1,0.1,10,424.4,1.0,0.0,420.0,25.40341184434353,22.932195350804527,108.83829983978362,218.31677258217724,14.142857142857144,1.4,0.0,5.02940779472201,13.9,0.0,0.001758736959395455,191.7329812002738,yes
S3_B3_a30_b12_s04_t06,0.85,S3,B3,30.0,12,4,6,3.0,1,0.1,10,384.8,1.0,0.0,420.0,25.403411844343534,22.82094530594804,49.77644741325372,107.66869046196902,5.928571428571429,1.4,0.0,1.4912980602373682,10.5,0.0,0.004276142794635722,123.63749324076501,yes
S3_B3_a30_b12_s04_t06,0.95,S3,B3,30.0,12,4,6,3.0,1,0.1,10,426.1,1.0,0.0,420.0,25.40341184434353,22.932195350804527,99.96535301933636,201.27849097555617,11.642857142857144,1.4,0.0,3.678139373322582,13.9,0.0,0.006042745778372389,191.7329812002738,yes
S3_B3_a30_b12_s04_t10,0.85,S3,B3,30.0,12,4,10,3.0,1,0.1,10,384.8,1.0,0.0,420.0,25.403411844343534,22.82094530594804,49.43123471094553,104.0516144792262,4.142857142857143,1.4,0.0,1.020390273804705,10.5,0.0,0.004276142794635722,123.63749324076501,yes
S3_B3_a30_b12_s04_t10,0.95,S3,B3,30.0,12,4,10,3.0,1,0.1,10,425.7,1.0,0.0,420.0,25.40341184434353,22.932195350804527,99.1275517686818,192.7177718879916,9.5,1.4,0.0,2.8028275161204985,13.9,0.0,0.0059083112750195005,191.7329812002738,yes
S3_B3_a30_b16_s04_t02,0.85,S3,B3,30.0,16,4,2,3.0,1,0.1,10,384.0,1.0,0.0,420.0,25.403411844343534,22.82094530594804,55.275089011531385,122.86616289010743,8.714285714285715,1.4,0.0,2.874757774721555,10.5,0.0,0.0013152255852012424,123.63749324076501,yes
S3_B3_a30_b16_s04_t02,0.95,S3,B3,30.0,16,4,2,3.0,1,0.1,10,424.1,1.0,0.0,420.0,25.40341184434353,22.932195350804527,110.21431493849038,227.64763803331334,13.714285714285715,1.4,0.0,5.792521955364481,13.9,0.0,0.0010334651335007,191.7329812002738,yes
S3_B3_a30_b16_s04_t06,0.85,S3,B3,30.0,16,4,6,3.0,1,0.1,10,384.7,1.0,0.0,420.0,25.403411844343534,22.82094530594804,49.74216930234404,107.68756334556913,5.928571428571429,1.4,0.0,1.50428729930212,10.5,0.0,0.004006808399934228,123.63749324076501,yes
S3_B3_a30_b16_s04_t06,0.95,S3,B3,30.0,16,4,6,3.0,1,0.1,10,426.4,1.0,0.0,420.0,25.40341184434353,22.932195350804527,99.78648457334442,202.73705375207587,11.714285714285715,1.4,0.0,4.081504344865137,13.9,0.0,0.006929563446824971,191.7329812002738,yes
S3_B3_a30_b16_s04_t10,0.85,S3,B3,30.0,16,4,10,3.0,1,0.1,10,384.8,1.0,0.0,420.0,25.403411844343534,22.82094530594804,49.43123471094553,104.0516144792262,4.142857142857143,1.4,0.0,1.020390273804705,10.5,0.0,0.004276142794635722,123.63749324076501,yes
S3_B3_a30_b16_s04_t10,0.95,S3,B3,30.0,16,4,10,3.0,1,0.1,10,426.2,1.0,0.0,420.0,25.40341184434353,22.932195350804527,99.43239933124843,196.79226712353898,9.785714285714286,1.4,0.0,3.0256517059931345,13.9,0.0,0.007235143793305432,191.7329812002738,yes
S3_B3_a45_b08_s04_t02,0.85,S3,B3,45.0,8,4,2,3.0,1,0.1,10,382.6,1.0,0.0,450.0,31.112698372208094,27.73183319851798,67.34278002598631,136.3018057945471,9.785714285714286,1.4,0.0,2.9476971704405055,10.5,0.0,-0.0028195574861151996,123.63749324076501,yes
S3_B3_a45_b08_s04_t02,0.95,S3,B3,45.0,8,4,2,3.0,1,0.1,10,422.4,1.0,0.0,450.0,31.112698372208097,27.868086120398043,122.82478512833174,221.8913921592321,14.928571428571429,1.4,0.0,4.2059639580502,13.9,0.0,-0.0037579195856456003,191.7329812002738,yes
S3_B3_a45_b08_s04_t06,0.85,S3,B3,45.0,8,4,6,3.0,1,0.1,10,384.3,1.0,0.0,450.0,31.112698372208094,27.73183319851798,54.48925497591696,112.00406228235644,6.214285714285714,1.4,0.0,1.5352575839979519,10.5,0.0,0.0034347100862092902,123.63749324076501,yes
S3_B3_a45_b08_s04_t06,0.95,S3,B3,45.0,8,4,6,3.0,1,0.1,10,424.9,1.0,0.0,450.0,31.112698372208097,27.868086120398043,104.63576802070737,197.41649410873688,12.000000000000002,1.4,0.0,3.059567932154031,13.9,0.0,0.0035181674561632482,191.7329812002738,yes
S3_B3_a45_b08_s04_t10,0.85,S3,B3,45.0,8,4,10,3.0,1,0.1,10,384.2,1.0,0.0,450.0,31.112698372208094,27.73183319851798,54.31992010411114,109.6706092796032,4.428571428571429,1.4,0.0,1.0908876163738528,10.5,0.0,0.0030716300249135223,123.63749324076501,yes
S3_B3_a45_b08_s04_t10,0.95,S3,B3,45.0,8,4,10,3.0,1,0.1,10,425.0,1.0,0.0,450.0,31.112698372208097,27.868086120398043,104.63809765145078,195.91608924481926,10.5,1.4,0.0,2.461389489888223,13.9,0.0,0.004187931423996456,191.7329812002738,yes
S3_B3_a45_b12_s04_t02,0.85,S3,B3,45.0,12,4,2,3.0,1,0.1,10,383.1,1.0,0.0,450.0,31.112698372208094,27.73183319851798,65.83170505592985,137.18206223167618,9.357142857142858,1.4,0.0,3.36694519625974,10.5,0.0,0.00011397467440362568,123.63749324076501,yes
S3_B3_a45_b12_s04_t02,0.95,S3,B3,45.0,12,4,2,3.0,1,0.1,10,423.0,1.0,0.0,450.0,31.112698372208097,27.868086120398043,120.02301716341894,229.47624727400418,14.357142857142858,1.4,0.0,5.543959689160135,13.9,0.0,-0.002139898944633317,191.7329812002738,yes
S3_B3_a45_b12_s04_t06,0.85,S3,B3,45.0,12,4,6,3.0,1,0.1,10,384.4,1.0,0.0,450.0,31.112698372208094,27.73183319851798,54.525779710262924,111.84154368532135,6.357142857142858,1.4,0.0,1.6388145462849457,10.5,0.0,0.0036312420823985474,123.63749324076501,yes
S3_B3_a45_b12_s04_t06,0.95,S3,B3,45.0,12,4,6,3.0,1,0.1,10,425.4,1.0,0.0,450.0,31.112698372208097,27.868086120398043,104.6462394878289,206.862021553039,11.928571428571429,1.4,0.0,3.9166997946606124,13.9,0.0,0.004608920539363684,191.7329812002738,yes
S3_B3_a45_b12_s04_t10,0.85,S3,B3,45.0,12,4,10,3.0,1,0.1,10,384.3,1.0,0.0,450.0,31.112698372208094,27.73183319851798,54.33823921417382,109.40410549755333,4.428571428571429,1.4,0.0,1.100205764237919,10.5,0.0,0.0034347100862092902,123.63749324076501,yes
S3_B3_a45_b12_s04_t10,0.95,S3,B3,45.0,12,4,10,3.0,1,0.1,10,425.4,1.0,0.0,450.0,31.112698372208097,27.868086120398043,104.44151222122086,201.74356337726684,9.785714285714286,1.4,0.0,3.018883657523333,13.9,0.0,0.005066084072265264,191.7329812002738,yes
S3_B3_a45_b16_s04_t02,0.85,S3,B3,45.0,16,4,2,3.0,1,0.1,10,382.7,1.0,0.0,450.0,31.112698372208094,27.73183319851798,65.43964243707501,135.71969553353853,9.428571428571429,1.4,0.0,3.5504811252855455,10.5,0.0,-0.001375254137160707,123.63749324076501,yes
S3_B3_a45_b16_s04_t02,0.95,S3,B3,45.0,16,4,2,3.0,1,0.1,10,422.5,1.0,0.0,450.0,31.112698372208097,27.868086120398043,120.18282266497083,236.04735315763395,14.142857142857144,1.4,0.0,6.4346993344724135,13.9,0.0,-0.002705898709413576,191.7329812002738,yes
S3_B3_a45_b16_s04_t06,0.85,S3,B3,45.0,16,4,6,3.0,1,0.1,10,384.5,1.0,0.0,450.0,31.112698372208094,27.73183319851798,54.50864471639165,111.44919000532549,6.357142857142858,1.4,0.0,1.6406795235191616,10.5,0.0,0.004035025455947024,123.63749324076501,yes
S3_B3_a45_b16_s04_t06,0.95,S3,B3,45.0,16,4,6,3.0,1,0.1,10,425.2,1.0,0.0,450.0,31.112698372208097,27.868086120398043,104.49915552318907,209.49851459377834,11.928571428571429,1.4,0.0,4.325293298318636,13.9,0.0,0.0037820500323968256,191.7329812002738,yes
S3_B3_a45_b16_s04_t10,0.85,S3,B3,45.0,16,4,10,3.0,1,0.1,10,384.3,1.0,0.0,450.0,31.112698372208094,27.73183319851798,54.33823921417382,109.40410549755333,4.428571428571429,1.4,0.0,1.100205764237919,10.5,0.0,0.0034347100862092902,123.63749324076501,yes
S3_B3_a45_b16_s04_t10,0.95,S3,B3,45.0,16,4,10,3.0,1,0.1,10,425.4,1.0,0.0,450.0,31.112698372208097,27.868086120398043,104.36318477721889,203.1939259868306,10.071428571428573,1.4,0.0,3.2968564385009085,13.9,0.0,0.00471979182808146,191.7329812002738,yes
S3_B4_a00_b08_s04_t02,0.85,S3,B4,0.0,8,4,2,7.0,1,0.5,10,384.4,1.0,0.0,360.0,22.0,20.293473731655336,51.3733384963389,112.86901276040167,8.928571428571429,1.4,0.0,2.1650576292535457,10.5,0.0,0.0027252818990986787,123.63749324076501,yes
S3_B4_a00_b08_s04_t02,0.95,S3,B4,0.0,8,4,2,7.0,1,0.5,10,424.6,1.0,0.0,360.0,22.0,20.38981909667321,104.04664164566688,202.52394110498065,14.42857142857143,1.4,0.0,3.518618036115528,13.9,0.0,0.0024930247092265867,191.7329812002738,yes
S3_B4_a00_b08_s04_t06,0.85,S3,B4,0.0,8,4,6,7.0,1,0.5,10,385.3,1.0,0.0,360.0,22.0,20.293473731655336,46.92765417507239,103.8102968401057,5.5,1.4,0.0,1.305178969589063,10.5,0.0,0.004997711675414487,123.63749324076501,yes
S3_B4_a00_b08_s04_t06,0.95,S3,B4,0.0,8,4,6,7.0,1,0.5,10,426.2,1.0,0.0,360.0,22.0,20.38981909667321,97.00876367054923,190.8341844778183,11.500000000000002,1.4,0.0,2.6843290651732636,13.9,0.0,0.006314718902716597,191.7329812002738,yes
S3_B4_a00_b08_s04_t10,0.85,S3,B4,0.0,8,4,10,7.0,1,0.5,10,385.4,1.0,0.0,360.0,22.0,20.293473731655336,46.82756826654643,101.17873431496895,3.7857142857142856,1.4,0.0,0.9401551021244353,10.5,0.0,0.005341713086958438,123.63749324076501,yes
S3_B4_a00_b08_s04_t10,0.95,S3,B4,0.0,8,4,10,7.0,1,0.5,10,426.2,1.0,0.0,360.0,22.0,20.38981909667321,97.02864326233575,189.02511763863345,9.642857142857144,1.4,0.0,2.1685781469387067,13.9,0.0,0.006813602366954435,191.7329812002738,yes
S3_B4_a00_b12_s04_t02,0.85,S3,B4,0.0,12,4,2,7.0,1,0.5,10,384.7,1.0,0.0,360.0,22.0,20.293473731655336,51.597805449543436,115.83165096779314,9.0,1.4,0.0,2.4458860212868587,10.5,0.0,0.003857608238558812,123.63749324076501,yes
S3_B4_a00_b12_s04_t02,0.95,S3,B4,0.0,12,4,2,7.0,1,0.5,10,424.5,1.0,0.0,360.0,22.0,20.38981909667321,103.57587824075421,211.68025508445788,13.571428571428573,1.4,0.0,4.609692759726976,13.9,0.0,0.0015999063653553318,191.7329812002738,yes
S3_B4_a00_b12_s04_t06,0.85,S3,B4,0.0,12,4,6,7.0,1,0.5,10,385.4,1.0,0.0,360.0,22.0,20.293473731655336,47.03123295989927,103.89888368287777,5.642857142857143,1.4,0.0,1.3667591239180554,10.5,0.0,0.005341713086958438,123.63749324076501,yes
S3_B4_a00_b12_s04_t06,0.95,S3,B4,0.0,12,4,6,7.0,1,0.5,10,426.4,1.0,0.0,360.0,22.0,20.38981909667321,97.25506183924112,196.60608243800934,11.928571428571429,1.4,0.0,3.418741672740735,13.9,0.0,0.006458751333026041,191.7329812002738,yes
S3_B4_a00_b12_s04_t10,0.85,S3,B4,0.0,12,4,10,7.0,1,0.5,10,385.4,1.0,0.0,360.0,22.0,20.293473731655336,46.81796235521638,101.42379858431471,3.7857142857142856,1.4,0.0,0.9410787474446324,10.5,0.0,0.005341713086958438,123.63749324076501,yes
S3_B4_a00_b12_s04_t10,0.95,S3,B4,0.0,12,4,10,7.0,1,0.5,10,426.4,1.0,0.0,360.0,22.0,20.38981909667321,97.01106433523162,190.71712154564295,9.285714285714286,1.4,0.0,2.6067071568314577,13.9,0.0,0.007323528464776793,191.7329812002738,yes
S3_B4_a00_b16_s04_t02,0.85,S3,B4,0.0,16,4,2,7.0,1,0.5,10,385.0,1.0,0.0,360.0,22.0,20.293473731655336,50.926310068235715,116.82790114126387,8.785714285714286,1.4,0.0,2.5250495217998368,10.5,0.0,0.004426409855062997,123.63749324076501,yes
S3_B4_a00_b16_s04_t02,0.95,S3,B4,0.0,16,4,2,7.0,1,0.5,10,425.3,1.0,0.0,360.0,22.0,20.38981909667321,104.05782565009049,217.17887086559782,13.571428571428573,1.4,0.0,5.3318653950675134,13.9,0.0,0.0041108868448246965,191.7329812002738,yes
S3_B4_a00_b16_s04_t06,0.85,S3,B4,0.0,16,4,6,7.0,1,0.5,10,385.3,1.0,0.0,360.0,22.0,20.293473731655336,47.042500565533075,103.93576381662538,5.642857142857143,1.4,0.0,1.3715615495831572,10.5,0.0,0.004997711675414487,123.63749324076501,yes
S3_B4_a00_b16_s04_t06,0.95,S3,B4,0.0,16,4,6,7.0,1,0.5,10,426.9,1.0,0.0,360.0,22.0,20.38981909667321,96.58831635183878,199.20500593903827,11.642857142857144,1.4,0.0,3.821299967706392,13.9,0.0,0.008555073459644263,191.7329812002738,yes
S3_B4_a00_b16_s04_t10,0.85,S3,B4,0.0,16,4,10,7.0,1,0.5,10,385.4,1.0,0.0,360.0,22.0,20.293473731655336,46.81796235521638,101.42379858431471,3.7857142857142856,1.4,0.0,0.9410787474446324,10.5,0.0,0.005341713086958438,123.63749324076501,yes
S3_B4_a00_b16_s04_t10,0.95,S3,B4,0.0,16,4,10,7.0,1,0.5,10,426.1,1.0,0.0,360.0,22.0,20.38981909667321,97.04336720031583,195.234039295113,9.428571428571429,1.4,0.0,2.8073808203845134,13.9,0.0,0.007082972456921488,191.7329812002738,yes
S3_B4_a15_b08_s04_t02,0.85,S3,B4,15.0,8,4,2,7.0,1,0.5,10,384.2,1.0,0.0,390.0,22.776075969021825,20.961021604998674,52.88306121781559,114.98587334683602,9.142857142857144,1.4,0.0,2.2731630505225753,10.5,0.0,0.0021764182737701917,123.63749324076501,yes
S3_B4_a15_b08_s04_t02,0.95,S3,B4,15.0,8,4,2,7.0,1,0.5,10,424.6,1.0,0.0,390.0,22.776075969021825,21.060765666494596,105.46958217937552,203.32690825287114,14.785714285714286,1.4,0.0,3.6565907665633244,13.9,0.0,0.0019847940252316998,191.7329812002738,yes
S3_B4_a15_b08_s04_t06,0.85,S3,B4,15.0,8,4,6,7.0,1,0.5,10,384.9,1.0,0.0,390.0,22.776075969021825,20.961021604998674,47.66833119811864,104.87281266468925,5.857142857142858,1.4,0.0,1.3523442234778706,10.5,0.0,0.004001559132518493,123.63749324076501,yes
S3_B4_a15_b08_s04_t06,0.95,S3,B4,15.0,8,4,6,7.0,1,0.5,10,426.2,1.0,0.0,390.0,22.776075969021825,21.060765666494596,97.65453652876118,191.37085313466454,11.5,1.4,0.0,2.7638315848459527,13.9,0.0,0.006314718902716597,191.7329812002738,yes
S3_B4_a15_b08_s04_t10,0.85,S3,B4,15.0,8,4,10,7.0,1,0.5,10,385.0,1.0,0.0,390.0,22.776075969021825,20.961021604998674,47.520612474237915,101.93471226988653,3.9285714285714284,1.4,0.0,0.9754300679599688,10.5,0.0,0.004295140611814533,123.63749324076501,yes
S3_B4_a15_b08_s04_t10,0.95,S3,B4,15.0,8,4,10,7.0,1,0.5,10,426.0,1.0,0.0,390.0,22.776075969021825,21.060765666494596,97.40497127927205,188.4875564698013,10.0,1.4,0.0,2.2304589304942777,13.9,0.0,0.006685388486775967,191.7329812002738,yes
S3_B4_a15_b12_s04_t02,0.85,S3,B4,15.0,12,4,2,7.0,1,0.5,10,384.3,1.0,0.0,390.0,22.776075969021825,20.961021604998674,52.40726069193178,116.7181084504532,8.714285714285715,1.4,0.0,2.546040149441829,10.5,0.0,0.002508926421995685,123.63749324076501,yes
S3_B4_a15_b12_s04_t02,0.95,S3,B4,15.0,12,4,2,7.0,1,0.5,10,424.6,1.0,0.0,390.0,22.776075969021825,21.060765666494596,104.31261140645144,211.68151475108542,13.714285714285715,1.4,0.0,4.770201948219612,13.9,0.0,0.002183216891220815,191.7329812002738,yes
S3_B4_a15_b12_s04_t06,0.85,S3,B4,15.0,12,4,6,7.0,1,0.5,10,385.1,1.0,0.0,390.0,22.776075969021825,20.961021604998674,47.73155240156888,104.82869251332252,5.928571428571429,1.4,0.0,1.426415136590174,10.5,0.0,0.0046020713722834915,123.63749324076501,yes
S3_B4_a15_b12_s04_t06,0.95,S3,B4,15.0,12,4,6,7.0,1,0.5,10,426.4,1.0,0.0,390.0,22.776075969021825,21.060765666494596,97.71955276626272,198.1472255399044,11.857142857142858,1.4,0.0,3.5263111755703784,13.9,0.0,0.006458751333026041,191.7329812002738,yes
S3_B4_a15_b12_s04_t10,0.85,S3,B4,15.0,12,4,10,7.0,1,0.5,10,385.0,1.0,0.0,390.0,22.776075969021825,20.961021604998674,47.52529227719358,101.68975614711897,3.9285714285714284,1.4,0.0,0.9766888810019623,10.5,0.0,0.004295140611814533,123.63749324076501,yes
S3_B4_a15_b12_s04_t10,0.95,S3,B4,15.0,12,4,10,7.0,1,0.5,10,426.2,1.0,0.0,390.0,22.776075969021825,21.060765666494596,97.5291969413818,191.48238783996808,9.714285714285715,1.4,0.0,2.6848902237547048,13.9,0.0,0.006698933027759699,191.7329812002738,yes
S3_B4_a15_b16_s04_t02,0.85,S3,B4,15.0,16,4,2,7.0,1,0.5,10,384.5,1.0,0.0,390.0,22.776075969021825,20.961021604998674,52.20429900449267,116.0637058187079,8.714285714285715,1.4,0.0,2.6790046152099487,10.5,0.0,0.0032206861147945657,123.63749324076501,yes
S3_B4_a15_b16_s04_t02,0.95,S3,B4,15.0,16,4,2,7.0,1,0.5,10,425.4,1.0,0.0,390.0,22.776075969021825,21.060765666494596,103.95976357451238,214.62583753447757,13.285714285714286,1.4,0.0,5.476812215380017,13.9,0.0,0.00403327356618412,191.7329812002738,yes
S3_B4_a15_b16_s04_t06,0.85,S3,B4,15.0,16,4,6,7.0,1,0.5,10,385.0,1.0,0.0,390.0,22.776075969021825,20.961021604998674,47.726484060487905,105.08098751648829,5.928571428571429,1.4,0.0,1.4353997575567736,10.5,0.0,0.004295140611814533,123.63749324076501,yes
S3_B4_a15_b16_s04_t06,0.95,S3,B4,15.0,16,4,6,7.0,1,0.5,10,426.6,1.0,0.0,390.0,22.776075969021825,21.060765666494596,97.27629072423578,200.94381654361098,11.642857142857144,1.4,0.0,3.9572054557753686,13.9,0.0,0.0074046228292477725,191.7329812002738,yes
S3_B4_a15_b16_s04_t10,0.85,S3,B4,15.0,16,4,10,7.0,1,0.5,10,385.0,1.0,0.0,390.0,22.776075969021825,20.961021604998674,47.52529227719358,101.68975614711897,3.9285714285714284,1.4,0.0,0.9766888810019623,10.5,0.0,0.004295140611814533,123.63749324076501,yes
S3_B4_a15_b16_s04_t10,0.95,S3,B4,15.0,16,4,10,7.0,1,0.5,10,425.9,1.0,0.0,390.0,22.776075969021825,21.060765666494596,97.48071323169937,194.33477072716974,9.928571428571429,1.4,0.0,2.914799975502416,13.9,0.0,0.006544547330564094,191.7329812002738,yes
S3_B4_a30_b08_s04_t02,0.85,S3,B4,30.0,8,4,2,7.0,1,0.5,10,383.7,1.0,0.0,420.0,25.403411844343534,23.220945305948035,57.111388492890995,120.98277865322787,9.071428571428573,1.4,0.0,2.484568814653196,10.5,0.0,0.0010998463740839097,123.63749324076501,yes
S3_B4_a30_b08_s04_t02,0.95,S3,B4,30.0,8,4,2,7.0,1,0.5,10,423.9,1.0,0.0,420.0,25.40341184434353,23.332195350804525,110.94601123189773,209.92402787695943,14.642857142857144,1.4,0.0,3.8607418168835452,13.9,0.0,0.0002612973059697816,191.7329812002738,yes
S3_B4_a30_b08_s04_t06,0.85,S3,B4,30.0,8,4,6,7.0,1,0.5,10,384.7,1.0,0.0,420.0,25.403411844343534,23.220945305948035,50.06179704494989,108.04948432194418,5.928571428571429,1.4,0.0,1.42326268722905,10.5,0.0,0.004006808399934228,123.63749324076501,yes
S3_B4_a30_b08_s04_t06,0.95,S3,B4,30.0,8,4,6,7.0,1,0.5,10,426.0,1.0,0.0,420.0,25.40341184434353,23.332195350804525,99.82716680743393,191.45123005796538,11.642857142857144,1.4,0.0,2.8891566765411927,13.9,0.0,0.005620447123690179,191.7329812002738,yes
S3_B4_a30_b08_s04_t10,0.85,S3,B4,30.0,8,4,10,7.0,1,0.5,10,384.8,1.0,0.0,420.0,25.403411844343534,23.220945305948035,49.78835400712572,104.96653767534184,4.214285714285714,1.4,0.0,1.0203123853588663,10.5,0.0,0.004276142794635722,123.63749324076501,yes
S3_B4_a30_b08_s04_t10,0.95,S3,B4,30.0,8,4,10,7.0,1,0.5,10,425.8,1.0,0.0,420.0,25.40341184434353,23.332195350804525,99.88315870608163,191.6829079010054,10.071428571428573,1.4,0.0,2.339986260034295,13.9,0.0,0.005417977180779228,191.7329812002738,yes
S3_B4_a30_b12_s04_t02,0.85,S3,B4,30.0,12,4,2,7.0,1,0.5,10,383.7,1.0,0.0,420.0,25.403411844343534,23.220945305948035,56.271715629353125,122.49134297589278,8.857142857142858,1.4,0.0,2.798042735702934,10.5,0.0,0.000965257505423732,123.63749324076501,yes
S3_B4_a30_b12_s04_t02,0.95,S3,B4,30.0,12,4,2,7.0,1,0.5,10,424.3,1.0,0.0,420.0,25.40341184434353,23.332195350804525,109.7193081893663,218.21457626789388,13.714285714285715,1.4,0.0,5.072569969577668,13.9,0.0,0.0011824346042463324,191.7329812002738,yes
S3_B4_a30_b12_s04_t06,0.85,S3,B4,30.0,12,4,6,7.0,1,0.5,10,384.8,1.0,0.0,420.0,25.403411844343534,23.220945305948035,50.1699653918655,108.51348446659689,6.0,1.4,0.0,1.5008120074654159,10.5,0.0,0.004276142794635722,123.63749324076501,yes
S3_B4_a30_b12_s04_t06,0.95,S3,B4,30.0,12,4,6,7.0,1,0.5,10,426.2,1.0,0.0,420.0,25.40341184434353,23.332195350804525,100.41425168821297,201.6761603382134,11.428571428571429,1.4,0.0,3.700666396638316,13.9,0.0,0.006476304656137446,191.7329812002738,yes
S3_B4_a30_b12_s04_t10,0.85,S3,B4,30.0,12,4,10,7.0,1,0.5,10,384.8,1.0,0.0,420.0,25.403411844343534,23.220945305948035,49.8048564701799,104.72241990213394,4.214285714285714,1.4,0.0,1.0271268352767646,10.5,0.0,0.004276142794635722,123.63749324076501,yes
S3_B4_a30_b12_s04_t10,0.95,S3,B4,30.0,12,4,10,7.0,1,0.5,10,425.6,1.0,0.0,420.0,25.40341184434353,23.332195350804525,99.56481527811727,193.88887145004864,9.571428571428571,1.4,0.0,2.8176537836581232,13.9,0.0,0.005541143454688065,191.7329812002738,yes
S3_B4_a30_b16_s04_t02,0.85,S3,B4,30.0,16,4,2,7.0,1,0.5,10,383.9,1.0,0.0,420.0,25.403411844343534,23.220945305948035,56.336264064101556,125.40363965940142,8.714285714285715,1.4,0.0,2.9318776531511945,10.5,0.0,0.0016508274020787103,123.63749324076501,yes
S3_B4_a30_b16_s04_t02,0.95,S3,B4,30.0,16,4,2,7.0,1,0.5,10,423.9,1.0,0.0,420.0,25.40341184434353,23.332195350804525,111.33450087095177,227.753730342949,13.500000000000002,1.4,0.0,5.863090512564645,13.9,0.0,0.0005584057510778966,191.7329812002738,yes
S3_B4_a30_b16_s04_t06,0.85,S3,B4,30.0,16,4,6,7.0,1,0.5,10,384.6,1.0,0.0,420.0,25.403411844343534,23.220945305948035,50.134189349472535,108.43974743795492,6.0,1.4,0.0,1.513543408246339,10.5,0.0,0.003603227568085305,123.63749324076501,yes
S3_B4_a30_b16_s04_t06,0.95,S3,B4,30.0,16,4,6,7.0,1,0.5,10,426.2,1.0,0.0,420.0,25.40341184434353,23.332195350804525,100.28219912368162,202.60741618174129,11.428571428571429,1.4,0.0,4.102289492382487,13.9,0.0,0.006054616937270006,191.7329812002738,yes
S3_B4_a30_b16_s04_t10,0.85,S3,B4,30.0,16,4,10,7.0,1,0.5,10,384.8,1.0,0.0,420.0,25.403411844343534,23.220945305948035,49.8048564701799,104.72241990213394,4.214285714285714,1.4,0.0,1.0271268352767646,10.5,0.0,0.004276142794635722,123.63749324076501,yes
S3_B4_a30_b16_s04_t10,0.95,S3,B4,30.0,16,4,10,7.0,1,0.5,10,426.0,1.0,0.0,420.0,25.40341184434353,23.332195350804525,99.86072045717955,197.6361258118343,9.857142857142858,1.4,0.0,3.0418321401974264,13.9,0.0,0.00656322833611047,191.7329812002738,yes
S3_B4_a45_b08_s04_t02,0.85,S3,B4,45.0,8,4,2,7.0,1,0.5,10,382.4,1.0,0.0,450.0,31.112698372208094,28.131833198517974,68.59371252955837,137.1120855540359,9.857142857142858,1.4,0.0,2.982074067529206,10.5,0.0,-0.003958340551768364,123.63749324076501,yes
S3_B4_a45_b08_s04_t02,0.95,S3,B4,45.0,8,4,2,7.0,1,0.5,10,421.9,1.0,0.0,450.0,31.112698372208097,28.268086120398046,124.63691761809163,224.53860860572408,15.0,1.4,0.0,4.22128449660566,13.9,0.0,-0.004680179707733381,191.7329812002738,yes
S3_B4_a45_b08_s04_t06,0.85,S3,B4,45.0,8,4,6,7.0,1,0.5,10,384.2,1.0,0.0,450.0,31.112698372208094,28.131833198517974,54.971906377695525,112.53040367030297,6.214285714285714,1.4,0.0,1.5460412274894966,10.5,0.0,0.0032599361914755804,123.63749324076501,yes
S3_B4_a45_b08_s04_t06,0.95,S3,B4,45.0,8,4,6,7.0,1,0.5,10,425.0,1.0,0.0,450.0,31.112698372208097,28.268086120398046,105.19243776593895,198.73148671938787,12.142857142857144,1.4,0.0,3.0740653020509363,13.9,0.0,0.003837237482277593,191.7329812002738,yes
S3_B4_a45_b08_s04_t10,0.85,S3,B4,45.0,8,4,10,7.0,1,0.5,10,384.0,1.0,0.0,450.0,31.112698372208094,28.131833198517974,54.77330426551298,110.34773268569148,4.285714285714286,1.4,0.0,1.0874168875807604,10.5,0.0,0.0025846696072546428,123.63749324076501,yes
S3_B4_a45_b08_s04_t10,0.95,S3,B4,45.0,8,4,10,7.0,1,0.5,10,425.1,1.0,0.0,450.0,31.112698372208097,28.268086120398046,104.88829943187088,196.24306669166154,10.571428571428571,1.4,0.0,2.465625365979902,13.9,0.0,0.004106005041083535,191.7329812002738,yes
S3_B4_a45_b12_s04_t02,0.85,S3,B4,45.0,12,4,2,7.0,1,0.5,10,383.1,1.0,0.0,450.0,31.112698372208094,28.131833198517974,66.07771222418008,136.19865622972256,9.857142857142858,1.4,0.0,3.382605606953708,10.5,0.0,0.00011397467440362568,123.63749324076501,yes
S3_B4_a45_b12_s04_t02,0.95,S3,B4,45.0,12,4,2,7.0,1,0.5,10,422.4,1.0,0.0,450.0,31.112698372208097,28.268086120398046,120.55340020936605,229.42731552457812,14.000000000000002,1.4,0.0,5.5631830508809745,13.9,0.0,-0.003980860501160249,191.7329812002738,yes
S3_B4_a45_b12_s04_t06,0.85,S3,B4,45.0,12,4,6,7.0,1,0.5,10,384.2,1.0,0.0,450.0,31.112698372208094,28.131833198517974,55.01473126991242,112.60041219576344,6.357142857142858,1.4,0.0,1.6531332819949325,10.5,0.0,0.0032599361914755804,123.63749324076501,yes
S3_B4_a45_b12_s04_t06,0.95,S3,B4,45.0,12,4,6,7.0,1,0.5,10,425.5,1.0,0.0,450.0,31.112698372208097,28.268086120398046,105.06948494739615,207.8529041260617,11.857142857142858,1.4,0.0,3.941129438445355,13.9,0.0,0.00484370539327358,191.7329812002738,yes
S3_B4_a45_b12_s04_t10,0.85,S3,B4,45.0,12,4,10,7.0,1,0.5,10,384.0,1.0,0.0,450.0,31.112698372208094,28.131833198517974,54.83586584186766,110.33186579518184,4.285714285714286,1.4,0.0,1.0979622396460662,10.5,0.0,0.0025846696072546428,123.63749324076501,yes
S3_B4_a45_b12_s04_t10,0.95,S3,B4,45.0,12,4,10,7.0,1,0.5,10,425.4,1.0,0.0,450.0,31.112698372208097,28.268086120398046,104.86282350484012,202.28235101944918,9.928571428571429,1.4,0.0,3.0137825804135145,13.9,0.0,0.005066084072265264,191.7329812002738,yes
S3_B4_a45_b16_s04_t02,0.85,S3,B4,45.0,16,4,2,7.0,1,0.5,10,382.8,1.0,0.0,450.0,31.112698372208094,28.131833198517974,66.2156607169761,135.63875677097266,9.928571428571429,1.4,0.0,3.5977303276935815,10.5,0.0,-0.0012480435151993898,123.63749324076501,yes
S3_B4_a45_b16_s04_t02,0.95,S3,B4,45.0,16,4,2,7.0,1,0.5,10,422.4,1.0,0.0,450.0,31.112698372208097,28.268086120398046,120.26556805408696,235.19622750639027,13.642857142857144,1.4,0.0,6.457287335307504,13.9,0.0,-0.0035743822855658284,191.7329812002738,yes
S3_B4_a45_b16_s04_t06,0.85,S3,B4,45.0,16,4,6,7.0,1,0.5,10,384.3,1.0,0.0,450.0,31.112698372208094,28.131833198517974,55.01938332014484,112.31120308676584,6.357142857142858,1.4,0.0,1.6564946056683099,10.5,0.0,0.0036332506547957204,123.63749324076501,yes
S3_B4_a45_b16_s04_t06,0.95,S3,B4,45.0,16,4,6,7.0,1,0.5,10,425.2,1.0,0.0,450.0,31.112698372208097,28.268086120398046,104.78668816118756,208.77974249563033,12.0,1.4,0.0,4.361997650109241,13.9,0.0,0.0037820500323968256,191.7329812002738,yes
S3_B4_a45_b16_s04_t10,0.85,S3,B4,45.0,16,4,10,7.0,1,0.5,10,384.0,1.0,0.0,450.0,31.112698372208094,28.131833198517974,54.83586584186766,110.33186579518184,4.285714285714286,1.4,0.0,1.0979622396460662,10.5,0.0,0.0025846696072546428,123.63749324076501,yes
S3_B4_a45_b16_s04_t10,0.95,S3,B4,45.0,16,4,10,7.0,1,0.5,10,425.4,1.0,0.0,450.0,31.112698372208097,28.268086120398046,104.72224773570358,202.92372109294783,10.142857142857144,1.4,0.0,3.2922780482761236,13.9,0.0,0.00471979182808146,191.7329812002738,yes
S4_B1_a00_b08_s04_t06,0.85,S4,B1,0.0,8,4,6,10.0,2,1.5,10,377.4,1.0,0.0,360.0,22.0,21.293473731655336,90.05243960477848,173.44477772470117,13.5,1.4,0.0,0.7324501259851182,10.5,0.0,-0.021888119811393145,123.63749324076501,no
S4_B1_a00_b08_s04_t06,0.95,S4,B1,0.0,8,4,6,10.0,2,1.5,10,417.2,1.0,0.0,360.0,22.0,21.38981909667321,160.05640432403132,252.67659113872472,16.714285714285715,1.4,0.0,0.6773441912580219,13.9,0.0,-0.018116724170881244,191.7329812002738,yes
S4_B1_a00_b12_s04_t06,0.85,S4,B1,0.0,12,4,6,10.0,2,1.5,10,377.4,1.0,0.0,360.0,22.0,21.293473731655336,90.05243960477848,173.44477772470117,13.5,1.4,0.0,0.7324501259851182,10.5,0.0,-0.021888119811393145,123.63749324076501,no
S4_B1_a00_b12_s04_t06,0.95,S4,B1,0.0,12,4,6,10.0,2,1.5,10,417.2,1.0,0.0,360.0,22.0,21.38981909667321,160.05640432403132,252.67659113872472,16.714285714285715,1.4,0.0,0.6773441912580219,13.9,0.0,-0.018116724170881244,191.7329812002738,yes
S4_B1_a00_b16_s04_t06,0.85,S4,B1,0.0,16,4,6,10.0,2,1.5,10,377.4,1.0,0.0,360.0,22.0,21.293473731655336,90.05243960477848,173.44477772470117,13.5,1.4,0.0,0.7324501259851182,10.5,0.0,-0.021888119811393145,123.63749324076501,no
S4_B1_a00_b16_s04_t06,0.95,S4,B1,0.0,16,4,6,10.0,2,1.5,10,417.2,1.0,0.0,360.0,22.0,21.38981909667321,160.05640432403132,252.67659113872472,16.714285714285715,1.4,0.0,0.6773441912580219,13.9,0.0,-0.018116724170881244,191.7329812002738,yes
S4_B1_a15_b08_s04_t06,0.85,S4,B1,15.0,8,4,6,10.0,2,1.5,10,377.0,1.0,0.0,390.0,22.776075969021825,21.961021604998674,94.57278828063552,178.56515802037995,14.0,1.4,0.0,0.7416990916233542,10.5,0.0,-0.02301776828151135,123.63749324076501,no
S4_B1_a15_b08_s04_t06,0.95,S4,B1,15.0,8,4,6,10.0,2,1.5,10,416.1,1.0,0.0,390.0,22.776075969021825,22.060765666494596,164.24225888260483,258.17205988393084,16.857142857142858,1.4,0.0,0.6858847203889396,13.9,0.0,-0.020752460134323594,191.7329812002738,no
S4_B1_a15_b12_s04_t06,0.85,S4,B1,15.0,12,4,6,10.0,2,1.5,10,377.0,1.0,0.0,390.0,22.776075969021825,21.961021604998674,94.57278828063552,178.56515802037995,14.0,1.4,0.0,0.7416990916233542,10.5,0.0,-0.02301776828151135,123.63749324076501,no
S4_B1_a15_b12_s04_t06,0.95,S4,B1,15.0,12,4,6,10.0,2,1.5,10,416.1,1.0,0.0,390.0,22.776075969021825,22.060765666494596,164.24225888260483,258.17205988393084,16.857142857142858,1.4,0.0,0.6858847203889396,13.9,0.0,-0.020752460134323594,191.7329812002738,no
S4_B1_a15_b16_s04_t06,0.85,S4,B1,15.0,16,4,6,10.0,2,1.5,10,377.0,1.0,0.0,390.0,22.776075969021825,21.961021604998674,94.57278828063552,178.56515802037995,14.0,1.4,0.0,0.7416990916233542,10.5,0.0,-0.02301776828151135,123.63749324076501,no
S4_B1_a15_b16_s04_t06,0.95,S4,B1,15.0,16,4,6,10.0,2,1.5,10,416.1,1.0,0.0,390.0,22.776075969021825,22.060765666494596,164.24225888260483,258.17205988393084,16.857142857142858,1.4,0.0,0.6858847203889396,13.9,0.0,-0.020752460134323594,191.7329812002738,no
S4_B1_a30_b08_s04_t06,0.85,S4,B1,30.0,8,4,6,10.0,2,1.5,10,374.5,1.0,0.0,420.0,25.403411844343534,24.220945305948035,115.4317729558997,196.36837310231132,15.000000000000002,1.4,0.0,0.7505612692947994,10.5,0.0,-0.02789135490239487,123.63749324076501,no
S4_B1_a30_b08_s04_t06,0.95,S4,B1,30.0,8,4,6,10.0,2,1.5,10,414.2,1.0,0.0,420.0,25.40341184434353,24.332195350804525,180.8344592136625,275.28088044520695,17.42857142857143,1.4,0.0,0.6932390476996801,13.9,0.0,-0.023700175646038477,191.7329812002738,no
S4_B1_a30_b12_s04_t06,0.85,S4,B1,30.0,12,4,6,10.0,2,1.5,10,374.5,1.0,0.0,420.0,25.403411844343534,24.220945305948035,115.4317729558997,196.36837310231132,15.000000000000002,1.4,0.0,0.7505612692947994,10.5,0.0,-0.02789135490239487,123.63749324076501,no
S4_B1_a30_b12_s04_t06,0.95,S4,B1,30.0,12,4,6,10.0,2,1.5,10,414.2,1.0,0.0,420.0,25.40341184434353,24.332195350804525,180.8344592136625,275.28088044520695,17.42857142857143,1.4,0.0,0.6932390476996801,13.9,0.0,-0.023700175646038477,191.7329812002738,no
S4_B1_a30_b16_s04_t06,0.85,S4,B1,30.0,16,4,6,10.0,2,1.5,10,374.5,1.0,0.0,420.0,25.403411844343534,24.220945305948035,115.4317729558997,196.36837310231132,15.000000000000002,1.4,0.0,0.7505612692947994,10.5,0.0,-0.02789135490239487,123.63749324076501,no
S4_B1_a30_b16_s04_t06,0.95,S4,B1,30.0,16,4,6,10.0,2,1.5,10,414.2,1.0,0.0,420.0,25.40341184434353,24.332195350804525,180.8344592136625,275.28088044520695,17.42857142857143,1.4,0.0,0.6932390476996801,13.9,0.0,-0.023700175646038477,191.7329812002738,no
S4_B1_a45_b08_s04_t06,0.85,S4,B1,45.0,8,4,6,10.0,2,1.5,10,371.0,1.0,0.0,450.0,31.112698372208094,29.131833198517974,148.60477507430974,219.71256020946538,16.071428571428573,1.4,0.0,0.7264673814286767,10.5,0.0,-0.03420070331884876,123.63749324076501,no
S4_B1_a45_b08_s04_t06,0.95,S4,B1,45.0,8,4,6,10.0,2,1.5,10,411.5,1.0,0.0,450.0,31.112698372208097,29.268086120398046,207.88673725264943,300.95399261743455,18.5,1.4,0.0,0.674035148180415,13.9,0.0,-0.029035624567363437,191.7329812002738,no
S4_B1_a45_b12_s04_t06,0.85,S4,B1,45.0,12,4,6,10.0,2,1.5,10,371.0,1.0,0.0,450.0,31.112698372208094,29.131833198517974,148.60477507430974,219.71256020946538,16.071428571428573,1.4,0.0,0.7264673814286767,10.5,0.0,-0.03420070331884876,123.63749324076501,no
S4_B1_a45_b12_s04_t06,0.95,S4,B1,45.0,12,4,6,10.0,2,1.5,10,411.5,1.0,0.0,450.0,31.112698372208097,29.268086120398046,207.88673725264943,300.95399261743455,18.5,1.4,0.0,0.674035148180415,13.9,0.0,-0.029035624567363437,191.7329812002738,no
S4_B1_a45_b16_s04_t06,0.85,S4,B1,45.0,16,4,6,10.0,2,1.5,10,371.0,1.0,0.0,450.0,31.112698372208094,29.131833198517974,148.60477507430974,219.71256020946538,16.071428571428573,1.4,0.0,0.7264673814286767,10.5,0.0,-0.03420070331884876,123.63749324076501,no
S4_B1_a45_b16_s04_t06,0.95,S4,B1,45.0,16,4,6,10.0,2,1.5,10,411.5,1.0,0.0,450.0,31.112698372208097,29.268086120398046,207.88673725264943,300.95399261743455,18.5,1.4,0.0,0.674035148180415,13.9,0.0,-0.029035624567363437,191.7329812002738,no
S4_B2_a00_b08_s04_t06,0.85,S4,B2,0.0,8,4,6,9.0,0,0.35,10,378.9,1.0,0.0,360.0,22.0,20.143473731655337,83.0881215556945,163.7934745500448,13.357142857142858,1.4,0.0,0.7394341088106975,10.5,0.0,-0.01750361785378059,123.63749324076501,yes
S4_B2_a00_b08_s04_t06,0.95,S4,B2,0.0,8,4,6,9.0,0,0.35,10,417.9,1.0,0.0,360.0,22.0,20.239819096673212,152.56011168759898,245.76259689532674,16.642857142857142,1.4,0.0,0.6909503046217293,13.9,0.0,-0.016720087816236066,191.7329812002738,yes
S4_B2_a00_b12_s04_t06,0.85,S4,B2,0.0,12,4,6,9.0,0,0.35,10,378.9,1.0,0.0,360.0,22.0,20.143473731655337,83.0881215556945,163.7934745500448,13.357142857142858,1.4,0.0,0.7394341088106975,10.5,0.0,-0.01750361785378059,123.63749324076501,yes
S4_B2_a00_b12_s04_t06,0.95,S4,B2,0.0,12,4,6,9.0,0,0.35,10,417.9,1.0,0.0,360.0,22.0,20.239819096673212,152.56011168759898,245.76259689532674,16.642857142857142,1.4,0.0,0.6909503046217293,13.9,0.0,-0.016720087816236066,191.7329812002738,yes
S4_B2_a00_b16_s04_t06,0.85,S4,B2,0.0,16,4,6,9.0,0,0.35,10,378.9,1.0,0.0,360.0,22.0,20.143473731655337,83.0881215556945,163.7934745500448,13.357142857142858,1.4,0.0,0.7394341088106975,10.5,0.0,-0.01750361785378059,123.63749324076501,yes
S4_B2_a00_b16_s04_t06,0.95,S4,B2,0.0,16,4,6,9.0,0,0.35,10,417.9,1.0,0.0,360.0,22.0,20.239819096673212,152.56011168759898,245.76259689532674,16.642857142857142,1.4,0.0,0.6909503046217293,13.9,0.0,-0.016720087816236066,191.7329812002738,yes
S4_B2_a15_b08_s04_t06,0.85,S4,B2,15.0,8,4,6,9.0,0,0.35,10,378.3,1.0,0.0,390.0,22.776075969021825,20.811021604998675,86.74335595581728,169.9592213748139,13.428571428571429,1.4,0.0,0.7557964349250805,10.5,0.0,-0.019560412351124407,123.63749324076501,yes
S4_B2_a15_b08_s04_t06,0.95,S4,B2,15.0,8,4,6,9.0,0,0.35,10,417.5,1.0,0.0,390.0,22.776075969021825,20.910765666494598,156.39602050450338,249.6776040386155,16.571428571428573,1.4,0.0,0.7039374622859024,13.9,0.0,-0.017420001561980536,191.7329812002738,yes
S4_B2_a15_b12_s04_t06,0.85,S4,B2,15.0,12,4,6,9.0,0,0.35,10,378.3,1.0,0.0,390.0,22.776075969021825,20.811021604998675,86.74335595581728,169.9592213748139,13.428571428571429,1.4,0.0,0.7557964349250805,10.5,0.0,-0.019560412351124407,123.63749324076501,yes
S4_B2_a15_b12_s04_t06,0.95,S4,B2,15.0,12,4,6,9.0,0,0.35,10,417.5,1.0,0.0,390.0,22.776075969021825,20.910765666494598,156.39602050450338,249.6776040386155,16.571428571428573,1.4,0.0,0.7039374622859024,13.9,0.0,-0.017420001561980536,191.7329812002738,yes
S4_B2_a15_b16_s04_t06,0.85,S4,B2,15.0,16,4,6,9.0,0,0.35,10,378.3,1.0,0.0,390.0,22.776075969021825,20.811021604998675,86.74335595581728,169.9592213748139,13.428571428571429,1.4,0.0,0.7557964349250805,10.5,0.0,-0.019560412351124407,123.63749324076501,yes
S4_B2_a15_b16_s04_t06,0.95,S4,B2,15.0,16,4,6,9.0,0,0.35,10,417.5,1.0,0.0,390.0,22.776075969021825,20.910765666494598,156.39602050450338,249.6776040386155,16.571428571428573,1.4,0.0,0.7039374622859024,13.9,0.0,-0.017420001561980536,191.7329812002738,yes
S4_B2_a30_b08_s04_t06,0.85,S4,B2,30.0,8,4,6,9.0,0,0.35,10,375.6,1.0,0.0,420.0,25.403411844343534,23.070945305948037,105.66052230028099,188.966056627789,14.642857142857144,1.4,0.0,0.7719478502089001,10.5,0.0,-0.02601187062580674,123.63749324076501,no
S4_B2_a30_b08_s04_t06,0.95,S4,B2,30.0,8,4,6,9.0,0,0.35,10,415.0,1.0,0.0,420.0,25.40341184434353,23.182195350804527,173.18623140244958,266.7493276041647,17.071428571428573,1.4,0.0,0.6971868891439325,13.9,0.0,-0.022181311705333936,191.7329812002738,no
S4_B2_a30_b12_s04_t06,0.85,S4,B2,30.0,12,4,6,9.0,0,0.35,10,375.6,1.0,0.0,420.0,25.403411844343534,23.070945305948037,105.66052230028099,188.966056627789,14.642857142857144,1.4,0.0,0.7719478502089001,10.5,0.0,-0.02601187062580674,123.63749324076501,no
S4_B2_a30_b12_s04_t06,0.95,S4,B2,30.0,12,4,6,9.0,0,0.35,10,415.0,1.0,0.0,420.0,25.40341184434353,23.182195350804527,173.18623140244958,266.7493276041647,17.071428571428573,1.4,0.0,0.6971868891439325,13.9,0.0,-0.022181311705333936,191.7329812002738,no
S4_B2_a30_b16_s04_t06,0.85,S4,B2,30.0,16,4,6,9.0,0,0.35,10,375.6,1.0,0.0,420.0,25.403411844343534,23.070945305948037,105.66052230028099,188.966056627789,14.642857142857144,1.4,0.0,0.7719478502089001,10.5,0.0,-0.02601187062580674,123.63749324076501,no
S4_B2_a30_b16_s04_t06,0.95,S4,B2,30.0,16,4,6,9.0,0,0.35,10,415.0,1.0,0.0,420.0,25.40341184434353,23.182195350804527,173.18623140244958,266.7493276041647,17.071428571428573,1.4,0.0,0.6971868891439325,13.9,0.0,-0.022181311705333936,191.7329812002738,no
S4_B2_a45_b08_s04_t06,0.85,S4,B2,45.0,8,4,6,9.0,0,0.35,10,371.2,1.0,0.0,450.0,31.112698372208094,27.98183319851798,141.73610906004623,215.0264595590174,15.92857142857143,1.4,0.0,0.7344741537868096,10.5,0.0,-0.03353217851536718,123.63749324076501,no
S4_B2_a45_b08_s04_t06,0.95,S4,B2,45.0,8,4,6,9.0,0,0.35,10,412.3,1.0,0.0,450.0,31.112698372208097,28.118086120398043,203.0601170362135,297.00783003997674,18.357142857142858,1.4,0.0,0.6788302246015072,13.9,0.0,-0.02736915237805486,191.7329812002738,no
S4_B2_a45_b12_s04_t06,0.85,S4,B2,45.0,12,4,6,9.0,0,0.35,10,371.2,1.0,0.0,450.0,31.112698372208094,27.98183319851798,141.73610906004623,215.0264595590174,15.92857142857143,1.4,0.0,0.7344741537868096,10.5,0.0,-0.03353217851536718,123.63749324076501,no
S4_B2_a45_b12_s04_t06,0.95,S4,B2,45.0,12,4,6,9.0,0,0.35,10,412.3,1.0,0.0,450.0,31.112698372208097,28.118086120398043,203.0601170362135,297.00783003997674,18.357142857142858,1.4,0.0,0.6788302246015072,13.9,0.0,-0.02736915237805486,191.7329812002738,no
S4_B2_a45_b16_s04_t06,0.85,S4,B2,45.0,16,4,6,9.0,0,0.35,10,371.2,1.0,0.0,450.0,31.112698372208094,27.98183319851798,141.73610906004623,215.0264595590174,15.92857142857143,1.4,0.0,0.7344741537868096,10.5,0.0,-0.03353217851536718,123.63749324076501,no
S4_B2_a45_b16_s04_t06,0.95,S4,B2,45.0,16,4,6,9.0,0,0.35,10,412.3,1.0,0.0,450.0,31.112698372208097,28.118086120398043,203.0601170362135,297.00783003997674,18.357142857142858,1.4,0.0,0.6788302246015072,13.9,0.0,-0.02736915237805486,191.7329812002738,no
S4_B3_a00_b08_s04_t06,0.85,S4,B3,0.0,8,4,6,3.0,1,0.1,10,379.0,1.0,0.0,360.0,22.0,19.893473731655334,81.93557389844165,164.59179463260875,13.357142857142858,1.4,0.0,0.7420405360216813,10.5,0.0,-0.017405048721044796,123.63749324076501,yes
S4_B3_a00_b08_s04_t06,0.95,S4,B3,0.0,8,4,6,3.0,1,0.1,10,418.3,1.0,0.0,360.0,22.0,19.989819096673212,150.27952672998543,242.99044742217544,16.642857142857142,1.4,0.0,0.6894340975479234,13.9,0.0,-0.01612660464867749,191.7329812002738,yes
S4_B3_a00_b12_s04_t06,0.85,S4,B3,0.0,12,4,6,3.0,1,0.1,10,379.0,1.0,0.0,360.0,22.0,19.893473731655334,81.93557389844165,164.59179463260875,13.357142857142858,1.4,0.0,0.7420405360216813,10.5,0.0,-0.017405048721044796,123.63749324076501,yes
S4_B3_a00_b12_s04_t06,0.95,S4,B3,0.0,12,4,6,3.0,1,0.1,10,418.3,1.0,0.0,360.0,22.0,19.989819096673212,150.27952672998543,242.99044742217544,16.642857142857142,1.4,0.0,0.6894340975479234,13.9,0.0,-0.01612660464867749,191.7329812002738,yes
S4_B3_a00_b16_s04_t06,0.85,S4,B3,0.0,16,4,6,3.0,1,0.1,10,379.0,1.0,0.0,360.0,22.0,19.893473731655334,81.93557389844165,164.59179463260875,13.357142857142858,1.4,0.0,0.7420405360216813,10.5,0.0,-0.017405048721044796,123.63749324076501,yes
S4_B3_a00_b16_s04_t06,0.95,S4,B3,0.0,16,4,6,3.0,1,0.1,10,418.3,1.0,0.0,360.0,22.0,19.989819096673212,150.27952672998543,242.99044742217544,16.642857142857142,1.4,0.0,0.6894340975479234,13.9,0.0,-0.01612660464867749,191.7329812002738,yes
S4_B3_a15_b08_s04_t06,0.85,S4,B3,15.0,8,4,6,3.0,1,0.1,10,378.7,1.0,0.0,390.0,22.776075969021825,20.561021604998675,84.8222623068255,166.40575711413018,13.214285714285715,1.4,0.0,0.7629870558438292,10.5,0.0,-0.017631910380626347,123.63749324076501,yes
S4_B3_a15_b08_s04_t06,0.95,S4,B3,15.0,8,4,6,3.0,1,0.1,10,417.7,1.0,0.0,390.0,22.776075969021825,20.660765666494598,154.38176804342555,247.75147845221386,16.571428571428573,1.4,0.0,0.7020830068597742,13.9,0.0,-0.01700813350147747,191.7329812002738,yes
S4_B3_a15_b12_s04_t06,0.85,S4,B3,15.0,12,4,6,3.0,1,0.1,10,378.7,1.0,0.0,390.0,22.776075969021825,20.561021604998675,84.8222623068255,166.40575711413018,13.214285714285715,1.4,0.0,0.7629870558438292,10.5,0.0,-0.017631910380626347,123.63749324076501,yes
S4_B3_a15_b12_s04_t06,0.95,S4,B3,15.0,12,4,6,3.0,1,0.1,10,417.7,1.0,0.0,390.0,22.776075969021825,20.660765666494598,154.38176804342555,247.75147845221386,16.571428571428573,1.4,0.0,0.7020830068597742,13.9,0.0,-0.01700813350147747,191.7329812002738,yes
S4_B3_a15_b16_s04_t06,0.85,S4,B3,15.0,16,4,6,3.0,1,0.1,10,378.7,1.0,0.0,390.0,22.776075969021825,20.561021604998675,84.8222623068255,166.40575711413018,13.214285714285715,1.4,0.0,0.7629870558438292,10.5,0.0,-0.017631910380626347,123.63749324076501,yes
S4_B3_a15_b16_s04_t06,0.95,S4,B3,15.0,16,4,6,3.0,1,0.1,10,417.7,1.0,0.0,390.0,22.776075969021825,20.660765666494598,154.38176804342555,247.75147845221386,16.571428571428573,1.4,0.0,0.7020830068597742,13.9,0.0,-0.01700813350147747,191.7329812002738,yes
S4_B3_a30_b08_s04_t06,0.85,S4,B3,30.0,8,4,6,3.0,1,0.1,10,375.9,1.0,0.0,420.0,25.403411844343534,22.82094530594804,103.15049601450771,186.9599541994494,14.571428571428573,1.4,0.0,0.7601012203209537,10.5,0.0,-0.025654971074384404,123.63749324076501,no
S4_B3_a30_b08_s04_t06,0.95,S4,B3,30.0,8,4,6,3.0,1,0.1,10,415.1,1.0,0.0,420.0,25.40341184434353,22.932195350804527,170.6441685720648,264.581680773878,17.071428571428573,1.4,0.0,0.6988742282058504,13.9,0.0,-0.021880824061346203,191.7329812002738,no
S4_B3_a30_b12_s04_t06,0.85,S4,B3,30.0,12,4,6,3.0,1,0.1,10,375.9,1.0,0.0,420.0,25.403411844343534,22.82094530594804,103.15049601450771,186.9599541994494,14.571428571428573,1.4,0.0,0.7601012203209537,10.5,0.0,-0.025654971074384404,123.63749324076501,no
S4_B3_a30_b12_s04_t06,0.95,S4,B3,30.0,12,4,6,3.0,1,0.1,10,415.1,1.0,0.0,420.0,25.40341184434353,22.932195350804527,170.6441685720648,264.581680773878,17.071428571428573,1.4,0.0,0.6988742282058504,13.9,0.0,-0.021880824061346203,191.7329812002738,no
S4_B3_a30_b16_s04_t06,0.85,S4,B3,30.0,16,4,6,3.0,1,0.1,10,375.9,1.0,0.0,420.0,25.403411844343534,22.82094530594804,103.15049601450771,186.9599541994494,14.571428571428573,1.4,0.0,0.7601012203209537,10.5,0.0,-0.025654971074384404,123.63749324076501,no
S4_B3_a30_b16_s04_t06,0.95,S4,B3,30.0,16,4,6,3.0,1,0.1,10,415.1,1.0,0.0,420.0,25.40341184434353,22.932195350804527,170.6441685720648,264.581680773878,17.071428571428573,1.4,0.0,0.6988742282058504,13.9,0.0,-0.021880824061346203,191.7329812002738,no
S4_B3_a45_b08_s04_t06,0.85,S4,B3,45.0,8,4,6,3.0,1,0.1,10,371.3,1.0,0.0,450.0,31.112698372208094,27.73183319851798,139.77941438533915,214.43408138916715,15.785714285714286,1.4,0.0,0.7323136032186894,10.5,0.0,-0.033545223787948796,123.63749324076501,no
S4_B3_a45_b08_s04_t06,0.95,S4,B3,45.0,8,4,6,3.0,1,0.1,10,412.3,1.0,0.0,450.0,31.112698372208097,27.868086120398043,201.49022187252342,295.25536902687156,18.285714285714285,1.4,0.0,0.6760590998168411,13.9,0.0,-0.02736915237805486,191.7329812002738,no
S4_B3_a45_b12_s04_t06,0.85,S4,B3,45.0,12,4,6,3.0,1,0.1,10,371.3,1.0,0.0,450.0,31.112698372208094,27.73183319851798,139.77941438533915,214.43408138916715,15.785714285714286,1.4,0.0,0.7323136032186894,10.5,0.0,-0.033545223787948796,123.63749324076501,no
S4_B3_a45_b12_s04_t06,0.95,S4,B3,45.0,12,4,6,3.0,1,0.1,10,412.3,1.0,0.0,450.0,31.112698372208097,27.868086120398043,201.49022187252342,295.25536902687156,18.285714285714285,1.4,0.0,0.6760590998168411,13.9,0.0,-0.02736915237805486,191.7329812002738,no
S4_B3_a45_b16_s04_t06,0.85,S4,B3,45.0,16,4,6,3.0,1,0.1,10,371.3,1.0,0.0,450.0,31.112698372208094,27.73183319851798,139.77941438533915,214.43408138916715,15.785714285714286,1.4,0.0,0.7323136032186894,10.5,0.0,-0.033545223787948796,123.63749324076501,no
S4_B3_a45_b16_s04_t06,0.95,S4,B3,45.0,16,4,6,3.0,1,0.1,10,412.3,1.0,0.0,450.0,31.112698372208097,27.868086120398043,201.49022187252342,295.25536902687156,18.285714285714285,1.4,0.0,0.6760590998168411,13.9,0.0,-0.02736915237805486,191.7329812002738,no
S4_B4_a00_b08_s04_t06,0.85,S4,B4,0.0,8,4,6,7.0,1,0.5,10,378.9,1.0,0.0,360.0,22.0,20.293473731655336,83.16093138890243,163.54474130760875,13.071428571428573,1.4,0.0,0.7343977930906879,10.5,0.0,-0.01750361785378059,123.63749324076501,yes
S4_B4_a00_b08_s04_t06,0.95,S4,B4,0.0,8,4,6,7.0,1,0.5,10,417.7,1.0,0.0,360.0,22.0,20.38981909667321,152.89681303940398,246.1648606754102,16.642857142857142,1.4,0.0,0.689237209114747,13.9,0.0,-0.016902569887472428,191.7329812002738,yes
S4_B4_a00_b12_s04_t06,0.85,S4,B4,0.0,12,4,6,7.0,1,0.5,10,378.9,1.0,0.0,360.0,22.0,20.293473731655336,83.16093138890243,163.54474130760875,13.071428571428573,1.4,0.0,0.7343977930906879,10.5,0.0,-0.01750361785378059,123.63749324076501,yes
S4_B4_a00_b12_s04_t06,0.95,S4,B4,0.0,12,4,6,7.0,1,0.5,10,417.7,1.0,0.0,360.0,22.0,20.38981909667321,152.89681303940398,246.1648606754102,16.642857142857142,1.4,0.0,0.689237209114747,13.9,0.0,-0.016902569887472428,191.7329812002738,yes
S4_B4_a00_b16_s04_t06,0.85,S4,B4,0.0,16,4,6,7.0,1,0.5,10,378.9,1.0,0.0,360.0,22.0,20.293473731655336,83.16093138890243,163.54474130760875,13.071428571428573,1.4,0.0,0.7343977930906879,10.5,0.0,-0.01750361785378059,123.63749324076501,yes
S4_B4_a00_b16_s04_t06,0.95,S4,B4,0.0,16,4,6,7.0,1,0.5,10,417.7,1.0,0.0,360.0,22.0,20.38981909667321,152.89681303940398,246.1648606754102,16.642857142857142,1.4,0.0,0.689237209114747,13.9,0.0,-0.016902569887472428,191.7329812002738,yes
S4_B4_a15_b08_s04_t06,0.85,S4,B4,15.0,8,4,6,7.0,1,0.5,10,378.0,1.0,0.0,390.0,22.776075969021825,20.961021604998674,87.84859346633384,171.70461818593893,13.5,1.4,0.0,0.7651999118585183,10.5,0.0,-0.019803377503989132,123.63749324076501,yes
S4_B4_a15_b08_s04_t06,0.95,S4,B4,15.0,8,4,6,7.0,1,0.5,10,417.5,1.0,0.0,390.0,22.776075969021825,21.060765666494596,157.70704358615194,250.4669793996294,16.571428571428573,1.4,0.0,0.7005987115882137,13.9,0.0,-0.017420001561980536,191.7329812002738,yes
S4_B4_a15_b12_s04_t06,0.85,S4,B4,15.0,12,4,6,7.0,1,0.5,10,378.0,1.0,0.0,390.0,22.776075969021825,20.961021604998674,87.84859346633384,171.70461818593893,13.5,1.4,0.0,0.7651999118585183,10.5,0.0,-0.019803377503989132,123.63749324076501,yes
S4_B4_a15_b12_s04_t06,0.95,S4,B4,15.0,12,4,6,7.0,1,0.5,10,417.5,1.0,0.0,390.0,22.776075969021825,21.060765666494596,157.70704358615194,250.4669793996294,16.571428571428573,1.4,0.0,0.7005987115882137,13.9,0.0,-0.017420001561980536,191.7329812002738,yes
S4_B4_a15_b16_s04_t06,0.85,S4,B4,15.0,16,4,6,7.0,1,0.5,10,378.0,1.0,0.0,390.0,22.776075969021825,20.961021604998674,87.84859346633384,171.70461818593893,13.5,1.4,0.0,0.7651999118585183,10.5,0.0,-0.019803377503989132,123.63749324076501,yes
S4_B4_a15_b16_s04_t06,0.95,S4,B4,15.0,16,4,6,7.0,1,0.5,10,417.5,1.0,0.0,390.0,22.776075969021825,21.060765666494596,157.70704358615194,250.4669793996294,16.571428571428573,1.4,0.0,0.7005987115882137,13.9,0.0,-0.017420001561980536,191.7329812002738,yes
S4_B4_a30_b08_s04_t06,0.85,S4,B4,30.0,8,4,6,7.0,1,0.5,10,375.4,1.0,0.0,420.0,25.403411844343534,23.220945305948035,107.13850334847506,189.68302436867356,14.642857142857144,1.4,0.0,0.7665859389053047,10.5,0.0,-0.026561827260206516,123.63749324076501,no
S4_B4_a30_b08_s04_t06,0.95,S4,B4,30.0,8,4,6,7.0,1,0.5,10,415.0,1.0,0.0,420.0,25.40341184434353,23.332195350804525,173.50535159968413,266.54316003857787,17.071428571428573,1.4,0.0,0.6959142814580623,13.9,0.0,-0.02306282012846051,191.7329812002738,no
S4_B4_a30_b12_s04_t06,0.85,S4,B4,30.0,12,4,6,7.0,1,0.5,10,375.4,1.0,0.0,420.0,25.403411844343534,23.220945305948035,107.13850334847506,189.68302436867356,14.642857142857144,1.4,0.0,0.7665859389053047,10.5,0.0,-0.026561827260206516,123.63749324076501,no
S4_B4_a30_b12_s04_t06,0.95,S4,B4,30.0,12,4,6,7.0,1,0.5,10,415.0,1.0,0.0,420.0,25.40341184434353,23.332195350804525,173.50535159968413,266.54316003857787,17.071428571428573,1.4,0.0,0.6959142814580623,13.9,0.0,-0.02306282012846051,191.7329812002738,no
S4_B4_a30_b16_s04_t06,0.85,S4,B4,30.0,16,4,6,7.0,1,0.5,10,375.4,1.0,0.0,420.0,25.403411844343534,23.220945305948035,107.13850334847506,189.68302436867356,14.642857142857144,1.4,0.0,0.7665859389053047,10.5,0.0,-0.026561827260206516,123.63749324076501,no
S4_B4_a30_b16_s04_t06,0.95,S4,B4,30.0,16,4,6,7.0,1,0.5,10,415.0,1.0,0.0,420.0,25.40341184434353,23.332195350804525,173.50535159968413,266.54316003857787,17.071428571428573,1.4,0.0,0.6959142814580623,13.9,0.0,-0.02306282012846051,191.7329812002738,no
S4_B4_a45_b08_s04_t06,0.85,S4,B4,45.0,8,4,6,7.0,1,0.5,10,371.1,1.0,0.0,450.0,31.112698372208094,28.131833198517974,142.70734791294845,215.7863698603988,15.92857142857143,1.4,0.0,0.7370319251025942,10.5,0.0,-0.033748549237563624,123.63749324076501,no
S4_B4_a45_b08_s04_t06,0.95,S4,B4,45.0,8,4,6,7.0,1,0.5,10,412.3,1.0,0.0,450.0,31.112698372208097,28.268086120398046,203.8174014597146,297.9864572016739,18.357142857142858,1.4,0.0,0.6799798701889495,13.9,0.0,-0.02736915237805486,191.7329812002738,no
S4_B4_a45_b12_s04_t06,0.85,S4,B4,45.0,12,4,6,7.0,1,0.5,10,371.1,1.0,0.0,450.0,31.112698372208094,28.131833198517974,142.70734791294845,215.7863698603988,15.92857142857143,1.4,0.0,0.7370319251025942,10.5,0.0,-0.033748549237563624,123.63749324076501,no
S4_B4_a45_b12_s04_t06,0.95,S4,B4,45.0,12,4,6,7.0,1,0.5,10,412.3,1.0,0.0,450.0,31.112698372208097,28.268086120398046,203.8174014597146,297.9864572016739,18.357142857142858,1.4,0.0,0.6799798701889495,13.9,0.0,-0.02736915237805486,191.7329812002738,no
S4_B4_a45_b16_s04_t06,0.85,S4,B4,45.0,16,4,6,7.0,1,0.5,10,371.1,1.0,0.0,450.0,31.112698372208094,28.131833198517974,142.70734791294845,215.7863698603988,15.92857142857143,1.4,0.0,0.7370319251025942,10.5,0.0,-0.033748549237563624,123.63749324076501,no
S4_B4_a45_b16_s04_t06,0.95,S4,B4,45.0,16,4,6,7.0,1,0.5,10,412.3,1.0,0.0,450.0,31.112698372208097,28.268086120398046,203.8174014597146,297.9864572016739,18.357142857142858,1.4,0.0,0.6799798701889495,13.9,0.0,-0.02736915237805486,191.7329812002738,no
baseline_S0_B0,0.85,S0,B0,0.0,12,4,6,8.0,1,0.75,10,382.2,1.5467876307961348,0.5467876307961348,1800.0,55.0,48.97152639379273,74.90999459261201,131.1440358387436,5.428571428571429,1.4,0.0,0.7616433250013135,10.5,0.0,0.0,123.63749324076501,yes
baseline_S0_B0,0.95,S0,B0,0.0,12,4,6,8.0,1,0.75,10,421.0,5.20458163377791,4.20458163377791,1800.0,55.0,54.516191110661,129.38638496021903,219.0695685011478,13.642857142857144,1.4,0.0,0.8211963099539451,13.9,0.0,0.0,191.7329812002738,yes
