scenario_id,geometry_id,regime_id,load_regime,replication,seed,policy,layout,arrival_mode,service_distribution,arrivals,service_started,completed,unfinished,completed_within_horizon,throughput_per_hour,run_end_seconds,utilization,starvation_fraction_with_upstream_demand,mean_wait_seconds,wait_sd_seconds,maximum_fifo_delay_seconds,p50_wait_seconds,p90_wait_seconds,p95_wait_seconds,p99_wait_seconds,mean_upstream_wait_seconds,mean_downstream_wait_seconds,mean_stationary_time_seconds,mean_system_time_seconds,mean_movement_distance_m,mean_movement_time_seconds,mean_movement_starts,mean_movement_stops,mean_turning_angle_degrees,mean_luggage_rotation_degrees,mean_static_footprint_m2,mean_moving_footprint_m2,mean_movement_conflict_proxy,intervention_count,mean_downstream_queue,max_downstream_queue,mean_upstream_waiting,max_upstream_waiting,max_waiting_density_per_m2,density_limit_exceedance_fraction,peak_simultaneous_movers,peak_moving_footprint_density_per_m2,maximum_release_size,maximum_release_surge_index,waiting_area_m2,required_waiting_area_m2_at_density_limit,acceptable_waiting_capacity,capacity_efficiency_passengers_per_m2,minimum_residual_waiting_area_m2,total_modeled_area_m2,wait_gini,service_order_overtaking_events,luggage_wait_gap_seconds,reduced_mobility_wait_gap_seconds,group_wait_gap_seconds,accessible_route_width_m,turning_diameter_m,row_angle_degrees,barrier_footprint_m2,release_staff_count
compact_disrupted,compact,disrupted,0.95,0,612000,S0,B0,burst,gamma,576,523,522,54,341,341.0,7201.0,0.7470160723648864,0.21855326502900876,1162.603205179803,1105.4614898805926,3924.7237829853334,714.8324689752385,2974.3219856865226,3411.992089942248,3803.5488600835015,1067.2093771589175,34.67029600745265,1040.8031378985365,1180.479409075137,42.0,125.82044824287591,61.985046728971966,60.985046728971966,1800.0,1315.5140186915887,0.636875,0.836875,0.8251168224299067,18,2.481738647410082,12.0,100.38091931676156,222.0,2.22,0.3173170393000972,12.0,0.30171428571428577,4,2.3333333333333335,100.0,158.57142857142858,140.0,1.4,0.0,135.0,0.5144748541797024,109,145.13809033478742,-97.78419105368289,-46.94026466542732,1.2,1.6,0.0,6.0,1
compact_disrupted,compact,disrupted,0.95,0,612000,S3,B1,burst,gamma,576,576,576,0,361,361.0,5967.0,0.9585419206885117,0.0013760139049826187,964.1193382417999,763.5904636336139,2319.840566985905,865.7492789066097,2068.7960295134817,2161.674692468693,2279.7893282524456,751.0012826862443,195.40646236063805,946.8244117135489,987.0977181738605,18.0,17.294926528250837,1.0,0.0,360.0,260.625,0.636875,0.836875,2.346498842592593,20,18.811494638069703,24.0,72.43414879356568,189.0,1.89,0.21548257372654156,20.0,0.4662857142857144,12,7.333333333333335,100.0,135.0,140.0,1.4,0.0,135.0,0.4460931873367615,144,34.77872721169183,-16.334692197363665,-22.942372345998137,1.2,1.6,0.0,6.0,1
compact_disrupted,compact,disrupted,0.95,0,612000,S5,B3,burst,gamma,576,576,576,0,347,347.0,6100.0,0.9423000741041556,0.021287199202619962,1067.8346160195777,796.1214154406664,2452.840566985905,993.9288377422018,2203.7960295134817,2293.5480545571368,2404.8439705020755,864.3780187973554,189.1074917820132,1053.9021772460353,1090.8129959516382,15.0,13.932438773542366,1.0,0.0,180.0,130.3125,0.636875,0.836875,0.5811631944444444,20,17.807080806425176,24.0,81.55908867398787,203.0,0.0,0.0,5.0,0.12085714285714287,1,0.6875,0.0,0.0,0.0,0.0,0.0,35.0,0.42163031495380476,42,30.043988726133875,-36.514229485392434,-22.201594678999072,1.2,1.6,0.0,6.0,1
compact_disrupted,compact,disrupted,0.95,1,612001,S0,B0,burst,gamma,519,512,511,8,333,333.0,7201.0,0.8388000641334441,0.08653312788906009,1084.5529134895473,1103.0163098788487,3639.684754729785,618.2798332498921,2960.944709241375,3268.027793553952,3577.783697223128,967.7598397447966,44.28442434906809,978.5971034636152,1106.181874740672,42.0,108.00764292311541,49.98651252408478,48.98651252408478,1800.0,1349.1329479768785,0.6399421965317919,0.839942196531792,0.8275931278098909,23,3.1126232467712818,12.0,69.71351201222052,172.0,1.72,0.1085960283293987,12.0,0.30171428571428577,5,2.854166666666667,100.0,122.85714285714286,140.0,1.4,0.0,135.0,0.5457101437120673,104,-102.61948430543043,307.3528619411511,63.93893084389697,1.2,1.6,0.0,6.0,1
compact_disrupted,compact,disrupted,0.95,1,612001,S3,B1,burst,gamma,519,519,519,0,352,352.0,6573.0,0.9242012655975504,0.0052,949.8812270280337,970.7120758580334,2939.324955545507,577.013527193239,2608.5834170086237,2841.643991897506,2873.632618021615,707.6635006311164,224.59142030517737,932.7867128438081,976.5922462649571,18.0,17.094514184225357,1.0,0.0,360.0,269.8265895953757,0.6399421965317919,0.839942196531792,2.2686657032755306,23,17.69120778825677,24.0,55.828567082446,141.0,1.41,0.0025859446303620323,15.0,0.3557142857142858,12,7.416666666666667,100.0,100.71428571428572,140.0,1.4,10.44999999999996,135.0,0.5503985768004713,117,-82.6336532889834,343.55650211072975,81.3655172127169,1.2,1.6,0.0,6.0,1
compact_disrupted,compact,disrupted,0.95,1,612001,S5,B3,burst,gamma,519,519,519,0,336,336.0,6738.0,0.9031871121221745,0.06554172910287315,1093.1432694172436,991.0850323444361,3107.324955545507,739.013527193239,2771.9834170086237,3010.9587538346977,3042.451713550118,842.8908609394017,235.9551880834731,1079.377840930389,1119.8542886541672,15.0,13.765428486854463,1.0,0.0,180.0,134.91329479768785,0.6399421965317919,0.839942196531792,0.6084216441875402,23,18.133847751891974,24.0,64.87609437602018,158.0,0.0,0.0,5.0,0.1242857142857143,3,1.8958333333333337,0.0,0.0,0.0,0.0,0.0,35.0,0.4920444735804286,47,-85.20086076194298,337.03078143478524,78.42910085583958,1.2,1.6,0.0,6.0,1
compact_disrupted,compact,disrupted,0.95,2,612002,S0,B0,burst,gamma,535,514,514,21,318,318.0,7201.0,0.773932461299622,0.19955599407992106,1297.53875146157,1040.3163929868542,3781.0412546608245,908.4017538151564,3005.730207953484,3325.13018975887,3713.8142648023904,1194.2772721918907,28.449312506581773,1166.4044063806032,1321.9552666219488,42.0,134.53870546277588,68.31558935361217,67.31558935361217,1800.0,1331.1787072243346,0.6385981308411215,0.8385981308411217,0.8341254752851711,14,1.9950006943480072,12.0,91.7526732398278,204.0,2.04,0.2599638939036245,12.0,0.30514285714285716,4,2.3333333333333335,100.0,145.71428571428572,140.0,1.4,0.0,135.0,0.4421156580361274,96,-23.943298436443683,203.5902209741596,-64.04864890837553,1.2,1.6,0.0,6.0,1
compact_disrupted,compact,disrupted,0.95,2,612002,S3,B1,burst,gamma,535,535,535,0,345,345.0,5856.0,0.9693883353846946,0.0,975.0786087323519,666.340645074986,2208.7069658653745,837.256560087664,1952.3177120370735,2090.120286894399,2192.259394300611,742.508515274408,215.18767695884193,958.0102109248387,999.682953042985,18.0,17.068397807513243,1.0,0.0,360.0,265.7943925233645,0.6385981308411215,0.8385981308411217,1.39832554517134,14,19.608331910534403,24.0,67.77770189516818,165.0,1.65,0.13249103636674064,12.0,0.2845714285714286,12,6.916666666666668,100.0,117.85714285714286,140.0,1.4,0.0,135.0,0.38709020733584554,102,1.2427927557073417,127.39084852143947,-94.86358223791717,1.2,1.6,0.0,6.0,1
compact_disrupted,compact,disrupted,0.95,2,612002,S5,B3,burst,gamma,535,535,535,0,340,340.0,5955.0,0.9577505970742699,0.014406286379511059,1055.1178610688005,684.4411827027815,2306.7069658653745,930.256560087664,2048.7088646463335,2189.4913841088937,2287.239394300611,825.738421816464,215.3217557211533,1041.3741962292063,1079.7222053794337,15.0,13.743664839594368,1.0,0.0,180.0,132.89719626168224,0.6385981308411215,0.8385981308411217,0.5870327102803738,14,19.295500335795836,24.0,74.1272666218939,175.0,0.0,0.0,5.0,0.1242857142857143,2,1.375,0.0,0.0,0.0,0.0,0.0,35.0,0.36847528256661555,43,-1.0175696208946192,125.16915128223263,-92.15252253313622,1.2,1.6,0.0,6.0,1
compact_disrupted,compact,disrupted,0.95,3,612003,S0,B0,burst,gamma,567,567,567,0,378,378.0,7144.0,0.7481667208215678,0.19764121663563006,1047.2227544446441,991.7835428416371,3480.915479350877,666.0735680980993,2707.6726093287375,3080.656616479265,3373.7302046368172,909.339156561046,17.23173026187942,927.057659309698,1068.4801898457647,42.0,120.165095134946,58.29805996472663,57.29805996472663,1800.0,1288.888888888889,0.6359259259259258,0.835925925925926,0.79456937095826,23,1.3280615815255423,10.0,72.11910426871938,177.0,1.77,0.16668999300209936,12.0,0.30171428571428577,5,2.854166666666667,100.0,126.42857142857143,140.0,1.4,0.0,135.0,0.515783647342315,125,-138.97777385585118,170.30913632686338,112.96018397357682,1.2,1.6,0.0,6.0,1
compact_disrupted,compact,disrupted,0.95,3,612003,S3,B1,burst,gamma,567,567,567,0,417,417.0,5429.0,0.9483803503371983,0.0031473758753639155,637.0128779014342,541.3334470090532,1779.999571404168,445.8891298552626,1544.152785493616,1626.4036116213015,1712.719658097364,452.72539994728953,166.66088767333252,619.8730601073946,658.2703133025548,18.0,17.139817794039583,1.0,0.0,360.0,257.77777777777777,0.6359259259259258,0.835925925925926,1.4493312757201646,23,17.352117863720075,24.0,47.21749539594843,125.0,1.25,0.0,14.0,0.324,12,7.083333333333336,100.0,89.28571428571429,140.0,1.4,20.93000000000002,135.0,0.4725308036383078,125,-71.50204684510959,96.20290922063634,55.47672636590141,1.2,1.6,0.0,6.0,1
compact_disrupted,compact,disrupted,0.95,3,612003,S5,B3,burst,gamma,567,567,567,0,402,402.0,5605.0,0.924378086696484,0.04072398190045249,789.4132306351202,574.226344347726,1969.915479350877,628.5352840168969,1731.7392844051985,1814.4197326244946,1893.8615612011718,607.9776045328275,167.14567212048732,775.6100491400873,810.6706660362408,15.0,13.803181495032987,1.0,0.0,180.0,128.88888888888889,0.6359259259259258,0.835925925925926,0.5846193415637861,23,16.852479486264716,24.0,61.43756689261505,139.0,0.0,0.0,5.0,0.1242857142857143,2,1.2083333333333335,0.0,0.0,0.0,0.0,0.0,35.0,0.4085980771636668,38,-77.29476363840286,95.19375171147885,61.239866422215755,1.2,1.6,0.0,6.0,1
compact_disrupted,compact,disrupted,0.95,4,612004,S0,B0,burst,gamma,570,473,472,98,306,306.0,7201.0,0.7750650940776049,0.18218273798507,1366.1250763072894,1249.9605220169283,4368.424667690746,1003.6714395554427,3344.5221449354085,3889.943887255149,4295.397026061529,1272.1483052114463,36.076096527779725,1233.8290798118137,1386.3526728985619,42.0,136.81029387094637,69.54432989690721,68.54432989690721,1800.0,1399.1752577319587,0.6432631578947368,0.8432631578947369,0.8527061855670103,7,2.336758783502291,12.0,131.9482016386613,251.0,2.51,0.5045132620469379,12.0,0.3051428571428572,7,3.8958333333333335,100.0,179.2857142857143,140.0,1.4,0.0,135.0,0.5045398699394965,83,-119.16925489946675,292.00277275729104,-177.8166222441314,1.2,1.6,0.0,6.0,1
compact_disrupted,compact,disrupted,0.95,4,612004,S3,B1,burst,gamma,570,570,570,0,323,323.0,6853.0,0.950925999659885,0.004448742746615087,1396.8603693362234,1094.459730975733,3236.4278886310394,1207.1324424377572,2966.6975477181036,3129.775283530349,3211.5430906693596,1150.63054477482,228.65779218196548,1379.540968535733,1422.7355662743373,18.0,17.319400800490676,1.0,0.0,360.0,279.7894736842105,0.6432631578947368,0.8432631578947369,1.198611111111111,12,18.97359206302889,24.0,95.64779690691567,225.0,2.25,0.3476801867522615,19.0,0.4482857142857144,12,6.916666666666668,100.0,160.71428571428572,140.0,1.4,0.0,135.0,0.44629848353540735,99,-115.68123120094106,154.11418312965702,-26.42428715916094,1.2,1.6,0.0,6.0,1
compact_disrupted,compact,disrupted,0.95,4,612004,S5,B3,burst,gamma,570,570,570,0,314,314.0,6976.0,0.9322921779219226,0.04279393173198483,1508.1515974063989,1104.1193823340357,3356.4278886310394,1328.9138109017942,3084.431640349128,3251.2252835303493,3332.284781211253,1267.0322991607848,226.91383266625772,1494.1987634059901,1534.0267943445128,15.0,13.952834000408895,1.0,0.0,180.0,139.89473684210526,0.6432631578947368,0.8432631578947369,0.5919590643274855,12,18.496918446323633,24.0,103.47126272036692,231.0,0.0,0.0,5.0,0.114,2,1.2083333333333335,0.0,0.0,0.0,0.0,0.0,35.0,0.4175338502825432,31,-119.44353376324352,149.57070042042824,-27.106655881297684,1.2,1.6,0.0,6.0,1
compact_disrupted,compact,disrupted,0.95,5,612005,S0,B0,burst,gamma,519,519,519,0,328,328.0,7031.0,0.7424149805522451,0.19078491848681312,1133.8016539498385,968.0877974271117,3417.5960188677905,889.2917761018946,2681.6339230502476,3007.034222925767,3296.466060755467,988.3758350673722,22.40906448921482,1011.3398128513849,1156.5275629980729,42.0,122.46184109845377,60.08285163776493,59.08285163776493,1800.0,1269.364161849711,0.6346242774566474,0.8346242774566476,0.7908236994219653,24,1.6164675767918089,10.0,72.91112059158134,178.0,1.78,0.20236063708759955,12.0,0.30171428571428577,4,2.2500000000000004,100.0,127.14285714285715,140.0,1.4,0.0,135.0,0.47436205246847907,82,29.240840860422168,-162.98789818780278,-92.46841533633574,1.2,1.6,0.0,6.0,1
compact_disrupted,compact,disrupted,0.95,5,612005,S3,B1,burst,gamma,519,519,519,0,352,352.0,5390.0,0.9368345350304615,0.0025416997617156473,794.2602281309562,585.3157803701458,1777.6926108655748,741.9411434105646,1626.1959182615938,1673.5673310959855,1758.8615586931617,593.0463552985863,183.64394258456028,777.2452111779443,816.9861371791903,18.0,17.015016953011976,1.0,0.0,360.0,253.8728323699422,0.6346242774566474,0.8346242774566476,1.237917469492614,24,17.631422741606382,24.0,57.04600259692079,142.0,1.42,0.004266369875718791,19.0,0.4482857142857144,12,6.916666666666668,100.0,101.42857142857143,140.0,1.4,9.779999999999987,135.0,0.41984459151344367,100,22.093267828857392,-40.93994910718061,-76.29128839762154,1.2,1.6,0.0,6.0,1
compact_disrupted,compact,disrupted,0.95,5,612005,S5,B3,burst,gamma,519,519,519,0,335,335.0,5556.0,0.9111430510647754,0.057628427964465045,939.6609988438655,610.3155779137667,1941.5551878468518,900.2917761018946,1796.0004125302148,1844.323440138447,1925.0415586931617,739.285276300513,186.12162845437825,925.9618180496891,962.3869078920998,15.0,13.699180794176648,1.0,0.0,180.0,126.9364161849711,0.6346242774566474,0.8346242774566476,0.5861030828516378,24,17.3341731149901,24.0,69.0,159.0,0.0,0.0,5.0,0.12085714285714287,2,1.2083333333333335,0.0,0.0,0.0,0.0,0.0,35.0,0.37131511678236495,36,21.510477530373805,-34.30458842825544,-81.32245840213898,1.2,1.6,0.0,6.0,1
compact_disrupted,compact,disrupted,0.95,6,612006,S0,B0,burst,gamma,556,525,524,32,341,341.0,7201.0,0.7230430069668037,0.22109871138787843,1171.1428333907277,1127.362497421747,3820.967427339911,748.3821708543078,3048.9471061086465,3427.7615092462543,3717.317184459885,1079.7381772067988,26.792648430480117,1048.3107199164458,1188.4485775434862,42.0,126.63706383051709,62.32774674115456,61.32774674115456,1800.0,1387.7094972067039,0.6428057553956834,0.8428057553956835,0.8312771570453136,15,1.9165393695320094,12.0,90.13692542702402,203.0,2.03,0.2532981530343008,12.0,0.3051428571428572,5,2.9375000000000004,100.0,145.0,140.0,1.4,0.0,135.0,0.5274140858804222,106,-114.67178689074444,172.7192089762641,-149.65959942986956,1.2,1.6,0.0,6.0,1
compact_disrupted,compact,disrupted,0.95,6,612006,S3,B1,burst,gamma,556,556,556,0,358,358.0,5841.0,0.9286692037220181,0.00582252358490566,933.8988221328802,771.1916885923449,2240.6883295341086,792.6800385737006,2064.5835089894485,2099.8781767546243,2179.352491517736,727.2207645789234,188.95216535462035,916.4966709407381,956.5610231330606,18.0,17.402151192142252,1.0,0.0,360.0,278.41726618705036,0.6428057553956834,0.8428057553956835,1.3550659472422064,15,17.93461143444026,24.0,69.16518315645327,174.0,1.74,0.1735706949674769,16.0,0.39085714285714296,12,7.250000000000001,100.0,124.28571428571429,140.0,1.4,0.0,135.0,0.4667897129076879,102,-89.36012483230309,15.116716882348669,-107.54767415949777,1.2,1.6,0.0,6.0,1
compact_disrupted,compact,disrupted,0.95,6,612006,S5,B3,burst,gamma,556,556,556,0,343,343.0,6036.0,0.9038869265495223,0.06032998565279771,1088.3358724925927,805.757194309157,2421.6883295341086,985.6800385737006,2258.0214711447616,2279.950993629989,2382.2502067421783,884.0516998307221,189.93863899455772,1074.314079832474,1110.9980734927726,15.0,14.021792660118546,1.0,0.0,180.0,139.20863309352518,0.6428057553956834,0.8428057553956835,0.591501798561151,15,17.446910717243664,24.0,81.3750207056485,187.0,0.0,0.0,5.0,0.1242857142857143,2,1.2083333333333335,0.0,0.0,0.0,0.0,0.0,35.0,0.42007820179666844,38,-93.73574951358819,-6.564995744647149,-115.94707427628919,1.2,1.6,0.0,6.0,1
compact_disrupted,compact,disrupted,0.95,7,612007,S0,B0,burst,gamma,598,517,516,82,338,338.0,7201.0,0.7427620081923552,0.23113875715957383,1257.7601416739756,1217.3218847430028,4241.40250008905,809.7999720927075,3237.6708679949165,3742.6467754379614,4153.046565036885,1167.5498257237316,29.945563264976226,1131.4832678016207,1275.3426695201076,42.0,130.32909028361564,65.40264650283554,64.40264650283554,1800.0,1384.8771266540643,0.6409030100334449,0.8409030100334449,0.8434546313799623,16,2.1140119427857242,11.0,122.67365643660602,249.0,2.49,0.43785585335370086,12.0,0.3085714285714287,4,2.416666666666667,100.0,177.85714285714286,140.0,1.4,0.0,135.0,0.5291739111380052,100,-80.0033617439858,19.674099737849247,146.6056907013358,1.2,1.6,0.0,6.0,1
compact_disrupted,compact,disrupted,0.95,7,612007,S3,B1,burst,gamma,598,598,598,0,372,372.0,6110.0,0.968090391779807,0.0018448875328177109,1066.827610271754,861.7916880036821,2505.4636208241104,1017.4938581606725,2340.622758478416,2385.048079050187,2465.361325146935,861.2439982316203,188.1419530571566,1049.7070215228905,1089.642489688732,18.0,17.120588748863494,1.0,0.0,360.0,272.7090301003345,0.6409030100334449,0.8409030100334449,1.7918060200668897,16,18.362788414334805,24.0,84.22827687776142,202.0,2.02,0.2704958271968581,18.0,0.43028571428571444,12,7.166666666666667,100.0,144.2857142857143,140.0,1.4,0.0,135.0,0.45906060460860365,122,-134.43141329697528,-52.48874612669533,51.514634340192515,1.2,1.6,0.0,6.0,1
compact_disrupted,compact,disrupted,0.95,7,612007,S5,B3,burst,gamma,598,598,598,0,356,356.0,6292.0,0.9438462740472379,0.031822898650985816,1221.4179112750985,888.8011700436824,2686.994030877221,1195.4448440237065,2517.350422210884,2563.8813256599165,2635.73082204123,1016.1302858570382,191.1793978932269,1207.630753984379,1244.2327906920766,15.0,13.787157290719579,1.0,0.0,180.0,136.35451505016724,0.6409030100334449,0.8409030100334449,0.5937848383500558,16,18.121245828698555,24.0,96.51056729699667,221.0,0.0,0.0,5.0,0.1242857142857143,2,1.2083333333333335,0.0,0.0,0.0,0.0,0.0,35.0,0.4145455202317059,38,-135.2695410753654,-59.927846472716055,53.37822939653552,1.2,1.6,0.0,6.0,1
compact_disrupted,compact,disrupted,0.95,8,612008,S0,B0,burst,gamma,534,508,506,28,316,316.0,7201.0,0.7622934855297899,0.210261754428983,1267.3826126593883,1120.3788075959767,3785.8008746335236,726.0870956540809,3100.2660975931717,3437.9503451178116,3725.672805020404,1159.1522668156288,33.53514589642075,1139.7917743038402,1281.9657787138146,42.0,131.0387470571735,65.41811175337187,64.41811175337187,1800.0,1342.1965317919075,0.6403370786516854,0.8403370786516855,0.7866490044958254,20,2.3313428690459657,12.0,91.18261352589919,207.0,2.07,0.2638522427440633,12.0,0.30171428571428577,4,2.416666666666667,100.0,147.85714285714286,140.0,1.4,0.0,135.0,0.4883012398293287,103,-59.66224033750109,-139.1535646589582,-134.2653815778665,1.2,1.6,0.0,6.0,1
compact_disrupted,compact,disrupted,0.95,8,612008,S3,B1,burst,gamma,534,534,534,0,325,325.0,5801.0,0.9674592628641787,0.0008180263255744776,1025.8010714619838,786.2078914181585,2229.175233270932,832.2627024632791,2080.4526928624387,2114.8010952381383,2219.0196304956735,800.934030263482,207.0330713548855,1008.4165398206148,1050.163290015794,18.0,17.38453164136917,1.0,0.0,360.0,271.0112359550562,0.6403370786516854,0.8403370786516855,1.8149968789013735,20,19.007238883143742,24.0,73.66942433643571,190.0,1.9,0.22974836263357462,13.0,0.31285714285714294,12,7.083333333333334,100.0,135.71428571428572,140.0,1.4,0.0,135.0,0.43134185718014617,110,-19.014722163298075,-161.3880322539942,-81.06617160428038,1.2,1.6,0.0,6.0,1
compact_disrupted,compact,disrupted,0.95,8,612008,S5,B3,burst,gamma,534,534,534,0,312,312.0,5971.0,0.9457960529069147,0.025372591784805526,1170.6418954320213,813.2935197473712,2403.175233270932,1002.2627024632791,2254.0323624875027,2288.093129981946,2385.895648764888,940.6830939338939,215.50225359473916,1156.6347857308804,1195.0041139858315,15.0,14.007109701140974,1.0,0.0,180.0,135.5056179775281,0.6403370786516854,0.8403370786516855,0.5880930087390763,20,19.224045545880777,24.0,84.06831882116543,200.0,0.0,0.0,5.0,0.11742857142857144,2,1.2083333333333335,0.0,0.0,0.0,0.0,0.0,35.0,0.3920153866364051,37,-20.46737538185107,-180.65028906333293,-86.72782552383728,1.2,1.6,0.0,6.0,1
compact_disrupted,compact,disrupted,0.95,9,612009,S0,B0,burst,gamma,533,497,495,38,312,312.0,7201.0,0.8141714412318195,0.13134009610250935,1242.154588031101,1166.1854996748552,3832.109386906058,766.6436866281817,3157.705907206452,3452.047945739931,3791.682119279499,1145.0127409327838,39.83117220540484,1123.6899855886188,1259.35127232901,42.0,122.19609575213495,59.68958742632613,58.68958742632613,1800.0,1393.320235756385,0.6420825515947467,0.8420825515947468,0.8305910281597905,17,2.714206360227746,12.0,93.09401472017775,207.0,2.07,0.29009859741702543,12.0,0.3051428571428572,7,4.145833333333334,100.0,147.85714285714286,140.0,1.4,0.0,135.0,0.5177086937206685,89,-99.07255412440509,129.148987102335,15.932165438907077,1.2,1.6,0.0,6.0,1
compact_disrupted,compact,disrupted,0.95,9,612009,S3,B1,burst,gamma,533,533,533,0,319,319.0,6567.0,0.9333530314959487,0.005912596401028277,1192.6930975252299,1009.3634992032361,2898.41644237716,1021.3244830828085,2616.7618643189803,2777.8238245248735,2843.6969256435395,945.2278067184756,229.95639759621594,1175.5669435266989,1219.9407019719033,18.0,17.126153998530786,1.0,0.0,360.0,276.2476547842401,0.6420825515947467,0.8420825515947468,1.3132817385866167,17,18.619366626065773,24.0,76.6661084043849,188.0,1.88,0.23751522533495736,20.0,0.48000000000000015,12,7.166666666666667,100.0,134.2857142857143,140.0,1.4,0.0,135.0,0.4773790658927495,92,-85.01951584317408,121.78805504309958,115.43009992682278,1.2,1.6,0.0,6.0,1
compact_disrupted,compact,disrupted,0.95,9,612009,S5,B3,burst,gamma,533,533,533,0,292,292.0,7012.0,0.9147753319524418,0.05517762660619804,1507.0326847672561,1148.4674533242282,3344.41644237716,1466.3244830828085,3063.7618643189803,3216.1057298279125,3287.9369256435402,1251.8675815777628,240.9905689787103,1493.2408897684802,1534.2802892139296,15.0,13.791794998775654,1.0,0.0,180.0,138.12382739212006,0.6420825515947467,0.8420825515947468,0.5958020637898687,17,18.27534578639669,24.0,95.10651646941395,216.0,0.0,0.0,5.0,0.1242857142857143,2,1.2916666666666667,0.0,0.0,0.0,0.0,0.0,35.0,0.43327664882351224,33,-105.11503496885757,137.99755697733553,114.39814154703822,1.2,1.6,0.0,6.0,1
compact_disrupted,compact,disrupted,0.95,10,612010,S0,B0,burst,gamma,527,527,527,0,359,359.0,6704.0,0.7877996971613505,0.156539446889575,978.6826631084443,892.8383873571329,3107.2559837542267,601.9849752126865,2416.6406246623765,2725.8675298721,3013.1240138686812,837.6219420458257,29.01237067983604,866.9303279059275,1001.4391617609817,42.0,111.7523352025169,52.33776091081594,51.33776091081594,1800.0,1366.223908918406,0.6410815939278938,0.841081593927894,0.8055423782416193,13,2.2404175988068604,11.0,65.7952274422073,156.0,1.56,0.07143922445935869,12.0,0.3051428571428572,4,2.2500000000000004,100.0,111.42857142857143,140.0,1.4,0.0,135.0,0.49884321104353524,97,129.06546943348917,443.0227447757992,106.81477953925605,1.2,1.6,0.0,6.0,1
compact_disrupted,compact,disrupted,0.95,10,612010,S3,B1,burst,gamma,527,527,527,0,377,377.0,5390.0,0.9514220380711811,0.004125347084490282,727.1855094082546,577.8945198082183,1778.2559837542267,530.9849752126865,1589.905040070129,1653.277057918753,1740.7396063445979,525.5080900534157,184.14315479664427,709.9472600303258,749.942008060792,18.0,17.238249377928764,1.0,0.0,360.0,273.2447817836812,0.6410815939278938,0.841081593927894,1.4985373181530681,13,17.953069931367093,24.0,51.32127620107587,125.0,1.25,0.0,14.0,0.3411428571428573,12,7.333333333333334,100.0,89.28571428571429,140.0,1.4,19.129999999999967,135.0,0.4478488466281525,95,88.65540100729174,301.9058778052232,54.22785120356559,1.2,1.6,0.0,6.0,1
compact_disrupted,compact,disrupted,0.95,10,612010,S5,B3,burst,gamma,527,527,527,0,364,364.0,5576.0,0.9232946947330232,0.04911848487181461,874.7433841710628,602.5952778000872,1938.2559837542267,703.9849752126865,1771.8233655300817,1823.5515812160145,1912.5434556667951,670.7946175676474,189.76754360820925,860.8581763561223,897.4998828236005,15.0,13.885207814940637,1.0,0.0,180.0,136.6223908918406,0.6410815939278938,0.841081593927894,0.590488614800759,13,17.88398780706473,24.0,63.33853326161019,143.0,0.0,0.0,4.0,0.10628571428571428,2,1.1250000000000002,0.0,0.0,0.0,0.0,0.0,35.0,0.3897220462774398,28,88.69499045010707,310.609151738087,49.29760014274484,1.2,1.6,0.0,6.0,1
compact_disrupted,compact,disrupted,0.95,11,612011,S0,B0,burst,gamma,544,538,538,6,349,349.0,7201.0,0.6829194596604838,0.23250813932059708,1100.5622078847844,1004.5365955301512,3615.54220116019,833.7539022466376,2777.3078834139556,3144.8671375965637,3533.657174886129,984.0081170059685,19.172565006025298,976.3834717755681,1121.2262336911283,42.0,125.88650565508772,62.2389705882353,61.2389705882353,1800.0,1326.8382352941176,0.638455882352941,0.8384558823529412,0.7784160539215687,16,1.3949451465074296,10.0,74.29926399111234,183.0,1.83,0.17997500347174003,12.0,0.3051428571428572,3,1.8125000000000002,100.0,130.71428571428572,140.0,1.4,0.0,135.0,0.4964078376938086,88,123.91009285446921,65.62858673404412,40.52211755087251,1.2,1.6,0.0,6.0,1
compact_disrupted,compact,disrupted,0.95,11,612011,S3,B1,burst,gamma,544,544,544,0,389,389.0,5381.0,0.9027813027340029,0.006593057431090635,688.4860581824391,497.6124595137843,1752.653354409625,686.5949903201129,1399.0015444843416,1613.4003978990722,1687.7810397286912,499.3886317118509,171.601628878912,671.3432017672336,709.377811528245,18.0,17.142856415205664,1.0,0.0,360.0,265.36764705882354,0.638455882352941,0.8384558823529412,1.217218137254902,16,17.294500185804534,24.0,50.4266072092159,129.0,1.29,0.0,19.0,0.43800000000000017,12,7.166666666666669,100.0,92.14285714285715,140.0,1.4,16.68999999999997,135.0,0.41017062331653875,86,60.570832968762375,35.82127942185036,40.27057596211398,1.2,1.6,0.0,6.0,1
compact_disrupted,compact,disrupted,0.95,11,612011,S5,B3,burst,gamma,544,544,544,0,376,376.0,5527.0,0.8810165752029738,0.08093023255813954,815.2158375942039,522.4203260028601,1898.653354409625,837.0532783864755,1547.1015444843415,1759.7847661923004,1835.2954226351217,628.8923081824391,172.1648745559561,801.4101239148658,836.1075909400098,15.0,13.805713679338051,1.0,0.0,180.0,132.68382352941177,0.638455882352941,0.8384558823529412,0.6013327205882353,16,16.894536903039075,24.0,61.839001447178006,144.0,0.0,0.0,5.0,0.13114285714285714,2,1.2083333333333335,0.0,0.0,0.0,0.0,0.0,35.0,0.3653922848379978,38,59.952887709635434,22.562165741696276,38.30852497304022,1.2,1.6,0.0,6.0,1
compact_disrupted,compact,disrupted,0.95,12,612012,S0,B0,burst,gamma,546,502,500,46,328,328.0,7201.0,0.7850681241979783,0.18324898160720898,1269.2603782068188,1129.1315303144445,3959.2436492290753,868.1986150054045,3158.304253072129,3531.475142954519,3916.8515009188336,1169.9724871743906,32.887434845971235,1141.1059803834673,1283.970683680341,42.0,131.5692427566744,66.3112840466926,65.3112840466926,1800.0,1281.7120622568093,0.6365934065934066,0.8365934065934066,0.8229571984435798,19,2.257603110679072,11.0,100.06901819191779,207.0,2.07,0.2923205110401333,12.0,0.3085714285714286,4,2.5000000000000004,100.0,147.85714285714286,140.0,1.4,0.0,135.0,0.489366890568236,118,-31.442006892862764,61.8381814559375,-139.00247434119046,1.2,1.6,0.0,6.0,1
compact_disrupted,compact,disrupted,0.95,12,612012,S3,B1,burst,gamma,546,546,546,0,356,356.0,6212.0,0.957577786823852,0.004990160247399494,1074.6407230834723,855.7092499544866,2639.493920514835,870.4352758837557,2469.081564860357,2555.362506272764,2612.0294705975825,839.9117853545348,217.2118854987665,1057.5412532708838,1099.5938673159444,18.0,17.099469812588822,1.0,0.0,360.0,259.7802197802198,0.6365934065934066,0.8365934065934066,1.617521367521368,19,19.04442298406567,24.0,73.76661838081442,165.0,1.65,0.1651376146788991,13.0,0.3094285714285715,12,7.333333333333335,100.0,117.85714285714286,140.0,1.4,0.0,135.0,0.44867838745109134,111,54.048722401883424,80.02700446508857,-65.92617960824236,1.2,1.6,0.0,6.0,1
compact_disrupted,compact,disrupted,0.95,12,612012,S5,B3,burst,gamma,546,546,546,0,345,345.0,6368.0,0.9346516259127232,0.04417918638951773,1213.486876929626,875.9141815125074,2790.035635062373,1027.4352758837558,2625.8693520553325,2712.862506272764,2769.032040156733,975.3898073325568,223.90992900232982,1199.717318752469,1238.4400211620982,15.0,13.769558177157354,1.0,0.0,180.0,129.8901098901099,0.6365934065934066,0.8365934065934066,0.5873015873015874,19,19.151986183074268,24.0,83.57403046004082,183.0,0.0,0.0,4.0,0.1062857142857143,2,1.2083333333333335,0.0,0.0,0.0,0.0,0.0,35.0,0.4083968042699415,33,53.13528309552521,75.22424804843035,-65.38884158935412,1.2,1.6,0.0,6.0,1
compact_disrupted,compact,disrupted,0.95,13,612013,S0,B0,burst,gamma,513,513,513,0,340,340.0,6570.0,0.8427545514213804,0.10746788008565311,906.8864152033784,861.6616050625952,2943.721951302364,603.7768893122925,2325.738493007168,2564.9274104477754,2893.639283743813,767.2022046770627,35.91839636016597,803.4246946044799,931.4363645531661,42.0,103.46172059889837,46.72514619883041,45.72514619883041,1800.0,1298.2456140350878,0.6365497076023391,0.8365497076023394,0.8198099415204679,13,2.765332521686197,11.0,59.85572972150358,159.0,1.59,0.11398569471922082,12.0,0.3051428571428572,4,2.416666666666667,100.0,113.57142857142858,140.0,1.4,0.0,135.0,0.5195091279184281,106,80.23299532288638,337.22120670734034,-157.06780581023327,1.2,1.6,0.0,6.0,1
compact_disrupted,compact,disrupted,0.95,13,612013,S3,B1,burst,gamma,513,513,513,0,358,358.0,5705.0,0.9508587403881542,0.0033220083050207625,706.4263762170236,638.3839664802416,2079.721951302364,524.8791598028724,1709.2878141106632,1788.5274104477758,1979.5752181158757,507.64664912150704,181.3026655522961,689.2534082410546,730.9763255668113,18.0,17.172967975968973,1.0,0.0,360.0,259.64912280701753,0.6365497076023391,0.8365497076023394,2.347750162443145,13,16.254118471784086,24.0,45.59411146161935,129.0,1.29,0.0,20.0,0.47657142857142876,12,7.16666666666667,100.0,92.14285714285715,140.0,1.4,16.32999999999997,135.0,0.502233130789651,99,55.181077734881,236.1404764842165,-113.39628878236965,1.2,1.6,0.0,6.0,1
compact_disrupted,compact,disrupted,0.95,13,612013,S5,B3,burst,gamma,513,513,513,0,340,340.0,5891.0,0.9248824275861869,0.04971726518322685,848.1086374256007,665.789619800841,2242.721951302364,691.7768893122925,1878.2006994332833,1960.362079485502,2107.5752181158755,646.020918127355,187.9528190843533,834.2778307789598,872.6585867753884,15.0,13.83080664664081,1.0,0.0,180.0,129.82456140350877,0.6365497076023391,0.8365497076023394,0.5925519818063678,13,16.320264765784113,24.0,56.20264765784114,150.0,0.0,0.0,5.0,0.12771428571428572,2,1.2083333333333335,0.0,0.0,0.0,0.0,0.0,35.0,0.43974786363263574,31,49.16078640585624,232.88114585541314,-118.80991107339139,1.2,1.6,0.0,6.0,1
compact_disrupted,compact,disrupted,0.95,14,612014,S0,B0,burst,gamma,560,560,560,0,395,395.0,6682.0,0.8327159937909591,0.11871398638030382,787.3640960346631,894.4860258422387,3077.035246770726,305.50687311142747,2453.2697812322467,2705.752907240139,2969.022510389068,655.671238891806,39.03582752924896,694.9856378496264,810.0734507796194,42.0,92.37845818503676,39.03392857142857,38.03392857142857,1800.0,1446.4285714285713,0.6464285714285715,0.8464285714285714,0.8594494047619049,13,3.2308843333832113,12.0,54.90004489001945,154.0,1.54,0.08813407152476432,12.0,0.3085714285714287,6,3.291666666666667,100.0,110.0,140.0,1.4,0.0,135.0,0.5867910347271039,133,110.78831467487396,142.4370713043677,-19.37828403200683,1.2,1.6,0.0,6.0,1
compact_disrupted,compact,disrupted,0.95,14,612014,S3,B1,burst,gamma,560,560,560,0,397,397.0,5726.0,0.9591401053756337,0.004600648616034392,665.5480246060918,704.0595129313757,2130.318543989971,295.96182109922233,2003.1120377302263,2080.1980592807186,2114.1198079044543,479.7265960346632,168.3403163900863,648.345483853321,688.257379351048,18.0,17.202540752770858,1.0,0.0,360.0,289.2857142857143,0.6464285714285715,0.8464285714285714,2.5909970238095243,13,16.4117338920901,24.0,46.86013619696176,141.0,1.41,0.002968395320412083,14.0,0.3377142857142858,12,7.16666666666667,100.0,100.71428571428572,140.0,1.4,7.3299999999999415,135.0,0.5652588177692077,149,73.57844454500389,126.41800588380681,-14.106988628599652,1.2,1.6,0.0,6.0,1
compact_disrupted,compact,disrupted,0.95,14,612014,S5,B3,burst,gamma,560,560,560,0,376,376.0,5924.0,0.9305750517470752,0.046977901361042004,827.4873103203773,734.3364171948258,2329.318543989971,505.00687311142747,2201.3178145433453,2274.5860598409404,2311.7695105219386,636.0623103203775,177.29097794411953,813.6318596930683,850.1966650653337,15.0,13.855450627309047,1.0,0.0,180.0,144.64285714285714,0.6464285714285715,0.8464285714285714,0.5918154761904763,13,16.707679324894514,24.0,60.07021097046413,158.0,0.0,0.0,5.0,0.12771428571428572,2,1.1250000000000002,0.0,0.0,0.0,0.0,0.0,35.0,0.4808813910104901,35,67.98779519435448,121.54099653801245,-17.81164950934533,1.2,1.6,0.0,6.0,1
compact_disrupted,compact,disrupted,0.95,15,612015,S0,B0,burst,gamma,555,547,545,10,360,360.0,7201.0,0.7530060495151502,0.19009998765584496,1087.6886442905864,1066.1515529305832,3657.2148349947947,546.5735710197641,2888.031833110336,3265.0046840027103,3551.932707783511,979.5256557168123,25.82705930349101,969.4773123692142,1100.6398128795342,42.0,120.44996073012086,58.24324324324324,57.24324324324324,1800.0,1349.1891891891892,0.6399459459459459,0.8399459459459461,0.8251876876876878,18,1.9238994584085545,11.0,75.45618664074433,183.0,1.83,0.19969448687682267,12.0,0.3051428571428572,4,2.416666666666667,100.0,130.71428571428572,140.0,1.4,0.0,135.0,0.5288327215668605,112,123.86667956730685,29.69237054143514,96.59125587092035,1.2,1.6,0.0,6.0,1
compact_disrupted,compact,disrupted,0.95,15,612015,S3,B1,burst,gamma,555,555,555,0,378,378.0,5703.0,0.9356330757182686,0.004161622276029056,804.6986286897853,698.1686423300106,2069.9503072397633,445.10304804481143,1903.5175575088576,1992.0928009330833,2041.290824881759,601.7112413023979,185.30223047216188,787.4026609637489,826.9784966694117,18.0,17.295967726036352,1.0,0.0,360.0,269.8378378378378,0.6399459459459459,0.8399459459459461,1.3269894894894896,18,17.98141654978962,24.0,58.49807152875175,151.0,1.51,0.047335203366058905,12.0,0.28800000000000003,12,7.000000000000002,100.0,107.85714285714286,140.0,1.4,2.549999999999912,135.0,0.48295284581201003,102,99.40335915481114,-53.58422103920884,64.15413123760095,1.2,1.6,0.0,6.0,1
compact_disrupted,compact,disrupted,0.95,15,612015,S5,B3,burst,gamma,555,555,555,0,367,367.0,5887.0,0.9098842331635498,0.06225165562913907,959.7670971582535,727.8039147802338,2254.9503072397633,646.1030480448114,2083.413434859596,2179.333187403847,2226.8174323867865,761.0914214825781,184.35318004812285,945.8337907198901,982.0469651378801,15.0,13.933306438363626,1.0,0.0,180.0,134.9189189189189,0.6399459459459459,0.8399459459459461,0.591554054054054,18,17.329313858695652,24.0,71.69310461956522,166.0,0.0,0.0,5.0,0.13114285714285717,2,1.2083333333333335,0.0,0.0,0.0,0.0,0.0,35.0,0.4259533443219272,35,99.03885090091683,-85.08795935696583,66.28372078385712,1.2,1.6,0.0,6.0,1
compact_disrupted,compact,disrupted,0.95,16,612016,S0,B0,burst,gamma,566,534,534,32,352,352.0,7201.0,0.7596817855354873,0.2156124652884912,1182.366577102069,1112.9202980448883,3828.3838579869926,651.5787440918937,3028.826452743538,3461.978802230694,3760.3930947839517,1087.7013839212075,27.230904566559012,1057.2716389719985,1205.4202163054442,42.0,128.6967510577451,64.2014652014652,63.201465201465204,1800.0,1387.9120879120878,0.642226148409894,0.8422261484098941,0.7897588522588523,15,1.9830579086238023,12.0,92.69573670323567,202.0,2.02,0.26079711151228996,12.0,0.3120000000000001,3,1.8958333333333337,100.0,144.2857142857143,140.0,1.4,0.0,135.0,0.5121783984784329,102,193.31330054898172,-135.81202770370078,263.2713924622062,1.2,1.6,0.0,6.0,1
compact_disrupted,compact,disrupted,0.95,16,612016,S3,B1,burst,gamma,566,566,566,0,372,372.0,5809.0,0.9684001310102526,0.001191983908217239,902.4933297578274,731.7391840825713,2165.0129976021826,639.8296822417133,2059.9443687024523,2115.3446822916285,2154.695880743311,694.2795488390996,190.7809283441038,885.3784983846168,925.4594692605671,18.0,17.114831373210666,1.0,0.0,360.0,276.678445229682,0.642226148409894,0.8422261484098941,1.573836866902238,15,18.537177280550775,24.0,67.58485370051635,168.0,1.68,0.19931153184165232,15.0,0.3797142857142858,12,7.500000000000001,100.0,120.00000000000001,140.0,1.4,0.0,135.0,0.4562672128804055,116,135.91411114425932,-56.645158867254736,129.5282582815953,1.2,1.6,0.0,6.0,1
compact_disrupted,compact,disrupted,0.95,16,612016,S5,B3,burst,gamma,566,566,566,0,359,359.0,5986.0,0.9435855806148827,0.030705574912891987,1052.0852025493468,760.1879574695174,2341.325185385088,826.9164501966685,2239.181098290298,2293.4915653280614,2332.995880743311,840.5463332913963,197.43848857886155,1038.3028430716713,1075.0513420520863,15.0,13.782359477675554,1.0,0.0,180.0,138.339222614841,0.642226148409894,0.8422261484098941,0.5909893992932863,15,18.617671621847336,24.0,79.4145648905963,181.0,0.0,0.0,5.0,0.12771428571428572,2,1.2083333333333335,0.0,0.0,0.0,0.0,0.0,35.0,0.4086033385770955,30,140.460080026862,-71.62525261926135,135.25362060043597,1.2,1.6,0.0,6.0,1
compact_disrupted,compact,disrupted,0.95,17,612017,S0,B0,burst,gamma,524,524,524,0,365,365.0,6367.0,0.8072418110536249,0.13664809848015955,844.769721939705,772.9216166663743,2767.579940531885,489.7827267611559,2089.7760775027846,2423.7301239931394,2673.9372698687744,714.9357524740561,24.67658955525966,739.8413496629034,867.170682196443,42.0,104.92837227680141,47.87022900763359,46.87022900763359,1800.0,1284.7328244274809,0.6356488549618319,0.8356488549618323,0.8301526717557252,10,1.9891645728643217,12.0,58.790201005025125,147.0,1.47,0.04396984924623116,12.0,0.30171428571428577,5,2.854166666666667,100.0,105.0,140.0,1.4,6.789999999999992,135.0,0.49881132798644745,109,7.659204329343993,61.466136861599466,82.21553315680683,1.2,1.6,0.0,6.0,1
compact_disrupted,compact,disrupted,0.95,17,612017,S3,B1,burst,gamma,524,524,524,0,377,377.0,5337.0,0.940854694976816,0.003606925296569413,640.0216303366516,522.0129200238259,1690.3119954735034,415.7941374934528,1374.4993147420294,1539.7267635357005,1648.9163543762043,447.8842257564988,174.81845113982232,622.9316845299089,662.4225905933895,18.0,17.08994580674259,1.0,0.0,360.0,256.9465648854962,0.6356488549618319,0.8356488549618323,1.4646151399491094,10,17.112401648557512,24.0,43.91925814911952,121.0,1.21,0.0,20.0,0.4594285714285716,12,7.083333333333336,100.0,86.42857142857143,140.0,1.4,23.00999999999999,135.0,0.45886591317357617,98,4.524668789900716,0.9934820263950996,53.47233010138939,1.2,1.6,0.0,6.0,1
compact_disrupted,compact,disrupted,0.95,17,612017,S5,B3,burst,gamma,524,524,524,0,368,368.0,5490.0,0.915680097864947,0.05780482096887433,776.5960578175676,541.2344394038959,1843.3907107214823,570.7941374934528,1532.9588428871918,1693.8052521646864,1806.9163543762043,588.5998746114606,174.00555406690026,762.8344363119487,798.9970180743055,15.0,13.761621505618827,1.0,0.0,180.0,128.4732824427481,0.6356488549618319,0.8356488549618323,0.5870706106870229,10,16.55691130941541,24.0,56.12383900928793,131.0,0.0,0.0,5.0,0.12085714285714287,2,1.2916666666666667,0.0,0.0,0.0,0.0,0.0,35.0,0.3939175251444187,33,6.511438325749964,-1.4090895056584714,54.94084752964636,1.2,1.6,0.0,6.0,1
compact_disrupted,compact,disrupted,0.95,18,612018,S0,B0,burst,gamma,581,546,545,36,363,363.0,7201.0,0.7465755511125772,0.1910381707541951,1107.935209508827,1076.2098306895828,3837.5107330732194,645.1497331995147,2963.2030708471757,3357.492382953852,3725.0744581347903,1022.610271615366,20.87194170977843,985.9445138559684,1125.1911033023798,42.0,125.51854145592114,61.85304659498208,60.85304659498208,1800.0,1403.225806451613,0.6425301204819276,0.8425301204819277,0.8178016726403824,15,1.5435356200527703,10.0,90.99402860713789,204.0,2.04,0.26496319955561726,12.0,0.3085714285714286,4,2.3333333333333335,100.0,145.71428571428572,140.0,1.4,0.0,135.0,0.5237871832674801,111,-117.14988591533483,83.8654037946169,283.1100187794815,1.2,1.6,0.0,6.0,1
compact_disrupted,compact,disrupted,0.95,18,612018,S3,B1,burst,gamma,581,581,581,0,397,397.0,6160.0,0.9260209012602162,0.005872364511107966,862.5457625281858,791.1609731054289,2559.1352618724686,641.0863211747096,2193.361589990941,2385.84578419138,2493.7415305099034,653.4476558156214,191.5747114237932,845.3321779106709,885.0730937130601,18.0,17.213584617514897,1.0,0.0,360.0,277.5903614457831,0.6425301204819276,0.8425301204819277,1.3188826735513486,15,18.020126602824217,24.0,61.57377049180328,159.0,1.59,0.09089433533517287,21.0,0.5082857142857145,12,7.166666666666667,100.0,113.57142857142858,140.0,1.4,0.0,135.0,0.5040062227165854,108,-74.21254492526691,136.35814560481606,188.9478532775429,1.2,1.6,0.0,6.0,1
compact_disrupted,compact,disrupted,0.95,18,612018,S5,B3,burst,gamma,581,581,581,0,383,383.0,6316.0,0.9038936062439157,0.06519337016574586,999.9158141632978,811.5458554284905,2718.6490302838947,805.0863211747096,2358.697098840973,2541.494047475473,2643.6714813972535,790.7402547829191,195.00109486119314,986.0511603153686,1022.4431453481719,15.0,13.864653847929079,1.0,0.0,180.0,138.79518072289156,0.6425301204819276,0.8425301204819277,0.5993617326448653,15,17.888712996675636,24.0,72.68054456229223,174.0,0.0,0.0,5.0,0.12771428571428572,3,1.729166666666667,0.0,0.0,0.0,0.0,0.0,35.0,0.44948441531327976,36,-76.529696011939,131.19248174601125,198.51791770460204,1.2,1.6,0.0,6.0,1
compact_disrupted,compact,disrupted,0.95,19,612019,S0,B0,burst,gamma,553,551,550,3,352,352.0,7201.0,0.7550266294087025,0.17399064500246184,1062.1701325320128,1040.1476534971202,3604.7655570739757,654.8616627939855,2764.585252276676,3126.7410236710502,3484.2285954896224,926.8924254230337,31.1270747517176,949.6384051058715,1079.8357275321775,42.0,113.15580604046475,53.47377938517179,52.47377938517179,1800.0,1428.9330922242314,0.645262206148282,0.8452622061482821,0.8485910186859555,19,2.343424524371615,12.0,71.14081377586446,187.0,1.87,0.19983335647826692,12.0,0.3120000000000001,4,2.3333333333333335,100.0,133.57142857142858,140.0,1.4,0.0,135.0,0.5311589961696694,117,-59.93754081207862,239.76207239656242,185.455785260938,1.2,1.6,0.0,6.0,1
compact_disrupted,compact,disrupted,0.95,19,612019,S3,B1,burst,gamma,553,553,553,0,377,377.0,5730.0,0.9264347071668574,0.003920681595415819,762.9141252422019,694.3589393818071,2127.2344904063216,550.8616627939855,1870.6551579547354,1897.6787727300095,2073.18285719461,573.6356442295437,171.73240190619197,745.780342699931,785.133480614994,18.0,17.133782542270993,1.0,0.0,360.0,285.7866184448463,0.645262206148282,0.8452622061482821,2.6285036166365283,19,16.5213749781888,24.0,55.301692549293314,151.0,1.51,0.03943465363810853,21.0,0.5185714285714288,12,7.333333333333335,100.0,107.85714285714286,140.0,1.4,2.789999999999978,135.0,0.5048340802443905,134,-32.74207254468536,151.44240342127762,130.10600184322004,1.2,1.6,0.0,6.0,1
compact_disrupted,compact,disrupted,0.95,19,612019,S5,B3,burst,gamma,553,553,553,0,366,366.0,5880.0,0.9055423038657253,0.056304812440120866,890.1112319329794,720.083601965262,2285.442940520928,702.5011193537528,2025.3587547900881,2049.016965783554,2228.38285719461,704.0063494736667,171.8944337765584,876.3130798144205,912.3305873057716,15.0,13.798152118559159,1.0,0.0,180.0,142.89330922242314,0.645262206148282,0.8452622061482821,0.5933921036769139,19,16.115796633225642,24.0,66.15014453324265,163.0,0.0,0.0,4.0,0.1062857142857143,2,1.2916666666666667,0.0,0.0,0.0,0.0,0.0,35.0,0.45198167429667846,34,-29.195540709479587,144.96088372146494,142.13549952271774,1.2,1.6,0.0,6.0,1
compact_moderate,compact,moderate,0.7,0,610000,S0,B0,poisson,gamma,336,336,336,0,332,332.0,3654.0,0.7241877187483162,0.01823985408116735,53.86448369406738,21.88224115489636,141.3739751726804,46.977086496567836,87.0700764115926,97.041845861909,119.1014177623868,1.6680551226388054,14.772077255617669,17.047275235399336,77.49757398000573,42.0,36.81720845866804,1.0148809523809523,0.01488095238095238,1800.0,1360.7142857142858,0.6407142857142857,0.8407142857142857,0.7605406746031746,17,1.3110807113543093,9.0,0.10642954856361149,3.0,0.03,0.0,10.0,0.2451428571428572,3,1.729166666666667,100.0,2.142857142857143,140.0,1.4,97.99,135.0,0.21287948613066332,67,3.1341425143506,17.282183425733265,-0.3425951585419895,1.2,1.6,0.0,6.0,1
compact_moderate,compact,moderate,0.7,0,610000,S3,B1,poisson,gamma,336,336,336,0,333,333.0,3629.0,0.7291752374724781,0.02102846648301194,34.93293607501976,22.03795283234466,113.137531662377,26.67531563012676,69.1247793598236,83.357309927183,104.67227859325072,2.608531313114996,14.7005628714552,17.916237041713046,58.5660263609581,18.0,17.01669903330671,1.0,0.0,360.0,272.14285714285717,0.6407142857142857,0.8407142857142857,0.8742559523809523,17,1.3146005509641874,9.0,0.19421487603305784,5.0,0.05,0.0,6.0,0.14914285714285716,5,2.854166666666667,100.0,3.5714285714285716,140.0,1.4,96.89,135.0,0.32192617731262874,45,-0.8177032608749926,5.745120488670324,0.707973023276196,1.2,1.6,0.0,6.0,1
compact_moderate,compact,moderate,0.7,0,610000,S5,B3,poisson,gamma,336,336,336,0,321,321.0,3747.0,0.7062182796224908,0.2505336179295624,130.9894836940674,44.217927712900774,217.93929988805576,137.83470940865783,181.3580600082455,193.55664787310695,215.0316480432943,105.8555551226388,10.826203186530112,117.28890116631179,154.62257398000574,15.0,13.700582527755593,1.0,0.0,180.0,136.07142857142858,0.6407142857142857,0.8407142857142857,0.646577380952381,17,0.9282283884738527,10.0,9.443970117395944,22.0,0.0,0.0,5.0,0.12085714285714287,2,1.2916666666666667,0.0,0.0,0.0,0.0,0.0,35.0,0.17766115802906812,22,-7.019590053327818,12.171693915243765,-7.8596406130874215,1.2,1.6,0.0,6.0,1
compact_moderate,compact,moderate,0.7,1,610001,S0,B0,poisson,gamma,318,318,318,0,314,314.0,3646.0,0.5989535580449031,0.023032629558541268,44.51394587606444,12.214513769707379,104.86456915586018,41.87901782589728,60.33213461892642,70.78505191582241,83.19895925902634,1.3095433603411706,5.454771521408344,7.1794092213721665,65.12133857596785,42.0,37.33453665469227,1.0,0.0,1800.0,1369.811320754717,0.6413207547169811,0.8413207547169814,0.6943134171907758,11,0.43186180422264875,7.0,0.07238826432684398,2.0,0.02,0.0,11.0,0.28028571428571436,2,1.375,100.0,1.58,140.0,1.4,98.42,135.0,0.14370026999511265,62,5.516462628627778,24.354622913858783,0.628755002614831,1.2,1.6,0.0,6.0,1
compact_moderate,compact,moderate,0.7,1,610001,S3,B1,poisson,gamma,318,318,318,0,316,316.0,3621.0,0.6030876935918723,0.023283637032946808,24.62086411505815,10.688523752124922,68.57353458942953,21.3411362464185,36.359055519070985,47.307035392593875,65.78812449853214,1.4604867565675856,5.497624452571227,7.373205548761462,45.22825681496156,18.0,17.24765856629669,1.0,0.0,360.0,273.9622641509434,0.6413207547169811,0.8413207547169814,0.7051886792452831,11,0.43926007730535616,6.0,0.08614025400331309,2.0,0.02,0.0,7.0,0.17742857142857146,2,1.375,100.0,1.58,140.0,1.4,98.42,135.0,0.2094655450833509,36,4.304198477684373,13.152896916016267,0.8623346246093639,1.2,1.6,0.0,6.0,1
compact_moderate,compact,moderate,0.7,1,610001,S5,B3,poisson,gamma,318,318,318,0,304,304.0,3737.0,0.5843722916505515,0.3326199393615124,105.26866285719652,42.305918749544716,184.02095632437886,116.95552850109686,147.8275871060156,157.18582307958815,177.61293038731975,88.05797103329715,2.902548679029488,91.37561405194927,125.87605555709993,15.0,13.89304880524724,1.0,0.0,180.0,136.9811320754717,0.6413207547169811,0.8413207547169814,0.6784591194968554,11,0.20626003210272872,6.0,7.450508293204923,19.0,0.0,0.0,4.0,0.10285714285714287,2,1.375,0.0,0.0,0.0,0.0,0.0,35.0,0.22464874472643448,20,-0.5825939751458264,-21.131892727996686,5.173882977468907,1.2,1.6,0.0,6.0,1
compact_moderate,compact,moderate,0.7,2,610002,S0,B0,poisson,gamma,308,308,308,0,303,303.0,3728.0,0.6356247594057116,0.01966568338249754,44.39756818134536,13.335521412428575,105.51116590645051,40.546351700597654,61.7462246354316,73.0934378626684,89.62284577166943,1.3228928566700422,5.423674678842542,7.21410000304505,67.48436747833141,42.0,37.183468178300316,1.0,0.0,1800.0,1285.7142857142858,0.6357142857142857,0.8357142857142859,0.702245670995671,12,0.4068114776079378,6.0,0.06784660766961652,3.0,0.03,0.0,8.0,0.20228571428571432,3,1.8125000000000002,100.0,2.142857142857143,140.0,1.4,98.35,135.0,0.14989489401348344,63,4.583497730340888,28.136004019762318,3.097073316968441,1.2,1.6,0.0,6.0,1
compact_moderate,compact,moderate,0.7,2,610002,S3,B1,poisson,gamma,308,308,308,0,304,304.0,3710.0,0.6387078221029099,0.01895266325339082,24.780685064462247,11.361173141515314,78.26639105723598,20.547911117620117,39.82745595846902,50.59499587851168,66.77202290716069,1.3228928566700422,5.807344806702468,7.59777013090497,47.86748436144828,18.0,17.18291493355728,1.0,0.0,360.0,257.14285714285717,0.6357142857142857,0.8357142857142859,0.702245670995671,12,0.4397736459175424,6.0,0.06817569388305039,3.0,0.03,0.0,5.0,0.12771428571428572,3,1.8125000000000002,100.0,2.142857142857143,140.0,1.4,98.35,135.0,0.2180811075015736,35,2.461127827209559,10.590549474307785,2.4824899836351086,1.2,1.6,0.0,6.0,1
compact_moderate,compact,moderate,0.7,2,610002,S5,B3,poisson,gamma,308,308,308,0,292,292.0,3800.0,0.6235845113980265,0.2932561606594756,111.03068506446225,40.936307020351876,185.26639105723598,122.55164481063844,152.60795350774805,158.92022267232053,175.81400837920236,93.39107467485186,3.3329821441135214,97.19158928649784,134.11748436144828,15.0,13.839095777964397,1.0,0.0,180.0,128.57142857142858,0.6357142857142857,0.8357142857142859,0.685064935064935,12,0.23230728755590635,4.0,7.526966587740068,19.0,0.0,0.0,4.0,0.10285714285714287,3,1.8958333333333337,0.0,0.0,0.0,0.0,0.0,35.0,0.20027841908115707,24,-2.2743981921641847,0.09054947430777815,14.015895156048884,1.2,1.6,0.0,6.0,1
compact_moderate,compact,moderate,0.7,3,610003,S0,B0,poisson,gamma,343,343,343,0,335,335.0,3641.0,0.7363931138124997,0.011898224418817499,51.247048019221864,17.71248880522889,116.18254613021986,46.593244461770155,73.38383568064283,89.12099422286208,110.55411702992407,1.3840742582889252,12.611996632884622,14.310939695838277,74.70428172626377,42.0,36.93610832338359,1.0,0.0,1800.0,1311.9533527696792,0.6374635568513118,0.8374635568513119,0.7741132167152577,9,1.14168039538715,10.0,0.0842943437671609,3.0,0.03,0.0,10.0,0.23485714285714288,4,2.2500000000000004,100.0,2.142857142857143,140.0,1.4,97.87,135.0,0.18252842259385793,62,3.2787910820338126,17.770313426392818,1.32769193994028,1.2,1.6,0.0,6.0,1
compact_moderate,compact,moderate,0.7,3,610003,S3,B1,poisson,gamma,343,343,343,0,339,339.0,3621.0,0.7404593375221216,0.01435670900055218,31.984657348667934,17.572405607501462,110.832404335614,25.95355915761047,53.86760426797107,71.07628388259798,91.57689955758768,1.8913628880265345,12.701522088812277,14.907753781503537,55.441891055709846,18.0,17.076903567164397,1.0,0.0,360.0,262.3906705539359,0.6374635568513118,0.8374635568513119,0.8182094266277941,9,1.1548868028713417,9.0,0.13279955825510767,4.0,0.04,0.0,7.0,0.1705714285714286,5,2.854166666666667,100.0,2.857142857142857,140.0,1.4,97.44,135.0,0.27901714629599095,42,1.2218805129281058,8.9592023152817,0.6202089467429985,1.2,1.6,0.0,6.0,1
compact_moderate,compact,moderate,0.7,3,610003,S5,B3,poisson,gamma,343,343,343,0,321,321.0,3743.0,0.7163311219297874,0.19373219373219372,127.9496719259274,43.67062495807482,200.832404335614,139.07649787741184,171.3672316063415,180.67766478413364,193.6628171518031,105.42197513292449,8.462075015701188,114.19891895329043,151.4069056329693,15.0,13.750752972636997,1.0,0.0,180.0,131.19533527696794,0.6374635568513118,0.8374635568513119,0.6301627793974733,9,0.7299679487179487,7.0,9.613247863247864,20.0,0.0,0.0,5.0,0.114,3,1.8125000000000002,0.0,0.0,0.0,0.0,0.0,35.0,0.17413655184001997,27,-4.663411430900425,-13.401481445402041,2.562385817491318,1.2,1.6,0.0,6.0,1
compact_moderate,compact,moderate,0.7,4,610004,S0,B0,poisson,gamma,322,322,322,0,312,312.0,3724.0,0.6554767241321656,0.02621923937360179,47.958420922465685,17.380197433816882,137.0924412534282,43.28440483064594,65.52276313734369,83.46889234639953,117.1546265125605,1.4615265125277934,9.02652286078083,10.823453100016694,70.70672027705245,42.0,37.134967822448985,1.0,0.0,1800.0,1285.7142857142858,0.6357142857142857,0.8357142857142857,0.7172619047619049,9,0.7369127516778523,9.0,0.08402684563758389,3.0,0.03,0.0,9.0,0.2168571428571429,3,1.8958333333333337,100.0,2.142857142857143,140.0,1.4,97.99,135.0,0.1742992091710156,61,-0.9829266509239503,20.59857589460129,2.5748894317377378,1.2,1.6,0.0,6.0,1
compact_moderate,compact,moderate,0.7,4,610004,S3,B1,poisson,gamma,322,322,322,0,314,314.0,3700.0,0.6597273162367784,0.026839592902819058,27.315563779608542,15.650688497120177,111.69607645883343,21.549777356007382,46.57127335272781,57.59298820644379,92.603071119874,1.809352599484315,8.008678386652297,10.153434712844687,50.06386313419532,18.0,17.16212906676385,1.0,0.0,360.0,257.14285714285717,0.6357142857142857,0.8357142857142857,0.7320134575569359,9,0.6525263442312889,8.0,0.1148338286949473,3.0,0.03,0.0,6.0,0.13885714285714287,3,1.8958333333333337,100.0,2.142857142857143,140.0,1.4,97.99,135.0,0.25723977774158246,36,-1.9333398740644512,10.126332927212683,2.18083753089849,1.2,1.6,0.0,6.0,1
compact_moderate,compact,moderate,0.7,4,610004,S5,B3,poisson,gamma,322,322,322,0,301,301.0,3817.0,0.6395104236229222,0.32207089226471103,105.63543955600606,42.64014118425917,196.45027508240173,112.7727220527787,151.03742555806951,165.14261749036382,191.61078748325292,87.48016005290047,3.9981015540943057,91.81366533370284,128.38373891059285,15.0,13.82177422230321,1.0,0.0,180.0,128.57142857142858,0.6357142857142857,0.8357142857142857,0.6793478260869567,9,0.2930853850183342,7.0,7.3365636458878996,20.0,0.0,0.0,4.0,0.09942857142857144,3,1.8958333333333337,0.0,0.0,0.0,0.0,0.0,35.0,0.22836888478848083,21,-10.238467130345029,-8.403166699374324,-6.0997441297736685,1.2,1.6,0.0,6.0,1
compact_moderate,compact,moderate,0.7,5,610005,S0,B0,poisson,gamma,324,324,324,0,316,316.0,3657.0,0.7184571619183054,0.019045015491160926,56.85645042911725,27.146952303125694,148.5272397362005,46.1459557566034,102.20550067672804,118.37621670865367,139.0824979810148,1.3039812933147823,17.55573806591948,19.26712676664167,81.19086059853541,42.0,37.58932366247558,1.0092592592592593,0.009259259259259259,1800.0,1427.7777777777778,0.6451851851851851,0.8451851851851853,0.7058899176954734,11,1.5114816839803171,10.0,0.07217058501913615,2.0,0.02,0.0,10.0,0.2485714285714286,4,2.3333333333333335,100.0,1.58,140.0,1.4,98.42,135.0,0.24486334616575345,68,3.6593848698778473,22.76312805713394,-1.7680041705391005,1.2,1.6,0.0,6.0,1
compact_moderate,compact,moderate,0.7,5,610005,S3,B1,poisson,gamma,324,324,324,0,318,318.0,3627.0,0.7243980976563289,0.017640573318632856,36.20521586121601,25.21375917841183,123.98201996212083,24.7485157342104,74.42641263172932,94.112154536261,116.20205153197888,2.2978084538086097,16.14890097005014,18.854116831266165,60.53962603063418,18.0,17.351099029949854,1.0,0.0,360.0,285.55555555555554,0.6451851851851851,0.8451851851851853,0.8002829218106996,11,1.3977398015435503,8.0,0.1615214994487321,5.0,0.05,0.0,6.0,0.15257142857142858,5,3.020833333333334,100.0,3.5714285714285716,140.0,1.4,96.65,135.0,0.3477321751440654,41,1.220858107821691,9.42015047522169,-1.9498223523572662,1.2,1.6,0.0,6.0,1
compact_moderate,compact,moderate,0.7,5,610005,S5,B3,poisson,gamma,324,324,324,0,307,307.0,3748.0,0.7010179509995096,0.22148128389792834,118.20212944146292,52.739361055144144,226.5272397362005,136.2586191880048,177.30082299004783,190.35474422349887,214.11829649949755,93.86879610812959,9.94667673430105,104.22288024983806,142.5365396108811,15.0,13.979249191624879,1.0,0.0,180.0,142.77777777777777,0.6451851851851851,0.8451851851851853,0.6525205761316873,11,0.8159509202453987,6.0,8.070152040544144,17.0,0.0,0.0,4.0,0.10285714285714287,3,1.8125000000000002,0.0,0.0,0.0,0.0,0.0,35.0,0.2460172167257324,25,-1.645331611309203,5.077747716072423,-16.086800239335176,1.2,1.6,0.0,6.0,1
compact_moderate,compact,moderate,0.7,6,610006,S0,B0,poisson,gamma,330,330,330,0,316,316.0,3720.0,0.6595507257461621,0.022216250111977066,46.55543989053254,15.934199614635219,118.76560470062213,41.80403089233687,63.7799033304538,79.42474755487171,108.24798275710329,1.291803526896181,7.299328103648757,9.0638589032722,68.86624216781863,42.0,37.49158098726035,1.0,0.0,1800.0,1369.090909090909,0.6412727272727272,0.8412727272727273,0.7050505050505051,13,0.6019887127116367,8.0,0.06906745498521903,3.0,0.03,0.0,9.0,0.2168571428571429,3,1.8125000000000002,100.0,2.142857142857143,140.0,1.4,98.23,135.0,0.16705904247414005,72,5.615675959122129,24.253841412346283,-1.8450674733600962,1.2,1.6,0.0,6.0,1
compact_moderate,compact,moderate,0.7,6,610006,S3,B1,poisson,gamma,330,330,330,0,317,317.0,3703.0,0.6625778214096839,0.020518358531317494,26.182712617805272,14.545578568275626,91.46601170441227,20.420864441036485,40.26777387361013,60.899407382777206,82.89202549391632,1.4433186784113325,6.951703386412238,8.867749337550837,48.493514895091344,18.0,17.314963280254435,1.0,0.0,360.0,273.8181818181818,0.6412727272727272,0.8412727272727273,0.7191919191919193,13,0.576133909287257,8.0,0.08288336933045357,3.0,0.03,0.0,7.0,0.15685714285714286,3,1.8125000000000002,100.0,2.142857142857143,140.0,1.4,98.11,135.0,0.24885263518419376,41,3.6955546244406285,12.165465616167939,-1.9689640685681624,1.2,1.6,0.0,6.0,1
compact_moderate,compact,moderate,0.7,6,610006,S5,B3,poisson,gamma,330,330,330,0,304,304.0,3823.0,0.6417856303612629,0.31537656903765693,117.88574292083558,40.53065777296464,213.46601170441227,131.31484890664012,153.29490199511898,167.04989459200556,199.56675827781402,98.84028837538104,4.623591205848579,103.93660685395689,140.19654519812167,15.0,13.949136066878694,1.0,0.0,180.0,136.9090909090909,0.6412727272727272,0.8412727272727273,0.6452020202020202,13,0.35355648535564854,8.0,8.485355648535565,21.0,0.0,0.0,5.0,0.12085714285714287,3,1.8125000000000002,0.0,0.0,0.0,0.0,0.0,35.0,0.18353492788212655,21,4.881398911599376,19.834255425085118,-2.0309911808002,1.2,1.6,0.0,6.0,1
compact_moderate,compact,moderate,0.7,7,610007,S0,B0,poisson,gamma,344,344,344,0,337,337.0,3667.0,0.698940484741845,0.015812431842966195,47.04339719750244,15.595373983940032,117.95050172529864,43.2042906100603,67.41209907006127,76.5848518705953,110.8003069884234,1.2178158021536036,8.542308365439554,10.283379981546643,69.40136549430262,42.0,36.760017215955806,1.0,0.0,1800.0,1287.2093023255813,0.635813953488372,0.8358139534883721,0.7108769379844961,15,0.754907306434024,7.0,0.06652126499454744,3.0,0.03,0.0,12.0,0.2845714285714286,4,2.3333333333333335,100.0,2.142857142857143,140.0,1.4,97.99,135.0,0.1667073726960837,73,3.4954924510608194,17.678516612802106,-3.05249773725091,1.2,1.6,0.0,6.0,1
compact_moderate,compact,moderate,0.7,7,610007,S3,B1,poisson,gamma,344,344,344,0,338,338.0,3649.0,0.702387314529613,0.016986301369863014,26.48525766261872,14.083605585858596,102.95050172529864,21.87746974718212,41.97990403188809,61.000193727847325,82.00542748816774,1.4707227788977897,7.489843120072097,9.483821712923378,48.84322595941891,18.0,17.00143594969534,1.0,0.0,360.0,257.4418604651163,0.635813953488372,0.8358139534883721,0.7302567829457365,15,0.6558904109589041,6.0,0.09068493150684931,3.0,0.03,0.0,9.0,0.2168571428571429,4,2.3333333333333335,100.0,2.142857142857143,140.0,1.4,97.99,135.0,0.2425119151426558,38,0.6569590218731847,6.891729826015311,-2.8649379286384686,1.2,1.6,0.0,6.0,1
compact_moderate,compact,moderate,0.7,7,610007,S5,B3,poisson,gamma,344,344,344,0,327,327.0,3764.0,0.6809332531296381,0.2760513501549358,120.0957227788978,42.139386711266106,217.95050172529864,135.92355975256538,156.76731694889403,173.2407181370509,199.00542748816775,100.76723440680477,5.1173692667267465,106.407859487485,142.45369107569798,15.0,13.687863291412784,1.0,0.0,180.0,128.72093023255815,0.635813953488372,0.8358139534883721,0.6246366279069768,15,0.42231075697211157,6.0,9.160424966799468,19.0,0.0,0.0,4.0,0.10285714285714287,2,1.2916666666666667,0.0,0.0,0.0,0.0,0.0,35.0,0.1848581584405804,26,-4.111552840096607,-11.018726084440601,-11.153523027749912,1.2,1.6,0.0,6.0,1
compact_moderate,compact,moderate,0.7,8,610008,S0,B0,poisson,gamma,310,310,310,0,301,301.0,3673.0,0.737774114846008,0.014334966430774814,54.59412355105101,21.146251278347865,125.44773241017856,47.599016221987426,89.35337356519422,100.84914541380134,114.04478637611764,1.2489622607284259,15.013439419345914,16.572079099429185,80.82556320857586,42.0,38.02204445162182,1.0,0.0,1800.0,1416.774193548387,0.6444516129032257,0.8444516129032259,0.688709677419355,8,1.22591181273816,9.0,0.06287425149700598,3.0,0.03,0.0,9.0,0.22371428571428575,3,1.8125000000000002,100.0,2.142857142857143,140.0,1.4,97.99,135.0,0.20691084489544243,65,-0.9003201999855648,14.467895234928314,1.065928231430732,1.2,1.6,0.0,6.0,1
compact_moderate,compact,moderate,0.7,8,610008,S3,B1,poisson,gamma,310,310,310,0,302,302.0,3647.0,0.7430323733399762,0.013706140350877192,34.83283322847036,21.979361183135307,110.68504387170015,24.78328997360336,73.18347587438302,81.35084001831963,99.47642256183629,2.0941235510510063,14.886727493083729,17.29052846348958,61.06427288599521,18.0,17.54230476498078,1.0,0.0,360.0,283.35483870967744,0.6444516129032257,0.8444516129032259,0.7514784946236559,8,1.2239583333333333,8.0,0.13514254385964913,4.0,0.04,0.0,6.0,0.15600000000000003,4,2.3333333333333335,100.0,2.857142857142857,140.0,1.4,97.44,135.0,0.32332609084038544,32,-3.766034485699848,0.730003497036563,0.8876851262213421,1.2,1.6,0.0,6.0,1
compact_moderate,compact,moderate,0.7,8,610008,S5,B3,poisson,gamma,310,310,310,0,290,290.0,3767.0,0.7193689219597222,0.2248761500353857,127.29412355105102,50.02750539453688,222.44773241017856,137.31714773022009,186.0465989020147,199.68256840781123,213.62779961584437,101.0908977445994,11.754961082946128,113.15553624690037,153.52556320857585,15.0,14.138587304150649,1.0,0.0,180.0,141.67741935483872,0.6444516129032257,0.8444516129032259,0.6279569892473119,8,0.9270169851380042,10.0,8.27547770700637,17.0,0.0,0.0,5.0,0.11742857142857144,2,1.375,0.0,0.0,0.0,0.0,0.0,35.0,0.2102871305119951,25,-5.063177342842721,-19.66341789638483,5.348614646139609,1.2,1.6,0.0,6.0,1
compact_moderate,compact,moderate,0.7,9,610009,S0,B0,poisson,gamma,335,335,335,0,329,329.0,4088.0,0.6566199218605128,0.02160267384038477,47.52990871651521,14.764874756680742,111.42587010513171,43.65295891291407,68.68959507994829,80.6414132067451,93.59855091046508,1.3746848359181911,8.20385290718906,9.90092580280874,71.57395821341942,42.0,37.62898291370647,1.0,0.0,1800.0,1311.044776119403,0.6374029850746269,0.837402985074627,0.7239427860696518,9,0.6329175837613108,9.0,0.07141110295915871,3.0,0.03,0.0,12.0,0.2914285714285714,3,1.8125000000000002,100.0,2.142857142857143,140.0,1.4,97.99,135.0,0.16335126611796036,68,4.382065939025438,15.936341713061111,-4.449532211349528,1.2,1.6,0.0,6.0,1
compact_moderate,compact,moderate,0.7,9,610009,S3,B1,poisson,gamma,335,335,335,0,330,330.0,4059.0,0.6613100641595164,0.02019704433497537,26.60155050755998,12.308723907952572,83.79563450106207,22.328804800717307,44.291406795766086,54.57299800100677,65.55954692967823,1.5179684180077435,7.3873442096908235,9.227700687400066,50.645600004464185,18.0,17.373849820159915,1.0,0.0,360.0,262.2089552238806,0.6374029850746269,0.837402985074627,0.7399875621890547,9,0.5677339901477833,6.0,0.08374384236453201,3.0,0.03,0.0,7.0,0.16714285714285715,3,1.8125000000000002,100.0,2.142857142857143,140.0,1.4,97.99,135.0,0.2304689287567605,45,2.206813057350537,9.226387279131913,-3.3117130700002164,1.2,1.6,0.0,6.0,1
compact_moderate,compact,moderate,0.7,9,610009,S5,B3,poisson,gamma,335,335,335,0,324,324.0,4183.0,0.6417110087207545,0.25987890376035694,120.83438632845551,39.103835571379676,196.9563853947584,134.67864405203022,159.61726843490587,171.82701699855102,184.6001439424795,101.56871468666446,4.945075398622954,106.83617814498892,144.87843582535973,15.0,13.998208183466595,1.0,0.0,180.0,131.1044776119403,0.6374029850746269,0.837402985074627,0.6240671641791046,9,0.3558795411089866,6.0,8.092017208413003,21.0,0.0,0.0,5.0,0.1242857142857143,2,1.2916666666666667,0.0,0.0,0.0,0.0,0.0,35.0,0.17395116604858774,24,2.170586287178807,12.033257240576035,-1.784898065008079,1.2,1.6,0.0,6.0,1
compact_moderate,compact,moderate,0.7,10,610010,S0,B0,poisson,gamma,332,332,332,0,322,322.0,3711.0,0.6710592878732543,0.021821120689655173,44.63495248247632,11.35406364028053,97.18019531501818,42.74384277770946,60.70648870261365,65.01579326518925,73.06824977986913,1.412060916211265,5.42432102068065,7.306261454964212,67.14373630704426,42.0,37.328691027512114,1.0,0.0,1800.0,1143.9759036144578,0.6262650602409638,0.826265060240964,0.6964106425702813,13,0.4404633620689655,4.0,0.07974137931034483,3.0,0.03,0.0,10.0,0.23485714285714288,3,1.8958333333333337,100.0,2.142857142857143,140.0,1.4,98.23,135.0,0.14104444382426462,70,4.350770519740756,17.266952251365318,-0.15230204247465196,1.2,1.6,0.0,6.0,1
compact_moderate,compact,moderate,0.7,10,610010,S3,B1,poisson,gamma,332,332,332,0,324,324.0,3689.0,0.6750601833565095,0.02122854561878952,24.598807904163074,9.094973180561645,59.83927197719322,21.048884693732475,38.2456263337723,42.717618628139455,55.04505436067185,1.412060916211265,5.471714172374335,7.353654606657879,47.107591728731016,18.0,17.245153297505194,1.0,0.0,360.0,228.79518072289156,0.6262650602409638,0.826265060240964,0.6964106425702813,13,0.44661246612466127,4.0,0.08021680216802168,3.0,0.03,0.0,7.0,0.18085714285714288,3,1.8958333333333337,100.0,2.142857142857143,140.0,1.4,98.23,135.0,0.1959871601580001,40,2.03195577093825,9.09685731465645,-0.6316880073869307,1.2,1.6,0.0,6.0,1
compact_moderate,compact,moderate,0.7,10,610010,S5,B3,poisson,gamma,332,332,332,0,313,313.0,3799.0,0.6555189675225053,0.312280701754386,122.72832597645223,29.764217603579507,171.69495908231056,133.66938175527093,148.80500564805845,154.86551339231727,165.15723432232866,105.83073561500645,2.5367497621191584,108.8373648951979,145.23710980102018,15.0,13.890961081254328,1.0,0.0,180.0,114.39759036144578,0.6262650602409638,0.826265060240964,0.6613955823293174,13,0.17868421052631578,4.0,9.20078947368421,20.0,0.0,0.0,5.0,0.11742857142857144,3,1.6458333333333335,0.0,0.0,0.0,0.0,0.0,35.0,0.12379978406856806,27,-1.9713489708092027,8.172806681745058,-8.199816662357662,1.2,1.6,0.0,6.0,1
compact_moderate,compact,moderate,0.7,11,610011,S0,B0,poisson,gamma,341,341,341,0,336,336.0,3659.0,0.6901654357760668,0.021402550091074682,46.028745822902984,11.345400661388974,88.92913505097238,44.332035214467,62.93397999353698,67.77948232190704,75.03995636085234,1.2633499284748324,6.65709186761226,8.5186822652953,68.25166806578044,42.0,37.51006355760768,1.0,0.0,1800.0,1398.8269794721407,0.6432551319648093,0.8432551319648096,0.7173142717497557,17,0.571584699453552,5.0,0.06885245901639345,2.0,0.02,0.0,10.0,0.23142857142857146,4,2.416666666666667,100.0,1.58,140.0,1.4,98.42,135.0,0.13621295208195705,72,3.5826920069177888,17.94182246309208,0.2770146968152005,1.2,1.6,0.0,6.0,1
compact_moderate,compact,moderate,0.7,11,610011,S3,B1,poisson,gamma,341,341,341,0,337,337.0,3635.0,0.6947209832069319,0.017235056839017236,25.386517083900056,9.528883565680358,57.92913505097238,22.105406313315598,38.53061093198724,46.724888006073456,54.8514150940654,1.2633499284748324,6.202042304385146,8.063632702068187,47.609439326777505,18.0,17.322884381831866,1.0,0.0,360.0,279.76539589442814,0.6432551319648093,0.8432551319648096,0.7173142717497557,17,0.5338283828382838,5.0,0.06930693069306931,2.0,0.02,0.0,7.0,0.16371428571428573,4,2.416666666666667,100.0,1.58,140.0,1.4,98.42,135.0,0.1995861883040282,47,0.5142937385195196,8.933717093284578,-0.3843201464150354,1.2,1.6,0.0,6.0,1
compact_moderate,compact,moderate,0.7,11,610011,S5,B3,poisson,gamma,341,341,341,0,322,322.0,3754.0,0.6727045259495085,0.29738126941855303,125.01408306630472,31.338606050453784,184.2500019307049,135.9734536411138,153.12505020567994,159.44861003373012,170.4102793985276,106.58593057363612,3.874175038600529,111.05834608144485,147.23700530918222,15.0,13.955736984859888,1.0,0.0,180.0,139.88269794721407,0.6432551319648093,0.8432551319648096,0.6585410557184752,17,0.30865512649800264,4.0,9.631691078561918,18.0,0.0,0.0,6.0,0.13885714285714287,3,1.8125000000000002,0.0,0.0,0.0,0.0,0.0,35.0,0.12799238878495522,28,-5.510814486588714,6.469431378998863,1.2313285194495052,1.2,1.6,0.0,6.0,1
compact_moderate,compact,moderate,0.7,12,610012,S0,B0,poisson,gamma,344,344,344,0,333,333.0,3666.0,0.7358864491826528,0.017271157167530225,54.20881482077155,25.51215486311504,147.7481405045969,45.15899131279025,94.51532737146931,113.0387312329073,136.7237160858902,2.862884588213409,14.072376927180104,17.284098724695834,77.74220676105747,42.0,36.92471609607571,1.119186046511628,0.11918604651162791,1800.0,1407.5581395348838,0.6438372093023255,0.8438372093023256,0.7185077519379847,10,1.2707935642214345,10.0,0.22170711753476957,7.0,0.07,0.0,12.0,0.30514285714285716,4,2.5000000000000004,100.0,5.0,140.0,1.4,95.43,135.0,0.23411630551224794,71,5.365519249366017,9.658178329305123,-2.2674551094217037,1.2,1.6,0.0,6.0,1
compact_moderate,compact,moderate,0.7,12,610012,S3,B1,poisson,gamma,344,344,344,0,336,336.0,3652.0,0.7387067093218691,0.018432338717036225,34.21753575100411,25.566218062727966,138.90837337135235,23.10669825347111,76.60421162742122,93.69351995328746,128.29266963095935,3.359977611469223,13.51076536081804,17.2195801815896,57.75092769129003,18.0,16.997955569414508,1.0,0.0,360.0,281.51162790697674,0.6438372093023255,0.8438372093023256,0.9875242248062016,10,1.223651793046811,12.0,0.26936764303312344,7.0,0.07,0.0,7.0,0.18085714285714288,7,4.145833333333334,100.0,5.0,140.0,1.4,95.43,135.0,0.3518783277704802,49,1.6357946966326224,2.214301963978599,-3.8940322359988286,1.2,1.6,0.0,6.0,1
compact_moderate,compact,moderate,0.7,12,610012,S5,B3,poisson,gamma,344,344,344,0,320,320.0,3762.0,0.7171128379358988,0.2554699264771016,135.31927993705062,36.004239627736,230.530731929985,136.57060604958224,179.80585649367805,200.91372935185035,225.69814513136785,111.02276830914364,10.262711444092567,121.63431696253852,158.85267187733655,15.0,13.68496297451209,1.0,0.0,180.0,140.75581395348837,0.6438372093023255,0.8438372093023256,0.6311773255813955,10,0.8937018336433696,12.0,10.103640712197715,23.0,0.0,0.0,4.0,0.10285714285714287,3,1.8125000000000002,0.0,0.0,0.0,0.0,0.0,35.0,0.1401853712730421,22,1.6291671059342434,6.425549930513569,-2.8962707382373196,1.2,1.6,0.0,6.0,1
compact_moderate,compact,moderate,0.7,13,610013,S0,B0,poisson,gamma,336,336,336,0,331,331.0,3661.0,0.7392908366271442,0.017658838521754962,63.63010485354084,32.703702472217806,172.68855016851876,50.74059740150415,114.92342980530941,132.8721751996303,161.78834262490966,3.823557234493221,21.595403594914927,25.77610368655101,87.80227488683195,42.0,37.85400116698983,1.2738095238095237,0.27380952380952384,1800.0,1307.142857142857,0.6371428571428571,0.8371428571428572,0.7168898809523812,10,1.9355543418896777,10.0,0.3022938285090115,7.0,0.07,0.0,10.0,0.24171428571428574,3,1.8125000000000002,100.0,5.0,140.0,1.4,95.43,135.0,0.27269870188390466,71,-0.8304348330936548,8.13964526244932,3.2717598813560116,1.2,1.6,0.0,6.0,1
compact_moderate,compact,moderate,0.7,13,610013,S3,B1,poisson,gamma,336,336,336,0,334,334.0,3637.0,0.7441679614427164,0.015118196811434854,43.73427152020751,33.388235310853176,155.7119106234884,28.25320024749641,97.42783761375642,119.55306962827643,141.38367562202166,5.130104853540841,20.946890656324086,26.43413836700778,67.90644155349862,18.0,17.300133153199724,1.0,0.0,360.0,261.42857142857144,0.6371428571428571,0.8371428571428572,1.2087053571428572,10,1.8892248488180319,12.0,0.42495876855415066,10.0,0.1,0.0,10.0,0.2382857142857143,10,5.791666666666667,100.0,7.142857142857143,140.0,1.4,93.66,135.0,0.3908211607968688,49,-2.1199085173041823,-3.585354737550688,2.928345171357563,1.2,1.6,0.0,6.0,1
compact_moderate,compact,moderate,0.7,13,610013,S5,B3,poisson,gamma,336,336,336,0,319,319.0,3756.0,0.7205970305372911,0.23964155798065834,135.5795096154456,51.478117195124845,258.3309183540541,137.97630896572485,202.77154873063353,222.07071650377054,244.22966001709472,103.23129532973131,18.054293800904993,121.64273198777917,159.75167964873674,15.0,13.936777627666439,1.0,0.0,180.0,130.71428571428572,0.6371428571428571,0.8371428571428572,0.615575396825397,10,1.5722651051370775,12.0,9.184988022358265,23.0,0.0,0.0,5.0,0.1242857142857143,2,1.2916666666666667,0.0,0.0,0.0,0.0,0.0,35.0,0.21355147408260566,21,-8.328538199618066,-2.241604737550716,10.154904026901079,1.2,1.6,0.0,6.0,1
compact_moderate,compact,moderate,0.7,14,610014,S0,B0,poisson,gamma,328,328,328,0,323,323.0,3668.0,0.7107879789960225,0.016353229762878167,49.47059473186564,15.552198789946171,109.58270720707424,44.83594917684866,73.14099611362603,79.0287886682253,90.04858038473137,1.2571800977192922,10.65709819229559,12.243546582697805,73.32316572213763,42.0,37.22704814916782,1.0,0.0,1800.0,1366.4634146341464,0.6410975609756097,0.84109756097561,0.7207825203252033,9,0.9076042518397384,7.0,0.0681384573453257,3.0,0.03,0.0,8.0,0.19885714285714287,3,1.8125000000000002,100.0,2.142857142857143,140.0,1.4,97.99,135.0,0.1724182160706147,64,4.732365321381117,13.887999190651023,4.977868139225315,1.2,1.6,0.0,6.0,1
compact_moderate,compact,moderate,0.7,14,610014,S3,B1,poisson,gamma,328,328,328,0,324,324.0,3648.0,0.7146837749894236,0.018452544076002556,29.08949717089002,13.782850531837106,73.58270720707424,23.25469743454613,52.43793797513274,58.36688784630505,65.25159248923299,1.309009366011975,10.249627448266056,11.887905106960954,52.94206816116202,18.0,17.20159206392907,1.0,0.0,360.0,273.2926829268293,0.6410975609756097,0.84109756097561,0.7242123983739838,9,0.8764044943820225,6.0,0.07317073170731707,3.0,0.03,0.0,6.0,0.14914285714285716,3,1.8125000000000002,100.0,2.142857142857143,140.0,1.4,97.99,135.0,0.2519897603782235,31,1.2286081079464815,3.98945505962282,4.569372019844717,1.2,1.6,0.0,6.0,1
compact_moderate,compact,moderate,0.7,14,610014,S5,B3,poisson,gamma,328,328,328,0,311,311.0,3765.0,0.6924803757133315,0.26040007080899275,119.87608253674368,42.34414332112833,184.2073901458989,135.97850262223005,162.48430403740713,168.96661851988594,179.28051325134507,100.21144839040221,5.480705800384321,106.02142248346946,143.72865352701567,15.0,13.854660053274223,1.0,0.0,180.0,136.64634146341464,0.6410975609756097,0.84109756097561,0.659933943089431,9,0.43388210302708446,6.0,8.684811471056824,18.0,0.0,0.0,5.0,0.12771428571428572,2,1.2916666666666667,0.0,0.0,0.0,0.0,0.0,35.0,0.1872911340177117,22,-4.88132671166575,0.5563340405145567,9.645972072336207,1.2,1.6,0.0,6.0,1
compact_moderate,compact,moderate,0.7,15,610015,S0,B0,poisson,gamma,333,333,333,0,332,332.0,3691.0,0.722070894694617,0.013542795232936078,48.209074419331095,18.055449950532207,120.38356503160003,43.59698563422978,68.85698037960601,94.44028919465929,111.6158794496406,1.3652305754872516,9.846598847515997,11.500117711291534,72.22606309692145,42.0,36.708956708039565,1.0,0.0,1800.0,1329.7297297297298,0.6386486486486486,0.8386486486486487,0.6995120120120121,8,0.8393824485373781,9.0,0.07611050920910076,3.0,0.03,0.0,9.0,0.2168571428571429,3,1.729166666666667,100.0,2.142857142857143,140.0,1.4,98.11,135.0,0.18249193460615554,68,1.7045816732991028,22.409982944904492,0.2613493931849291,1.2,1.6,0.0,6.0,1
compact_moderate,compact,moderate,0.7,15,610015,S3,B1,poisson,gamma,333,333,333,0,332,332.0,3661.0,0.7279862761366813,0.01592936464591298,28.26012547038215,16.457194666260634,97.58849498622976,22.631683526253255,45.73391639455568,67.99782214605102,92.02300157226087,1.602467812724489,9.389816494495275,11.280572595508048,52.2771141479725,18.0,16.979552874874102,1.0,0.0,360.0,265.94594594594594,0.6386486486486486,0.8386486486486487,0.7145270270270271,8,0.8091206990715456,7.0,0.09830693610049153,3.0,0.03,0.0,7.0,0.16714285714285715,3,1.8125000000000002,100.0,2.142857142857143,140.0,1.4,97.99,135.0,0.26897235663608243,30,-0.8733525990013682,13.181809570291488,0.7396952578465807,1.2,1.6,0.0,6.0,1
compact_moderate,compact,moderate,0.7,15,610015,S5,B3,poisson,gamma,333,333,333,0,327,327.0,3718.0,0.7168286483496981,0.23160347763735772,132.24511045536715,34.511253745685956,215.58849498622976,137.00564276155228,162.32611525521384,184.81683875799726,202.42634536510036,111.02589123614793,7.261303535202519,118.57548305963871,156.26209913295747,15.0,13.669627395728412,1.0,0.0,180.0,132.97297297297297,0.6386486486486486,0.8386486486486487,0.6268143143143143,8,0.608228018284485,8.0,9.894595321322937,20.0,0.0,0.0,5.0,0.1242857142857143,2,1.2083333333333335,0.0,0.0,0.0,0.0,0.0,35.0,0.1283677511609742,25,3.532750687383583,10.516794090415317,8.313529844312711,1.2,1.6,0.0,6.0,1
compact_moderate,compact,moderate,0.7,16,610016,S0,B0,poisson,gamma,356,356,356,0,348,348.0,3694.0,0.7030717644433904,0.017952187640956248,49.959318899719506,16.263354520839748,117.21217205009611,45.08629067437323,71.95070649740114,82.12500551007506,103.80475864435462,1.5969593491577079,11.047688723669923,13.150266050355716,71.8513147111099,42.0,36.80905284936379,1.0140449438202248,0.014044943820224719,1800.0,1253.9325842696628,0.6335955056179775,0.8335955056179777,0.7535112359550562,15,1.0189445196211095,8.0,0.10663058186738836,4.0,0.04,0.0,11.0,0.25971428571428573,4,2.166666666666667,100.0,2.857142857142857,140.0,1.4,97.68,135.0,0.17289669631864113,78,2.0381203024771253,26.6863054817578,0.9018676434660762,1.2,1.6,0.0,6.0,1
compact_moderate,compact,moderate,0.7,16,610016,S3,B1,poisson,gamma,356,356,356,0,352,352.0,3673.0,0.7070904108923046,0.017691888949373978,29.582914405337483,13.678730072259263,92.42283169281995,25.37772066326238,47.38869138881944,54.18776618331134,75.59466056774333,1.7008919334273709,10.362681202600104,12.569191113555569,51.474910216727864,18.0,17.01372329178191,1.0,0.0,360.0,250.7865168539326,0.6335955056179775,0.8335955056179777,0.8004447565543072,15,0.9553620032661949,8.0,0.11731083287969515,4.0,0.04,0.0,7.0,0.16028571428571428,4,2.3333333333333335,100.0,2.857142857142857,140.0,1.4,97.68,135.0,0.24303959256542917,47,-0.50542443891365,6.895719506733773,1.532525049377874,1.2,1.6,0.0,6.0,1
compact_moderate,compact,moderate,0.7,16,610016,S5,B3,poisson,gamma,356,356,356,0,340,340.0,3793.0,0.6847259276801075,0.24266385520998068,124.99864474241613,39.547328380608974,192.83864482945,138.31130625136547,159.13857626720744,162.88148831495505,174.99437184188398,106.06606047275322,4.7288635489832345,111.30054199926455,146.89064055380655,15.0,13.698102743151594,1.0,0.0,180.0,125.3932584269663,0.6335955056179775,0.8335955056179777,0.6279260299625469,15,0.39615181866104376,5.0,9.906431207169215,24.0,0.0,0.0,5.0,0.11742857142857144,2,1.2916666666666667,0.0,0.0,0.0,0.0,0.0,35.0,0.15736083480195107,18,-12.99724733480518,-0.48436374654831127,5.75581692468073,1.2,1.6,0.0,6.0,1
compact_moderate,compact,moderate,0.7,17,610017,S0,B0,poisson,gamma,324,324,324,0,318,318.0,3688.0,0.6634873842465745,0.021053582723411946,46.6667583080725,13.787031383698368,95.58192057543738,42.88368484535329,66.48285279333834,77.17434063090595,88.53476555772342,1.305647196961394,6.9373719659550845,8.539315459212775,69.32976720145783,42.0,38.12744284885973,1.0,0.0,1800.0,1377.7777777777778,0.6418518518518518,0.8418518518518519,0.693672839506173,8,0.5641095147736513,7.0,0.06939550013553808,3.0,0.03,0.0,9.0,0.20657142857142857,3,1.8958333333333337,100.0,2.142857142857143,140.0,1.4,97.87,135.0,0.15710428557222267,68,4.43296281713841,21.19358566248099,0.4107672939501583,1.2,1.6,0.0,6.0,1
compact_moderate,compact,moderate,0.7,17,610017,S3,B1,poisson,gamma,324,324,324,0,320,320.0,3669.0,0.6669223325573878,0.02125340599455041,25.376634851282386,10.238599904901216,64.26628669937713,21.930936965820763,41.252180254827586,47.07359360437023,57.83551702349985,1.305647196961394,6.18721585137052,7.789159344628211,48.03964374466769,18.0,17.587475506654172,1.0,0.0,360.0,275.55555555555554,0.6418518518518518,0.8418518518518519,0.693672839506173,8,0.5005449591280654,6.0,0.06975476839237058,3.0,0.03,0.0,6.0,0.13885714285714287,3,1.8958333333333337,100.0,2.142857142857143,140.0,1.4,97.87,135.0,0.20800802131549823,29,1.4701408402319167,8.48092332481865,0.5746867078695814,1.2,1.6,0.0,6.0,1
compact_moderate,compact,moderate,0.7,17,610017,S5,B3,poisson,gamma,324,324,324,0,312,312.0,3762.0,0.6504397981625333,0.3125166090884932,119.41058546856631,32.81551184783735,169.26628669937713,131.57278348019554,151.8765404672842,160.56668704892735,166.7518073717954,101.45070892535644,3.487350658035105,105.23435587968785,142.07359436195165,15.0,14.176229588878476,1.0,0.0,180.0,137.77777777777777,0.6418518518518518,0.8418518518518519,0.6673096707818931,8,0.2577730534148286,4.0,8.690672335902205,19.0,0.0,0.0,4.0,0.1062857142857143,3,1.8958333333333337,0.0,0.0,0.0,0.0,0.0,35.0,0.14794489730202076,21,5.34515670116329,11.140825922221268,0.3114083195911945,1.2,1.6,0.0,6.0,1
compact_moderate,compact,moderate,0.7,18,610018,S0,B0,poisson,gamma,334,334,334,0,328,328.0,3657.0,0.6818035653474529,0.023236741388737013,49.63384155682951,17.306501304628462,118.59976224234924,44.45528775287005,75.14301014478517,84.38329912975031,108.91374114915915,1.3254583232965778,10.41798361737273,12.030867090369902,72.03537546737726,42.0,37.602974466459614,1.0,0.0,1800.0,1390.4191616766468,0.642694610778443,0.8426946107784432,0.6977295409181637,8,0.9043193001640241,7.0,0.07654455986878075,3.0,0.03,0.0,10.0,0.24171428571428574,3,1.8958333333333337,100.0,2.142857142857143,140.0,1.4,97.87,135.0,0.18097849304294655,75,5.501888847511012,21.494475687033017,-4.304296392439497,1.2,1.6,0.0,6.0,1
compact_moderate,compact,moderate,0.7,18,610018,S3,B1,poisson,gamma,334,334,334,0,330,330.0,3641.0,0.6847988583308574,0.022423576789309903,29.729649940063045,16.257408020367702,96.14781837152077,23.433994573238635,57.95134974249935,66.91871144642664,78.65471361035104,1.5140810777875957,10.565440369806447,12.366946597294639,52.13118385061079,18.0,17.362703342768402,1.0,0.0,360.0,278.08383233532936,0.642694610778443,0.8426946107784432,0.7052145708582835,8,0.9231191652937946,7.0,0.09417902251510159,3.0,0.03,0.0,7.0,0.1705714285714286,3,1.8958333333333337,100.0,2.142857142857143,140.0,1.4,97.87,135.0,0.27129641016477146,28,2.9887783919226827,10.236388485907831,-3.91806895897588,1.2,1.6,0.0,6.0,1
compact_moderate,compact,moderate,0.7,18,610018,S5,B3,poisson,gamma,334,334,334,0,319,319.0,3755.0,0.6640142284454161,0.30102946396876107,120.51707508976365,39.895388901221565,193.7647515550202,132.12944153881915,168.04899121826136,177.76126782086544,184.08379368757875,99.33144634724869,6.909284140507369,106.52815563745663,142.91860900031142,15.0,13.988919452307002,1.0,0.0,180.0,139.04191616766468,0.642694610778443,0.8426946107784432,0.6931137724550899,8,0.5670926517571885,7.0,8.789669861554845,19.0,0.0,0.0,4.0,0.1062857142857143,3,1.8125000000000002,0.0,0.0,0.0,0.0,0.0,35.0,0.18477480595180285,24,8.462967182483155,8.934349104754503,0.20577247039319957,1.2,1.6,0.0,6.0,1
compact_moderate,compact,moderate,0.7,19,610019,S0,B0,poisson,gamma,358,358,358,0,352,352.0,3656.0,0.7534332708535011,0.015404247561753714,51.192478476429955,17.294650841330178,110.4898880065976,46.65871789095468,77.57311922960689,85.71101846874558,99.24242373337964,1.5528136719606787,12.31985478889673,14.140824885438414,74.28163047233431,42.0,37.051653590991535,1.0083798882681565,0.008379888268156424,1800.0,1367.5977653631285,0.6411731843575418,0.8411731843575421,0.735451582867784,8,1.159693738036642,9.0,0.10308996445173639,3.0,0.03,0.0,11.0,0.2562857142857143,4,2.416666666666667,100.0,2.142857142857143,140.0,1.4,97.99,135.0,0.1836215539236996,68,3.888328421162072,20.184187093962677,-1.1344996247713368,1.2,1.6,0.0,6.0,1
compact_moderate,compact,moderate,0.7,19,610019,S3,B1,poisson,gamma,358,358,358,0,353,353.0,3634.0,0.7579932521351453,0.01586428243924805,30.24834439821766,15.363873865335117,82.34935457752022,24.306080685128848,54.28814493559385,63.27794927830695,73.85956043597386,1.949461716653416,10.909510791410643,13.127128932645071,53.33749639412202,18.0,17.121215465572593,1.0,0.0,360.0,273.5195530726257,0.6411731843575418,0.8411731843575421,0.781308193668529,8,1.02585969738652,7.0,0.14277854195323247,5.0,0.05,0.0,7.0,0.16714285714285715,5,2.9375000000000004,100.0,3.5714285714285716,140.0,1.4,96.77,135.0,0.2668387695716308,36,2.394531895107498,5.983393580076193,-2.416159856431559,1.2,1.6,0.0,6.0,1
compact_moderate,compact,moderate,0.7,19,610019,S5,B3,poisson,gamma,358,358,358,0,341,341.0,3751.0,0.7343564689528926,0.2299218194740583,133.7092382529663,35.64105548304451,197.03905979082015,138.5267120142638,170.0692906894807,179.90843971914688,194.6163710960541,110.75393099039644,8.899471283345001,119.92155869832243,156.79839024887062,15.0,13.787679554643825,1.0,0.0,180.0,136.75977653631284,0.6411731843575418,0.8411731843575421,0.620344506517691,8,0.8006396588486141,8.0,10.51998933901919,21.0,0.0,0.0,4.0,0.10285714285714287,2,1.2916666666666667,0.0,0.0,0.0,0.0,0.0,35.0,0.13540406457663856,16,1.3599992234780416,5.931815177454155,3.4328748926031665,1.2,1.6,0.0,6.0,1
compact_peak,compact,peak,0.95,0,611000,S0,B0,poisson,gamma,497,497,497,0,458,458.0,3927.0,0.9448601915039402,0.01001357773251867,203.31625306835193,54.17938919680703,301.8766717906997,205.2993598601705,268.53592209361085,277.42415623305953,292.6375169883566,115.32027721322119,34.308061733418526,149.89393250800794,225.71913535543928,42.0,53.42232056034403,12.507042253521126,11.507042253521126,1800.0,1256.7404426559356,0.6337826961770624,0.8337826961770626,0.8541666666666667,11,4.274949083503055,11.0,14.531059063136457,32.0,0.32,0.0,12.0,0.3017142857142857,3,1.8958333333333337,100.0,22.857142857142858,140.0,1.4,80.11999999999999,135.0,0.14906856889886866,116,4.975609194978773,41.308764759083715,-14.460901818356717,1.2,1.6,0.0,6.0,1
compact_peak,compact,peak,0.95,0,611000,S3,B1,poisson,gamma,497,497,497,0,462,462.0,3858.0,0.9617545561615644,0.0005182689816014512,166.36655487921712,57.73490753625614,299.76785425455773,167.74468788388776,236.7395870933113,256.4572199583954,289.49007794631376,65.46715850094753,83.64218454858495,149.3749366109007,188.76943716630447,18.0,16.991618268316458,1.0,0.0,360.0,251.34808853118713,0.6337826961770624,0.8337826961770626,5.820129107981221,11,10.70380927701477,22.0,8.370303187354237,24.0,0.24,0.0,12.0,0.2982857142857144,12,7.250000000000003,100.0,17.142857142857142,140.0,1.4,84.76,135.0,0.1975170925437666,222,13.366370807000578,47.712808876730804,-11.300826681744667,1.2,1.6,0.0,6.0,1
compact_peak,compact,peak,0.95,0,611000,S5,B3,poisson,gamma,497,497,497,0,456,456.0,3953.0,0.9386471502851481,0.02065418984994099,235.09693717297978,54.72068800165333,329.041505304054,235.7750664939199,302.1975916815893,309.8228020164199,321.943993744231,128.37057902408637,92.78108269726145,221.417255282716,257.4998194600671,15.0,13.679681890263712,1.0,0.0,180.0,125.67404426559357,0.6337826961770624,0.8337826961770626,0.5861418511066399,11,11.597622660596864,24.0,16.07587253414264,29.0,0.0,0.0,5.0,0.12085714285714287,2,1.2916666666666667,0.0,0.0,0.0,0.0,0.0,35.0,0.12675426196063033,36,3.3282048233940884,26.857294170848462,-16.038565752782944,1.2,1.6,0.0,6.0,1
compact_peak,compact,peak,0.95,1,611001,S0,B0,poisson,gamma,445,445,445,0,439,439.0,3663.0,0.9141882242594995,0.006823144104803494,90.8676204191662,40.800440419933054,200.49901703878913,84.8356312645019,151.3440142973424,167.65504616003315,186.10409274906345,18.47660918321115,32.65082124410924,51.45102593293837,113.4490967361559,42.0,39.41659448622784,2.5168539325842696,1.5168539325842696,1800.0,1338.876404494382,0.6392584269662921,0.8392584269662923,0.8286985018726593,12,3.906386462882096,11.0,2.1825873362445414,13.0,0.13,0.0,11.0,0.27,4,2.3333333333333335,100.0,9.285714285714286,140.0,1.4,91.89,135.0,0.25379421982650086,114,-6.390389076074783,3.1648812207891552,6.065951842502216,1.2,1.6,0.0,6.0,1
compact_peak,compact,peak,0.95,1,611001,S3,B1,poisson,gamma,445,445,445,0,441,441.0,3641.0,0.9197105034834724,0.005583012996522058,71.15301367759318,44.72614129058999,243.31573842014586,61.1325989891111,134.40208884005236,157.1907901803047,191.76188715521656,16.254137273098788,37.377928205741846,53.95566098445862,93.73448999458286,18.0,17.19735269313456,1.0,0.0,360.0,267.7752808988764,0.6392584269662921,0.8392584269662923,2.5656835205992516,12,4.503020318506315,16.0,1.9242174629324547,16.0,0.16,0.0,12.0,0.28800000000000003,12,7.000000000000002,100.0,11.428571428571429,140.0,1.4,90.24,135.0,0.34710202783539246,127,-8.23444772812195,-5.430918419821822,7.616017718655044,1.2,1.6,0.0,6.0,1
compact_peak,compact,peak,0.95,1,611001,S5,B3,poisson,gamma,445,445,445,0,430,430.0,3760.0,0.8906103838571673,0.07746166799610033,176.3238001944471,45.75244048167344,281.49901703878913,175.80174571780935,235.1158745452911,253.45008588824845,266.77018314634273,121.4046990708516,40.74437837369872,162.4726729501683,198.90527651143682,15.0,13.851127244278802,1.0,0.0,180.0,133.8876404494382,0.6392584269662921,0.8392584269662923,0.5994850187265919,12,4.762829034831162,18.0,14.304706195160861,28.0,0.0,0.0,5.0,0.12771428571428572,2,1.2916666666666667,0.0,0.0,0.0,0.0,0.0,35.0,0.14265039278218317,28,-11.10161041358515,-13.556592274269292,8.588987909695902,1.2,1.6,0.0,6.0,1
compact_peak,compact,peak,0.95,2,611002,S0,B0,poisson,gamma,460,460,460,0,440,440.0,3748.0,0.9474300465779905,0.006223881924068641,148.80077879902126,63.0797165170901,354.90292827629605,136.08590232856318,236.94862926759126,302.1158260961812,334.025976503821,57.93556140771692,46.07659860728649,104.351290449786,171.96544343785308,42.0,44.44948834923525,6.223913043478261,5.223913043478261,1800.0,1326.5217391304348,0.6384347826086957,0.8384347826086958,0.8141304347826088,13,5.588156841824486,11.0,7.047479327820752,28.0,0.28,0.0,12.0,0.2982857142857143,3,1.8958333333333337,100.0,20.0,140.0,1.4,82.32,135.0,0.22053903424954435,111,-0.7059144469617422,4.229732017289564,11.264127825822868,1.2,1.6,0.0,6.0,1
compact_peak,compact,peak,0.95,2,611002,S3,B1,poisson,gamma,460,460,460,0,445,445.0,3711.0,0.9568737189172647,0.0008979885057471264,117.30730053815171,61.417843279544954,326.27860287410886,102.12628158277266,203.23313194645505,256.17579747019795,308.37800194473573,34.05512662510823,65.86240871989297,100.2566657797838,140.47196517698353,18.0,17.050634758367906,1.0,0.0,360.0,265.30434782608694,0.6384347826086957,0.8384347826086958,3.98731884057971,13,8.098060344827585,22.0,4.158405172413793,21.0,0.21,0.0,12.0,0.2914285714285714,12,7.083333333333333,100.0,15.000000000000002,140.0,1.4,86.41,135.0,0.2726971703768084,182,5.383709354366005,-0.2167187921749587,12.794449191965157,1.2,1.6,0.0,6.0,1
compact_peak,compact,peak,0.95,2,611002,S5,B3,poisson,gamma,460,460,460,0,432,432.0,3802.0,0.9339771876468279,0.028836883162415637,206.90512662510818,67.9499348205833,411.02602025298006,194.96023126545208,298.09197286098646,369.2358050391477,402.95204434124315,128.6464309729343,64.19070291875138,193.17626432646833,230.06979126394006,15.0,13.728862298639921,1.0,0.0,180.0,132.65217391304347,0.6384347826086957,0.8384347826086958,0.58768115942029,13,7.699973704969761,24.0,15.500394425453589,27.0,0.0,0.0,5.0,0.1242857142857143,2,1.2916666666666667,0.0,0.0,0.0,0.0,0.0,35.0,0.16702878437304158,30,-5.434461287384693,-14.449803059505768,11.467589283015656,1.2,1.6,0.0,6.0,1
compact_peak,compact,peak,0.95,3,611003,S0,B0,poisson,gamma,467,467,467,0,341,341.0,5298.0,0.7276983398730626,0.21702207963766748,735.9966847257471,440.6721773440032,1674.132080160849,669.7132000049128,1372.6357393117744,1523.7009145934155,1650.6798305582208,610.0716311925565,21.454028508588788,631.8854027418307,760.7680348520043,42.0,104.11128198391657,47.2847965738758,46.2847965738758,1800.0,1306.6381156316916,0.6371092077087794,0.8371092077087796,0.7531673804425412,14,1.8458199660313266,11.0,53.72013587469334,113.0,1.13,0.0,12.0,0.30171428571428577,3,1.8958333333333335,100.0,80.71428571428572,140.0,1.4,28.129999999999953,135.0,0.34273340193344715,89,34.221170276458224,15.042822583681868,7.673463258455854,1.2,1.6,0.0,6.0,1
compact_peak,compact,peak,0.95,3,611003,S3,B1,poisson,gamma,467,467,467,0,401,401.0,4044.0,0.9532938202688158,0.0020601565718994645,418.55128858013694,163.7588325935032,602.0735047955927,476.8865433741171,560.0962519556299,568.8553072637516,591.1239663609164,246.1358710212504,154.95210582457412,401.4477198865098,443.322638706394,18.0,17.10356869362714,1.0,0.0,360.0,261.3276231263383,0.6371092077087794,0.8371092077087796,1.5595556745182013,14,17.83114956736712,24.0,28.35723114956737,58.0,0.58,0.0,12.0,0.294857142857143,12,7.16666666666667,100.0,41.42857142857143,140.0,1.4,63.05999999999998,135.0,0.19912923255050097,91,36.27738941963406,20.20556768172105,3.0705091391429846,1.2,1.6,0.0,6.0,1
compact_peak,compact,peak,0.95,3,611003,S5,B3,poisson,gamma,467,467,467,0,388,388.0,4139.0,0.9314187205283482,0.03760064412238325,506.2557853681455,171.77119892996876,695.3136102574513,567.7081737583719,651.9449548006922,662.5323072073547,681.9472732651394,332.7247361176102,159.39833229849418,492.4828114567895,531.0271354944026,15.0,13.772973911355946,1.0,0.0,180.0,130.66381156316916,0.6371092077087794,0.8371092077087796,0.5907833690221271,14,17.92222222222222,24.0,37.47391304347826,70.0,0.0,0.0,5.0,0.12771428571428572,2,1.2083333333333335,0.0,0.0,0.0,0.0,0.0,35.0,0.17136754015441236,31,34.01225962189562,14.529750688257025,3.4722617125177067,1.2,1.6,0.0,6.0,1
compact_peak,compact,peak,0.95,4,611004,S0,B0,poisson,gamma,493,493,493,0,424,424.0,4234.0,0.9236219287863178,0.02077922077922078,243.36202877829498,159.9065005908909,636.3784265217105,182.84198154848946,545.1957768578263,590.7021148708964,617.9301157223349,150.40462512717937,35.939588759791484,186.56328082409055,267.16449653738255,42.0,56.79874795420445,14.476673427991887,13.476673427991887,1800.0,1321.7038539553753,0.6381135902636917,0.8381135902636918,0.8419962812711292,9,4.126564344746163,12.0,17.452420306965763,54.0,0.54,0.0,12.0,0.294857142857143,3,1.8125000000000002,100.0,38.57142857142858,140.0,1.4,65.73999999999998,135.0,0.35587638327447046,115,-19.857794067013288,19.520742718981666,-6.610256123371045,1.2,1.6,0.0,6.0,1
compact_peak,compact,peak,0.95,4,611004,S3,B1,poisson,gamma,493,493,493,0,428,428.0,4133.0,0.9461874379317989,0.0008063215610385422,213.50198821034368,146.55882969979987,562.7564793141846,165.5355385068881,469.51832105771257,516.1205073913893,552.0659632833901,93.39448313934977,102.67376464089585,196.28731471736535,237.30445596943125,18.0,17.21467349297838,1.0,0.0,360.0,264.34077079107504,0.6381135902636917,0.8381135902636918,3.34884212305612,9,12.190856313497823,24.0,11.080067731011127,39.0,0.39,0.0,12.0,0.2948571428571429,12,7.166666666666667,100.0,27.857142857142858,140.0,1.4,75.19,135.0,0.3784363761674492,161,-14.955001195898319,11.803351414633966,-3.5877647738901146,1.2,1.6,0.0,6.0,1
compact_peak,compact,peak,0.95,4,611004,S5,B3,poisson,gamma,493,493,493,0,422,422.0,4225.0,0.9255889418859576,0.028947783562076036,303.8305886160232,150.8068787643182,653.7690431092497,255.00823248610186,562.7432385693313,610.4912519918946,645.8552488808712,178.68657238884265,111.05938804591219,289.96502737187456,327.6330563751107,15.0,13.86556124414865,1.0,0.0,180.0,132.17038539553752,0.6381135902636917,0.8381135902636918,0.5864181879648411,9,12.900378608613346,24.0,20.788925698059632,49.0,0.0,0.0,5.0,0.12771428571428572,2,1.1250000000000002,0.0,0.0,0.0,0.0,0.0,35.0,0.2731548297301156,35,-21.647278237121213,2.975969360979832,-6.381017369045821,1.2,1.6,0.0,6.0,1
compact_peak,compact,peak,0.95,5,611005,S0,B0,poisson,gamma,448,448,448,0,435,435.0,3713.0,0.9626041419116926,0.001705259378926584,159.74463288666908,53.4630919001518,303.38913427713874,161.1703423661054,225.7125257910355,251.91433553744258,279.7547205017481,67.31382931524054,46.054275466805564,113.7163190677604,183.68511357680322,42.0,46.02831381890873,7.078125,6.078125,1800.0,1341.9642857142858,0.6394642857142856,0.8394642857142859,0.8337983630952381,13,5.496230479267636,10.0,8.057619816908993,20.0,0.2,0.0,12.0,0.2982857142857144,4,2.2500000000000004,100.0,14.285714285714286,140.0,1.4,87.2,135.0,0.18800539835793595,108,8.773204075455538,13.790492973233484,-4.49065652463608,1.2,1.6,0.0,6.0,1
compact_peak,compact,peak,0.95,5,611005,S3,B1,poisson,gamma,448,448,448,0,437,437.0,3691.0,0.9683401362567785,0.0009028530155290719,133.5727578866691,57.26748467924366,293.83775255374803,129.7846630295506,213.1863442929359,238.64395973864424,276.5959961544702,41.4321328866691,74.59596818475339,116.3763153571368,157.51323857680322,18.0,17.196442529532312,1.0,0.0,360.0,268.39285714285717,0.6394642857142856,0.8394642857142859,5.319382440476192,13,8.990249187432285,21.0,4.965059588299025,17.0,0.17,0.0,12.0,0.30514285714285716,12,7.416666666666667,100.0,12.142857142857144,140.0,1.4,89.16,135.0,0.241228179378699,177,14.787363328025393,10.606242939113088,-2.8885294232657657,1.2,1.6,0.0,6.0,1
compact_peak,compact,peak,0.95,5,611005,S5,B3,poisson,gamma,448,448,448,0,421,421.0,3801.0,0.940323982919523,0.03261441346659653,244.41650788666908,61.283294352433444,390.38913427713874,246.88870285334087,315.8404232483575,334.4191080389555,370.7915647622541,123.66874002952625,106.5491847968183,230.56613911205886,268.35698857680325,15.0,13.85036877461026,1.0,0.0,180.0,134.19642857142858,0.6394642857142856,0.8394642857142859,0.6026785714285714,13,12.497632824829036,24.0,14.511572856391373,23.0,0.0,0.0,5.0,0.13114285714285717,3,1.6458333333333335,0.0,0.0,0.0,0.0,0.0,35.0,0.13409333916849198,33,8.767741056747496,-20.2312075863407,-6.63977561405909,1.2,1.6,0.0,6.0,1
compact_peak,compact,peak,0.95,6,611006,S0,B0,poisson,gamma,475,475,475,0,464,464.0,3763.0,0.923699000969497,0.005313496280552604,137.14416548374763,55.38963749273765,247.9623810524954,141.03984310204942,206.4183742558829,219.04722962173742,234.5952534025533,55.573639167958156,35.89833250741057,91.92670851747398,159.10292152363724,42.0,45.21745696627363,6.227368421052631,5.227368421052631,1800.0,1322.5263157894738,0.6381684210526316,0.8381684210526318,0.8864473684210527,18,4.466259298618491,12.0,6.952444208289054,21.0,0.21,0.0,12.0,0.2914285714285715,6,3.458333333333334,100.0,15.000000000000002,140.0,1.4,86.41,135.0,0.2315667570820743,109,-3.5021740669971564,20.707464583579423,-17.03222233158027,1.2,1.6,0.0,6.0,1
compact_peak,compact,peak,0.95,6,611006,S3,B1,poisson,gamma,475,475,475,0,465,465.0,3746.0,0.9278897890710399,0.0019571212525576016,114.24942864164237,60.94382699563704,285.9623810524954,110.6251625686071,200.31180483889943,220.4153464213665,250.11344153029907,38.6746917995371,57.74238310467971,96.87181174632208,136.20818468153198,18.0,17.37761689532028,1.0,0.0,360.0,264.5052631578947,0.6381684210526316,0.8381684210526318,4.605921052631579,18,7.257806244995996,20.0,4.841740058713637,23.0,0.23,0.0,12.0,0.2982857142857143,12,7.250000000000001,100.0,16.42857142857143,140.0,1.4,85.55,135.0,0.3048090676743196,174,6.3197405453366144,25.83991491470526,-19.54540500577987,1.2,1.6,0.0,6.0,1
compact_peak,compact,peak,0.95,6,611006,S5,B3,poisson,gamma,475,475,475,0,449,449.0,3862.0,0.9000266734789505,0.053499007679696266,198.2410075890108,55.65752851890063,304.22950873192076,203.4456149358499,263.6026985218883,273.0896578399252,288.4990860525278,122.9989023258529,60.78602100828572,184.23966017624392,220.1997636289004,15.0,14.001347412766899,1.0,0.0,180.0,132.25263157894736,0.6381684210526316,0.8381684210526318,0.5918859649122807,18,7.413668133574942,23.0,15.064975407714211,28.0,0.0,0.0,5.0,0.12085714285714287,2,1.2916666666666667,0.0,0.0,0.0,0.0,0.0,35.0,0.15319110123860646,28,-3.8699709407821103,-2.7484856472051717,-18.512071672446496,1.2,1.6,0.0,6.0,1
compact_peak,compact,peak,0.95,7,611007,S0,B0,poisson,gamma,480,480,480,0,448,448.0,3823.0,0.8952389695346656,0.011506276150627616,88.19163280433519,42.77023648221508,207.58555869694055,75.60113392733047,147.87369239924467,168.14975271158573,198.84534589136558,20.018716137668523,28.373547970215025,48.717264107883544,109.58784417621368,42.0,39.47436869645165,2.722916666666667,1.7229166666666667,1800.0,1365.0,0.6409999999999999,0.8410000000000001,0.8408854166666667,13,3.4984309623430963,12.0,2.450836820083682,19.0,0.19,0.0,11.0,0.2837142857142857,4,2.416666666666667,100.0,13.571428571428573,140.0,1.4,87.50999999999999,135.0,0.270858557836972,126,1.1228676196580523,16.462037664103676,-6.631137427343674,1.2,1.6,0.0,6.0,1
compact_peak,compact,peak,0.95,7,611007,S3,B1,poisson,gamma,480,480,480,0,451,451.0,3804.0,0.8997092823917375,0.007709154621112571,69.37079947100186,45.7052907609055,225.10789223074562,54.781965256459216,137.1068091185744,156.70638926182735,188.02491238771816,16.864549471001855,35.08719020152073,52.27673967252258,90.76701084288037,18.0,17.09405979847928,1.0,0.0,360.0,273.0,0.6409999999999999,0.8410000000000001,2.7860243055555562,13,4.3621550591327205,16.0,2.065177398160315,16.0,0.16,0.0,12.0,0.2982857142857143,12,7.250000000000001,100.0,11.428571428571429,140.0,1.4,90.0,135.0,0.36138461079144535,129,0.39838944128993603,15.876292254828854,-6.8551590197863135,1.2,1.6,0.0,6.0,1
compact_peak,compact,peak,0.95,7,611007,S5,B3,poisson,gamma,480,480,480,0,437,437.0,3925.0,0.8719800864749264,0.09763966717609102,181.3228828043352,49.41464284286781,306.2442443732616,174.44709491878652,248.3504654302083,266.158658188466,294.48151835024635,125.34371613766852,41.88911683460061,167.5578329722691,202.7190941762137,15.0,13.765049832066065,1.0,0.0,180.0,136.5,0.6409999999999999,0.8410000000000001,0.6072916666666667,13,5.059093224656139,20.0,15.264391237901172,32.0,0.0,0.0,5.0,0.13114285714285714,3,1.5625,0.0,0.0,0.0,0.0,0.0,35.0,0.1516580693220797,35,-1.1968667256929564,9.851082170795252,-6.9644707606769884,1.2,1.6,0.0,6.0,1
compact_peak,compact,peak,0.95,8,611008,S0,B0,poisson,gamma,453,453,453,0,392,392.0,4165.0,0.925268086917189,0.0409665546487438,356.7266269323752,111.31444285071441,574.7299329135012,360.24492057299426,495.4508335455445,531.8587471336482,556.3068508763046,252.47276379771736,31.793484503114886,284.6900893604349,382.2542219661302,42.0,72.0365375719403,24.684326710816777,23.684326710816777,1800.0,1418.5430463576158,0.6445695364238411,0.8445695364238412,0.7743285504047094,16,3.4032645223235716,10.0,27.40038406144983,51.0,0.51,0.0,12.0,0.3085714285714286,3,1.8125000000000002,100.0,36.42857142857143,140.0,1.4,67.26999999999998,135.0,0.17347315899509597,102,8.227237906190965,-18.69585292170376,7.4102296763594495,1.2,1.6,0.0,6.0,1
compact_peak,compact,peak,0.95,8,611008,S3,B1,poisson,gamma,453,453,453,0,410,410.0,3968.0,0.9711934618536179,0.0005878894767783657,296.43744370941715,82.32370124887629,419.33705230811256,317.6225118218679,379.14546408376225,398.0412705840157,409.9069204806648,120.96945253943925,157.642322749837,279.0356163488789,321.96503874317216,18.0,17.401827360538277,1.0,0.0,360.0,283.7086092715232,0.6445695364238411,0.8445695364238412,2.680233627667403,16,17.9347442680776,24.0,13.751322751322752,29.0,0.29,0.0,12.0,0.30171428571428577,12,7.333333333333335,100.0,20.714285714285715,140.0,1.4,81.64999999999999,135.0,0.14592400840738162,130,15.49491624026274,1.481065067714212,1.9178744579650129,1.2,1.6,0.0,6.0,1
compact_peak,compact,peak,0.95,8,611008,S5,B3,poisson,gamma,453,453,453,0,405,405.0,4039.0,0.9541254579448043,0.019306930693069307,361.5014613694613,82.8599675064867,482.33705230811256,378.12649332249975,441.95573007735373,464.18291485116725,476.255284603871,179.69792936063126,167.3581681487788,347.4799385690127,387.0290564032163,15.0,14.021522800448562,1.0,0.0,180.0,141.8543046357616,0.6445695364238411,0.8445695364238412,0.5889900662251657,16,18.708663366336634,24.0,20.09480198019802,39.0,0.0,0.0,4.0,0.10285714285714287,2,1.1250000000000002,0.0,0.0,0.0,0.0,0.0,35.0,0.11785202864780953,32,9.1673132274139,-15.813247101597995,5.693614496286614,1.2,1.6,0.0,6.0,1
compact_peak,compact,peak,0.95,9,611009,S0,B0,poisson,gamma,432,432,432,0,423,423.0,3679.0,0.922182362627376,0.007246376811594203,98.20214476191875,41.735017110269254,245.43222703426432,97.8078019572398,152.02404932054617,178.23630516438175,203.64051683744958,17.73686698414096,41.38011582001812,59.422538359714636,121.76902736239616,42.0,38.77960640220411,2.412037037037037,1.412037037037037,1800.0,1454.1666666666667,0.6469444444444443,0.8469444444444446,0.8038194444444444,11,4.800271739130435,11.0,2.023913043478261,14.0,0.14,0.0,12.0,0.28114285714285714,4,2.416666666666667,100.0,10.0,140.0,1.4,90.62,135.0,0.23797529569223874,95,6.345447804106811,7.658564582351531,-1.2686063037389346,1.2,1.6,0.0,6.0,1
compact_peak,compact,peak,0.95,9,611009,S3,B1,poisson,gamma,432,432,432,0,426,426.0,3656.0,0.9279822517005041,0.006745055145383283,80.00538550265948,44.99966368837914,232.2913432218919,76.0996111182958,133.78582892094806,163.85657702022792,216.0532163363233,18.646589206363185,44.06374672709771,63.01589148901645,103.57226810313689,18.0,16.98949401364303,1.0,0.0,360.0,290.8333333333333,0.6469444444444443,0.8469444444444446,2.8564814814814814,11,5.145474432595023,15.0,2.1441071916871755,17.0,0.17,0.0,12.0,0.2982857142857143,12,7.250000000000001,100.0,12.142857142857144,140.0,1.4,88.61,135.0,0.310596942506876,135,6.582604240347905,9.526932491292229,-2.031670244018045,1.2,1.6,0.0,6.0,1
compact_peak,compact,peak,0.95,9,611009,S5,B3,poisson,gamma,432,432,432,0,410,410.0,3772.0,0.8994516550407481,0.07226786818623554,176.6975151322891,41.11152011819181,279.8517858419524,176.9288217236524,227.27323223944154,243.4009192357553,269.3971278766636,121.48686698414096,41.227180914556726,163.01960345425323,200.26439773276653,15.0,13.677911678035857,1.0,0.0,180.0,145.41666666666666,0.6469444444444443,0.8469444444444446,0.5963541666666669,11,4.66260270341903,17.0,13.853167240922343,22.0,0.0,0.0,5.0,0.12771428571428572,2,1.2083333333333335,0.0,0.0,0.0,0.0,0.0,35.0,0.1259129474573666,14,5.801026550303362,-5.779658292625555,0.06251995396962684,1.2,1.6,0.0,6.0,1
compact_peak,compact,peak,0.95,10,611010,S0,B0,poisson,gamma,428,428,428,0,420,420.0,3689.0,0.8655947061169802,0.013369467028003613,68.27345833528872,29.452515338756516,151.66681234372697,63.544038958581496,115.13723505701908,127.64670655827804,142.75554578779537,6.0351405782793694,24.03079242882514,30.48649375476806,90.66162047714613,42.0,37.78696458052065,1.3878504672897196,0.3878504672897196,1800.0,1337.3831775700935,0.6391588785046728,0.8391588785046731,0.7808605919003117,15,2.7287262872628726,10.0,0.6422764227642277,8.0,0.08,0.0,12.0,0.2742857142857143,3,1.8958333333333337,100.0,5.72,140.0,1.4,94.28,135.0,0.23997844443474303,104,1.6582431427178648,11.93992820052604,-4.632211787272183,1.2,1.6,0.0,6.0,1
compact_peak,compact,peak,0.95,10,611010,S3,B1,poisson,gamma,428,428,428,0,422,422.0,3672.0,0.8696009979775816,0.01442962156275524,48.922991045569084,30.224602764222443,190.66681234372697,44.05034830622094,90.7146575981221,107.62746495143412,142.56130223660975,6.336542447438248,24.965352963488474,31.722456158590276,71.31115318742651,18.0,17.20053488697881,1.0,0.0,360.0,267.4766355140187,0.6391588785046728,0.8391588785046731,1.4538551401869162,15,2.8518921862237954,14.0,0.6803702695344405,12.0,0.12,0.0,12.0,0.2742857142857143,12,6.666666666666668,100.0,8.571428571428571,140.0,1.4,92.8,135.0,0.33034799036635665,82,-0.2717761623014212,4.797071057668909,-5.861714527636536,1.2,1.6,0.0,6.0,1
compact_peak,compact,peak,0.95,10,611010,S5,B3,poisson,gamma,428,428,428,0,407,407.0,3795.0,0.8414237264414267,0.12987355110642781,159.22439291472796,37.59303546752197,239.7008704257787,159.3496939615464,208.51088363248147,223.06549724533164,234.10525861984485,119.60757048482142,25.342482609760648,145.37061384224563,181.61255505658536,15.0,13.853779072482341,1.0,0.0,180.0,133.73831775700936,0.6391588785046728,0.8391588785046731,0.591218847352025,15,2.798472075869336,14.0,13.429662802950475,24.0,0.0,0.0,4.0,0.10628571428571429,2,1.2916666666666667,0.0,0.0,0.0,0.0,0.0,35.0,0.12598519869315572,33,0.2818917913665473,5.581790842388699,-0.3569105690859544,1.2,1.6,0.0,6.0,1
compact_peak,compact,peak,0.95,11,611011,S0,B0,poisson,gamma,487,487,487,0,462,462.0,3858.0,0.9425985763839358,0.006651118597218623,129.6790910777037,62.822185789446685,259.30647619356455,144.97841798182708,211.6872168533858,228.22854701141063,245.0668526135861,50.5990089421801,34.336860134446184,85.30547893288913,152.0866141142475,42.0,44.373612144814594,5.809034907597536,4.809034907597536,1800.0,1386.0369609856264,0.6424024640657084,0.8424024640657086,0.828670431211499,15,4.270795542886758,11.0,6.318994558175693,22.0,0.22,0.0,12.0,0.294857142857143,3,1.8125000000000002,100.0,15.714285714285715,140.0,1.4,85.98,135.0,0.27713929212726884,120,-3.6609362821370723,10.31390222099077,-2.3998591793871356,1.2,1.6,0.0,6.0,1
compact_peak,compact,peak,0.95,11,611011,S3,B1,poisson,gamma,487,487,487,0,462,462.0,3829.0,0.9497357457612555,0.004177545691906005,106.0179001126113,66.72819245327906,275.46434232869115,104.11259935828502,200.55189727619083,217.8439371536736,255.39868502014548,35.00147300788852,53.37088373611789,88.74196660026925,128.4254231491551,18.0,17.275933512342075,1.0,0.0,360.0,277.2073921971253,0.6424024640657084,0.8424024640657086,4.1205082135523625,15,6.722976501305483,23.0,4.38355091383812,19.0,0.19,0.0,12.0,0.2982857142857143,12,7.250000000000001,100.0,13.571428571428573,140.0,1.4,87.51,135.0,0.3590566299106688,169,1.0484338356085914,19.06681454471854,-8.97935657549354,1.2,1.6,0.0,6.0,1
compact_peak,compact,peak,0.95,11,611011,S5,B3,poisson,gamma,487,487,487,0,454,454.0,3939.0,0.9232202807780733,0.050676818950930624,227.0384339935148,70.85615665375904,358.30647619356455,248.20468477492886,317.4668660526937,335.88329941964724,350.7044481960389,128.1185161290384,84.6336967479285,213.12182273322975,249.4459570300586,15.0,13.916611260285059,1.0,0.0,180.0,138.60369609856264,0.6424024640657084,0.8424024640657086,0.5897929500342233,15,10.396192893401015,24.0,15.770812182741118,28.0,0.0,0.0,5.0,0.12771428571428572,2,1.2083333333333335,0.0,0.0,0.0,0.0,0.0,35.0,0.17620048175987768,35,-4.655106156008202,-4.045590932493809,-1.8309171640783575,1.2,1.6,0.0,6.0,1
compact_peak,compact,peak,0.95,12,611012,S0,B0,poisson,gamma,470,470,470,0,424,424.0,4000.0,0.8820113900128501,0.01591268849454303,111.17685060441698,85.95513386403691,339.1621384478194,72.43676166691974,284.1090053810744,299.60328668511846,314.45996596716475,41.291744221438265,27.269943196181686,68.94466614102421,133.70192020936216,42.0,42.232184463392784,4.648936170212766,3.648936170212766,1800.0,1244.6808510638298,0.6329787234042553,0.8329787234042556,0.8095744680851064,15,3.145463634091477,11.0,4.792801799550112,36.0,0.36,0.0,12.0,0.2982857142857143,3,1.8958333333333337,100.0,25.714285714285715,140.0,1.4,76.24,135.0,0.3937196729532091,106,11.16150627449403,20.58534491182347,14.305521081127793,1.2,1.6,0.0,6.0,1
compact_peak,compact,peak,0.95,12,611012,S3,B1,poisson,gamma,470,470,470,0,428,428.0,3950.0,0.8931732653610256,0.00641187884923648,89.77046762569358,84.26626751738354,337.63210638484907,54.26468482780518,256.5632950641516,269.41629677324914,294.8894726904701,26.66833996611912,45.64005164334837,72.69137033287176,112.29553723063876,18.0,17.07909729282183,1.0,0.0,360.0,248.93617021276594,0.6329787234042553,0.8329787234042556,2.0920212765957458,15,5.372563907871425,23.0,3.1138952164009113,22.0,0.22,0.0,12.0,0.2982857142857143,12,7.250000000000001,100.0,15.714285714285715,140.0,1.4,85.86,135.0,0.47624457195977854,110,13.700434676580315,15.527715041693583,13.305521081127807,1.2,1.6,0.0,6.0,1
compact_peak,compact,peak,0.95,12,611012,S5,B3,poisson,gamma,470,470,470,0,410,410.0,4055.0,0.8700511763908807,0.09368836291913216,203.12153145548086,86.89241237189503,412.4421363048423,172.00937709956548,374.20516335806445,384.17976833000273,405.9867243487743,134.60663783845953,54.3793338162655,189.3689503781293,225.646601060426,15.0,13.752581077351524,1.0,0.0,180.0,124.46808510638297,0.6329787234042553,0.8329787234042556,0.5933510638297875,15,6.243836291913215,24.0,15.540927021696252,37.0,0.0,0.0,5.0,0.13114285714285714,2,1.2916666666666667,0.0,0.0,0.0,0.0,0.0,35.0,0.22223114750992434,29,8.342539939738202,8.817081924810452,15.114031719425725,1.2,1.6,0.0,6.0,1
compact_peak,compact,peak,0.95,13,611013,S0,B0,poisson,gamma,485,485,485,0,441,441.0,3921.0,0.9103956680816325,0.01385347611762706,122.55340196403967,69.50360154082728,341.5543488389749,119.82324611117292,213.38215599263006,247.90043643384902,325.6031809957974,45.81113392280256,32.728241750560684,78.86102515789933,144.63941316125306,42.0,43.692376806140345,5.414432989690722,4.414432989690722,1800.0,1287.8350515463917,0.6358556701030927,0.835855670103093,0.8151632302405499,13,3.9867414584395715,10.0,5.605048444671086,32.0,0.32,0.0,12.0,0.2982857142857143,4,2.3333333333333335,100.0,22.857142857142858,140.0,1.4,79.4,135.0,0.31433288742427434,112,4.553618112467234,62.46689647385219,-0.03197061540400625,1.2,1.6,0.0,6.0,1
compact_peak,compact,peak,0.95,13,611013,S3,B1,poisson,gamma,485,485,485,0,445,445.0,3886.0,0.9185932107579529,0.006431695394906097,100.1781442320809,67.96715697883262,300.00050674930117,87.55858830857926,195.2259735778574,233.66006059262327,274.74310468591915,29.7059792836273,52.92132304773661,82.94895181590002,122.2641554292943,18.0,17.22919241618091,1.0,0.0,360.0,257.5670103092784,0.6358556701030927,0.835855670103093,3.8121563573883175,13,6.541548752251093,21.0,3.6459994854643685,24.0,0.24,0.0,12.0,0.29828571428571427,12,7.25,100.0,17.142857142857142,140.0,1.4,84.52,135.0,0.3794363148326063,167,8.244837783884947,61.36591125217734,-5.3639900954684805,1.2,1.6,0.0,6.0,1
compact_peak,compact,peak,0.95,13,611013,S5,B3,poisson,gamma,485,485,485,0,430,430.0,3992.0,0.8942078162324475,0.07379580933299941,211.88948443826646,72.84239282841773,409.17034835341155,213.93683809244703,305.7143748325014,340.700436433849,394.0600918959768,127.81938134548297,69.87079326143,198.01182409144906,233.9754956354799,15.0,13.877660346817427,1.0,0.0,180.0,128.7835051546392,0.6358556701030927,0.835855670103093,0.5900773195876289,13,8.427998998246933,24.0,15.466316053092912,30.0,0.0,0.0,5.0,0.13114285714285717,2,1.2083333333333335,0.0,0.0,0.0,0.0,0.0,35.0,0.19116931341763954,39,0.4127194072120517,48.62678974150418,0.6430346400090627,1.2,1.6,0.0,6.0,1
compact_peak,compact,peak,0.95,14,611014,S0,B0,poisson,gamma,408,408,408,0,395,395.0,3817.0,0.8693336263271545,0.010214772132006287,80.87053868498116,45.755763120053096,225.1314505293185,64.19222157814386,149.69288946668524,180.61230250019455,207.78866825469942,11.757793586941949,30.4772590587857,42.70564088102177,105.2758018123126,42.0,38.16489780395939,1.8970588235294117,0.8970588235294118,1800.0,1279.4117647058824,0.6352941176470587,0.835294117647059,0.7488766339869283,16,3.2040335254059715,10.0,1.2037716081718177,12.0,0.12,0.0,11.0,0.25628571428571434,3,1.9791666666666667,100.0,8.571428571428571,140.0,1.4,92.44,135.0,0.3020587396988952,100,2.943590297083148,-1.089985252819929,-6.582490653431947,1.2,1.6,0.0,6.0,1
compact_peak,compact,peak,0.95,14,611014,S3,B1,poisson,gamma,408,408,408,0,398,398.0,3805.0,0.8720745626161523,0.0076195480819758275,61.319068096745866,48.02900007086894,271.1314505293185,42.16002806742,135.22211651033905,157.01067053108542,199.59361259874794,11.610734763412536,32.19167545096417,44.27299844967083,85.72433122407732,18.0,17.046069647075033,1.0,0.0,360.0,255.88235294117646,0.6352941176470587,0.835294117647059,1.9103349673202616,16,3.3970047293746717,15.0,1.1918024172359432,13.0,0.13,0.0,12.0,0.28800000000000003,12,7.000000000000002,100.0,9.285714285714286,140.0,1.4,91.77,135.0,0.40717186326474986,86,4.394198743754586,-5.154616296076938,-4.162459597531317,1.2,1.6,0.0,6.0,1
compact_peak,compact,peak,0.95,14,611014,S5,B3,poisson,gamma,408,408,408,0,383,383.0,3931.0,0.844129141738829,0.10444218379111564,171.8582837830204,53.08732538160447,325.1314505293185,158.64077785613063,247.2183353358561,271.3372116533414,306.5081114659485,119.72838182223606,37.934255686261004,158.13322574379117,196.2635469103518,15.0,13.725058039229193,1.0,0.0,180.0,127.94117647058823,0.6352941176470587,0.835294117647059,0.5997753267973858,16,3.8873346897253307,19.0,12.372329603255341,22.0,0.0,0.0,5.0,0.12085714285714287,3,1.729166666666667,0.0,0.0,0.0,0.0,0.0,35.0,0.16727446786546918,30,0.5874700393880801,-5.299145558163417,-7.055122641009575,1.2,1.6,0.0,6.0,1
compact_peak,compact,peak,0.95,15,611015,S0,B0,poisson,gamma,418,418,418,0,401,401.0,3695.0,0.8999421442814128,0.010822510822510822,83.56679516011093,44.385906627219214,225.5140172979543,71.42996902006576,156.68474376874016,179.41546721232214,199.50679997111078,10.90650807877122,34.04171847053174,45.321432290929764,107.4389446715758,42.0,38.24536286918117,1.7966507177033493,0.7966507177033493,1800.0,1334.9282296650717,0.6389952153110047,0.8389952153110048,0.7839912280701755,13,3.7932900432900434,12.0,1.1793831168831168,13.0,0.13,0.0,12.0,0.2948571428571429,4,2.2500000000000004,100.0,9.285714285714286,140.0,1.4,91.53,135.0,0.28846616143003945,96,8.933528520227796,10.71334932083765,-1.6791416818577432,1.2,1.6,0.0,6.0,1
compact_peak,compact,peak,0.95,15,611015,S3,B1,poisson,gamma,418,418,418,0,404,404.0,3678.0,0.9041006157282147,0.010419498052006886,64.13617315054155,46.62051571591263,260.053879096821,51.181949506526536,130.63837141278094,161.54639286984875,210.8804300327758,11.31320664336452,35.30680962475967,46.99322200975099,88.00832266200642,18.0,17.142951140790565,1.0,0.0,360.0,266.9856459330144,0.6389952153110047,0.8389952153110048,1.979964114832536,13,3.9551508562109268,17.0,1.2310410437618917,14.0,0.14,0.0,12.0,0.30171428571428577,12,7.333333333333335,100.0,10.0,140.0,1.4,90.62,135.0,0.38358617081680624,104,9.997992662048922,1.841998286658395,1.2923015426101614,1.2,1.6,0.0,6.0,1
compact_peak,compact,peak,0.95,15,611015,S5,B3,poisson,gamma,418,418,418,0,396,396.0,3796.0,0.8760037306463265,0.09981564392941795,174.0620104711157,51.45538275482077,305.5790567792005,162.2847354901653,247.4755598331578,271.51456315417386,290.7720024641096,120.66727362901045,39.215738483153,160.25621785379022,197.93415998258058,15.0,13.805792617325471,1.0,0.0,180.0,133.4928229665072,0.6389952153110047,0.8389952153110048,0.5939992025518341,13,4.260995522781143,18.0,13.2312351856729,22.0,0.0,0.0,5.0,0.12085714285714287,2,1.2916666666666667,0.0,0.0,0.0,0.0,0.0,35.0,0.1612120405686357,32,8.589350438036007,-0.28811760009531895,-2.065345845319058,1.2,1.6,0.0,6.0,1
compact_peak,compact,peak,0.95,16,611016,S0,B0,poisson,gamma,444,444,444,0,429,429.0,3707.0,0.8529750294893994,0.014922689679971233,78.87729716978028,36.41158207157797,180.23434215137013,72.39351900368501,138.88485792281378,160.47886859957578,174.5167520595092,10.433603476086583,29.251856886501987,39.95573063285884,100.247779665366,42.0,38.92156653692143,1.8175675675675675,0.8175675675675675,1800.0,1358.1081081081081,0.6405405405405404,0.8405405405405407,0.7789977477477478,10,3.4430960086299893,10.0,1.186353829557713,10.0,0.1,0.0,12.0,0.28800000000000003,3,1.8958333333333337,100.0,7.142857142857143,140.0,1.4,93.18,135.0,0.25221208720202837,107,8.7206357815477,18.387257635059953,-10.961823555245118,1.2,1.6,0.0,6.0,1
compact_peak,compact,peak,0.95,16,611016,S3,B1,poisson,gamma,444,444,444,0,430,430.0,3684.0,0.8582988899176914,0.010221619176843057,58.3435133859965,37.376334039997275,224.01139039996724,50.46377958360507,103.03496662939882,143.92677422455677,175.6586478862003,10.49216203464514,30.161326696531738,40.923759001447145,79.71399588158225,18.0,17.419754384549343,1.0,0.0,360.0,271.6216216216216,0.6405405405405404,0.8405405405405407,1.9085960960960964,10,3.5744911804613295,15.0,1.2008141112618724,11.0,0.11,0.0,12.0,0.29142857142857154,12,7.083333333333336,100.0,7.857142857142858,140.0,1.4,92.87,135.0,0.3340729371851501,105,7.813078550693611,10.866576894000069,-12.772916606850174,1.2,1.6,0.0,6.0,1
compact_peak,compact,peak,0.95,16,611016,S5,B3,poisson,gamma,444,444,444,0,416,416.0,3782.0,0.8360643429412355,0.13560666137985725,161.3097296022127,37.704844986668995,255.23434215137013,155.70373928750013,217.68490033741145,233.1183966389784,248.80512366535578,120.60477464725774,26.398222697560232,147.27326761508826,182.68021209779846,15.0,14.03646198712445,1.0,0.0,180.0,135.8108108108108,0.6405405405405404,0.8405405405405407,0.6020082582582583,10,3.0409727729315357,15.0,14.093312186095691,24.0,0.0,0.0,5.0,0.1242857142857143,2,1.2916666666666667,0.0,0.0,0.0,0.0,0.0,35.0,0.12458988888779254,36,3.4460196190028967,-2.0104157815707993,-7.565886944111497,1.2,1.6,0.0,6.0,1
compact_peak,compact,peak,0.95,17,611017,S0,B0,poisson,gamma,441,441,441,0,426,426.0,3681.0,0.9003723940324062,0.00697084917617237,96.76523539608391,41.08195442772148,231.0110360821866,98.76839825014122,143.19013762441136,160.3498956463436,220.86875741324153,18.196074398351474,38.84275531834179,57.365360328938145,119.31742012280036,42.0,39.39987506714575,2.4625850340136055,1.4625850340136055,1800.0,1338.7755102040817,0.639251700680272,0.8392517006802722,0.7978552532123961,12,4.592884302009777,11.0,2.11787072243346,11.0,0.11,0.0,12.0,0.2948571428571429,3,1.729166666666667,100.0,7.857142857142858,140.0,1.4,92.99,135.0,0.2372625350828319,107,6.1343181615344236,10.883096507460479,-1.1286169243529258,1.2,1.6,0.0,6.0,1
compact_peak,compact,peak,0.95,17,611017,S3,B1,poisson,gamma,441,441,441,0,431,431.0,3671.0,0.9028243885695315,0.006717501815541031,75.42056419426984,39.716519530361516,214.2481434783208,76.19606761580053,125.7162439422982,138.10875250517074,172.94617340865224,15.150722924428573,42.71939918567094,58.1966527223444,97.9727489209863,18.0,17.22391147192544,1.0,0.0,360.0,267.7551020408163,0.639251700680272,0.8392517006802722,2.6662414965986394,12,5.069716775599129,15.0,1.7578976034858387,11.0,0.11,0.0,11.0,0.25971428571428573,11,6.3125,100.0,7.857142857142858,140.0,1.4,93.11,135.0,0.299444252750352,124,7.223869092531146,9.394806109334027,0.6533233366912441,1.2,1.6,0.0,6.0,1
compact_peak,compact,peak,0.95,17,611017,S5,B3,poisson,gamma,441,441,441,0,415,415.0,3785.0,0.8756395020674379,0.09605564359922522,189.75616510129933,52.07745512217459,323.4281445646211,199.69181292855865,239.8232874333271,256.07286083580766,312.3341910478109,120.26410160923584,55.292273319880735,175.88290554136145,212.30834982801576,15.0,13.873259559937866,1.0,0.0,180.0,133.87755102040816,0.639251700680272,0.8392517006802722,0.599253590325019,12,6.382725832012678,19.0,13.948758584257792,27.0,0.0,0.0,5.0,0.13114285714285717,2,1.375,0.0,0.0,0.0,0.0,0.0,35.0,0.14810666289050944,22,2.8931790596724625,-2.23868335202431,-4.931453269734476,1.2,1.6,0.0,6.0,1
compact_peak,compact,peak,0.95,18,611018,S0,B0,poisson,gamma,499,499,499,0,401,401.0,4696.0,0.8440395463816657,0.09694131005606416,385.01135851315865,305.9234268398696,1083.7440320953856,379.364249766214,849.8037901007756,979.1362112007849,1033.2378059220127,287.3901160281887,24.66600698773772,312.4889887473894,408.84574979184407,42.0,72.5223697657693,25.20240480961924,24.20240480961924,1800.0,1323.8476953907816,0.6382565130260521,0.8382565130260523,0.7725033400133601,18,2.565680221417926,11.0,30.47732595273579,85.0,0.85,0.0,12.0,0.30857142857142866,3,1.8125000000000002,100.0,60.714285714285715,140.0,1.4,45.81,135.0,0.4465920720157075,120,0.8316567789686928,15.790556748401968,35.25920352232566,1.2,1.6,0.0,6.0,1
compact_peak,compact,peak,0.95,18,611018,S3,B1,poisson,gamma,499,499,499,0,425,425.0,4179.0,0.9484339113288723,0.004625199362041467,289.50434448510254,208.44122388103807,589.4549010818027,354.66787416356556,542.5033823678434,564.9885868655462,585.7129065297077,155.96927434482194,115.81411178375133,272.2162518600362,313.33873576378795,18.0,17.288092625066316,1.0,0.0,360.0,264.7695390781563,0.6382565130260521,0.8382565130260523,1.5816215764863062,18,13.766507177033493,24.0,18.558133971291866,57.0,0.57,0.0,12.0,0.29142857142857154,12,7.083333333333336,100.0,40.714285714285715,140.0,1.4,63.00999999999997,135.0,0.406039679239083,107,2.7232836725150946,24.683626923840563,28.01828120968065,1.2,1.6,0.0,6.0,1
compact_peak,compact,peak,0.95,18,611018,S5,B3,poisson,gamma,499,499,499,0,410,410.0,4299.0,0.92196598822202,0.04930232558139535,409.9993344650625,213.11134390772708,711.4549010818027,475.62232265345915,665.7596746346808,687.1843708844118,704.4549823911618,271.3299957877077,124.30972909166985,396.0725906108405,433.8337257437479,15.0,13.926743854221929,1.0,0.0,180.0,132.38476953907815,0.6382565130260521,0.8382565130260523,0.591307615230461,18,14.366976744186047,24.0,31.427441860465116,77.0,0.0,0.0,5.0,0.13457142857142856,2,1.2916666666666667,0.0,0.0,0.0,0.0,0.0,35.0,0.29461990712940245,36,1.8222668640485722,17.904240958928256,31.74962742009336,1.2,1.6,0.0,6.0,1
compact_peak,compact,peak,0.95,19,611019,S0,B0,poisson,gamma,430,430,430,0,421,421.0,3664.0,0.8712384448327585,0.008185538881309686,63.62190154031916,24.062762590839142,139.06091938065083,58.87087689626355,99.18061579643604,108.03073888296132,125.65255994341601,3.3753899124121745,22.39602744556323,26.162115032394006,85.89926596110098,42.0,37.459786507925145,1.1534883720930234,0.15348837209302327,1800.0,1368.8372093023256,0.6412558139534884,0.8412558139534887,0.7335271317829458,14,2.568894952251023,10.0,0.3369713506139154,5.0,0.05,0.0,10.0,0.2382857142857143,3,1.8125000000000002,100.0,3.5714285714285716,140.0,1.4,96.53,135.0,0.2111019859633254,110,2.813591394037914,24.07101348991248,0.22568945778616012,1.2,1.6,0.0,6.0,1
compact_peak,compact,peak,0.95,19,611019,S3,B1,poisson,gamma,430,430,430,0,427,427.0,3644.0,0.8760189026919232,0.009967992684042066,42.64050619148195,23.322379899754182,112.68477859643372,36.435974484967915,77.02007317144421,88.62998492984428,103.25580064333924,4.526552703109849,20.51730079892909,25.434551176457543,64.91787061226377,18.0,17.205955015024397,1.0,0.0,360.0,273.7674418604651,0.6412558139534884,0.8412558139534887,1.0920542635658916,14,2.362962962962963,10.0,0.47462277091906724,6.0,0.06,0.0,7.0,0.17742857142857146,6,3.7916666666666674,100.0,4.285714285714286,140.0,1.4,95.74,135.0,0.30100589563764046,82,-0.36317811594395266,13.092858150106665,1.4375911632693743,1.2,1.6,0.0,6.0,1
compact_peak,compact,peak,0.95,19,611019,S5,B3,poisson,gamma,430,430,430,0,410,410.0,3762.0,0.848548737792203,0.11807954646115688,156.7800410752029,31.087814684445004,236.6574744073314,151.89618415941288,196.48936565854083,203.59374189881322,220.3713439724036,121.49166898217963,21.039378572750984,142.92174522934923,179.05740549598468,15.0,13.858295845853663,1.0,0.0,180.0,136.88372093023256,0.6412558139534884,0.8412558139534887,0.6034883720930233,14,2.349455221897422,12.0,13.825405261759235,24.0,0.0,0.0,5.0,0.12085714285714287,2,1.2916666666666667,0.0,0.0,0.0,0.0,0.0,35.0,0.10319965977448153,33,-2.3377697674866056,8.018694180311627,-1.557778358095021,1.2,1.6,0.0,6.0,1
extended_disrupted,extended,disrupted,0.95,0,618000,S0,B0,burst,gamma,540,444,443,97,290,290.0,7201.0,0.5969453235200057,0.33711887421306014,1376.893550677057,1246.59376743108,4435.418302265825,1063.304975633217,3316.8774389809105,3840.732658627547,4312.64889804006,1277.7968760447334,17.15344539887958,1214.3015005804411,1391.7020910384165,80.0,167.55012809781527,67.78947368421052,66.78947368421052,1800.0,1464.4736842105262,0.6482222222222221,0.8482222222222223,0.7922149122807017,12,1.0272184418830719,11.0,127.39591723371754,237.0,0.5642857142857143,0.0,12.0,0.13650000000000004,4,2.3333333333333335,420.0,169.2857142857143,588.0,1.4,266.25,500.0,0.5010864107108883,130,-115.47885201456052,-149.06355398390588,200.9550045547751,1.2,1.6,0.0,12.0,1
extended_disrupted,extended,disrupted,0.95,0,618000,S3,B1,burst,gamma,540,540,540,0,365,365.0,5815.0,0.9091757525325079,0.01247493873914012,905.3855551650312,671.8097491709632,2199.1482701825635,865.2664833107359,1863.652486740813,2030.1636765774608,2184.2375823619864,450.52259220206844,425.14663751682633,875.9581186077838,928.0593882379115,32.0,29.427436557247745,1.0,0.0,360.0,294.6666666666667,0.6482222222222221,0.8482222222222223,2.568132716049383,13,39.42606602475929,60.0,41.781636863823934,121.0,0.28809523809523807,0.0,24.0,0.2475000000000001,12,7.416666666666667,420.0,86.42857142857143,588.0,1.4,341.80999999999995,500.0,0.42430780177064453,153,-66.77649196268533,-213.43267936596112,105.02898613647199,1.2,1.6,0.0,12.0,1
extended_disrupted,extended,disrupted,0.95,0,618000,S5,B3,burst,gamma,540,540,540,0,345,345.0,5985.0,0.8848005390486546,0.08960832490244255,1054.026295905772,695.6573522355429,2361.917871964605,1034.466274854994,2031.6028753901,2209.437832536499,2351.0932686975584,593.4003699798462,438.6114596191012,1032.3007184878365,1076.7001289786524,24.0,21.725577417935806,1.0,0.0,180.0,147.33333333333334,0.6482222222222221,0.8482222222222223,0.6037808641975307,13,39.52238556632142,60.0,53.484129635816906,137.0,0.0,0.0,7.0,0.07612500000000001,2,1.2083333333333335,0.0,0.0,0.0,0.0,0.0,80.0,0.3781181819878794,75,-76.498180298845,-249.97779752255008,105.4600893708539,1.2,1.6,0.0,12.0,1
extended_disrupted,extended,disrupted,0.95,1,618001,S0,B0,burst,gamma,549,454,452,97,293,293.0,7201.0,0.6708756778335945,0.30084641805691853,1393.2902572922303,1232.410391123824,4334.851785593165,995.0444820562017,3288.086974379285,3829.3538652558473,4209.50041653143,1286.9086939909153,18.45854572425664,1230.0197281266192,1404.4153745331053,80.0,167.58433274664162,67.74463519313305,66.74463519313305,1800.0,1386.6952789699571,0.6415846994535518,0.8415846994535521,0.7770028612303291,9,1.1340091653936952,8.0,128.65088182196916,243.0,0.5785714285714286,0.0,12.0,0.13650000000000004,5,2.9375000000000004,420.0,173.57142857142858,588.0,1.4,262.35,500.0,0.4890192021987867,121,189.21325142876367,38.74645840625567,-55.56946307797148,1.2,1.6,0.0,12.0,1
extended_disrupted,extended,disrupted,0.95,1,618001,S3,B1,burst,gamma,549,549,549,0,345,345.0,5891.0,0.9563648964691582,0.0036042662743655755,1033.6144533241234,753.1496014946018,2289.77758230769,1017.0372658447927,2059.8059900011212,2121.9256864788254,2264.7343648377887,561.1900453095515,442.69416123514895,1004.1246437031705,1057.2971141028088,32.0,29.489809620953096,1.0,0.0,360.0,274.75409836065575,0.6415846994535518,0.8415846994535521,2.5051988463873713,11,41.200950441276305,60.0,52.243720298710116,152.0,0.3619047619047619,0.0,36.0,0.37950000000000006,12,7.250000000000001,420.0,108.57142857142858,588.0,1.4,321.87999999999994,500.0,0.41655007936698474,162,76.55656278570655,-10.223712280923792,-71.8010219601814,1.2,1.6,0.0,12.0,1
extended_disrupted,extended,disrupted,0.95,1,618001,S5,B3,burst,gamma,549,549,549,0,322,322.0,6050.0,0.9344387499998714,0.040965933592065545,1177.44141142977,776.7115674153372,2448.77758230769,1165.033772382562,2225.7350082757807,2284.5256864788253,2429.6595840295026,698.6272037794969,456.80141327608845,1155.6690542140552,1201.1240722084551,24.0,21.772357215714823,1.0,0.0,180.0,137.37704918032787,0.6415846994535518,0.8415846994535521,0.5886839708561021,11,41.399438109403405,60.0,63.340439596760866,168.0,0.0,0.0,7.0,0.07312500000000001,2,1.2083333333333335,0.0,0.0,0.0,0.0,0.0,80.0,0.3773416194887449,79,70.60058968213798,-51.78317792977873,-74.28888818091741,1.2,1.6,0.0,12.0,1
extended_disrupted,extended,disrupted,0.95,2,618002,S0,B0,burst,gamma,592,447,447,145,290,290.0,7201.0,0.6985095133466096,0.268813224771774,1459.7431935390462,1321.7469916472903,4445.517317000734,947.8641383582201,3567.1711947588365,3977.7262443525133,4326.24859546138,1355.1376815336914,18.08872125578698,1294.435941640471,1485.0770553519665,80.0,169.57037607687602,69.54030501089325,68.54030501089325,1800.0,1466.6666666666667,0.6462837837837837,0.846283783783784,0.7550381263616558,13,1.0906818497430912,9.0,161.9918066935148,288.0,0.6857142857142857,0.0,12.0,0.13800000000000004,4,2.2500000000000004,420.0,205.71428571428572,588.0,1.4,233.64000000000038,500.0,0.4990519867173291,119,155.30420040013405,-74.87387564338019,6.832160788180545,1.2,1.6,0.0,12.0,1
extended_disrupted,extended,disrupted,0.95,2,618002,S3,B1,burst,gamma,592,592,592,0,339,339.0,6733.0,0.9613156011582166,0.003536345776031434,1306.5951870358872,1070.9841347793013,3096.2849409701207,1074.4642144208701,2856.931014222898,2948.919132691305,3068.4213864503495,778.324916765617,498.6529226061529,1277.3427042366347,1331.3912837076543,32.0,29.252482799252483,1.0,0.0,360.0,288.85135135135135,0.6462837837837837,0.846283783783784,3.2941300675675684,18,43.793287793287796,60.0,68.37897237897238,191.0,0.45476190476190476,0.0,24.0,0.255,12,7.41666666666667,420.0,136.42857142857144,588.0,1.4,296.1099999999999,500.0,0.4619236165501135,181,36.22884531130535,-22.007737089504644,58.438639582923315,1.2,1.6,0.0,12.0,1
extended_disrupted,extended,disrupted,0.95,2,618002,S5,B3,burst,gamma,592,592,592,0,325,325.0,6877.0,0.9430959993373573,0.03642788307099261,1438.3384302791303,1091.273154831363,3253.2849409701207,1230.9642144208701,3013.2268050412076,3097.514424053759,3216.5259466519037,900.0951870358873,516.2840162789389,1416.744068179691,1463.1345269508975,24.0,21.594362099439365,1.0,0.0,180.0,144.42567567567568,0.6462837837837837,0.846283783783784,0.5919200450450451,18,44.3945914510032,60.0,77.42832218668218,205.0,0.0,0.0,6.0,0.06825,2,1.2916666666666667,0.0,0.0,0.0,0.0,0.0,80.0,0.4285133482610841,70,29.987301489273705,-47.847367423834385,59.02533563029965,1.2,1.6,0.0,12.0,1
extended_disrupted,extended,disrupted,0.95,3,618003,S0,B0,burst,gamma,522,508,506,16,337,337.0,7201.0,0.7074989188113898,0.242686088137267,1081.6113037556272,1089.9439029450853,3712.6777338819606,566.3522489683336,3003.410934936447,3356.1320349950524,3631.2570126799665,980.530350354586,13.177603402202802,934.1058362916882,1093.7703815943248,80.0,151.0505182859854,56.60769230769231,55.60769230769231,1800.0,1377.6923076923076,0.6414942528735632,0.8414942528735634,0.794551282051282,17,0.8937647548951535,9.0,71.77530898486322,172.0,0.4095238095238095,0.0,12.0,0.1335,7,4.145833333333334,420.0,122.85714285714286,588.0,1.4,309.31999999999994,500.0,0.5381930496664757,137,36.8663507128922,-137.12542029510985,-17.750657616361877,1.2,1.6,0.0,12.0,1
extended_disrupted,extended,disrupted,0.95,3,618003,S3,B1,burst,gamma,522,522,522,0,373,373.0,5540.0,0.9276007516796153,0.008597986057319908,667.5370539789208,634.8722707625491,1929.0005663468455,340.5298709602778,1712.448229734322,1742.580184415102,1829.1507796560231,276.2113834808365,361.5015240178405,638.1037120963782,690.4782909601158,32.0,29.433341882542607,1.0,0.0,360.0,274.48275862068965,0.6414942528735632,0.8414942528735634,3.495849297573436,17,34.00739938639235,60.0,25.973109547013173,90.0,0.21428571428571427,0.0,36.0,0.3780000000000002,12,7.333333333333335,420.0,64.28571428571429,588.0,1.4,361.85999999999996,500.0,0.5199511255070204,174,26.896890243080634,-120.36350004673443,0.009455257792296834,1.2,1.6,0.0,12.0,1
extended_disrupted,extended,disrupted,0.95,3,618003,S5,B3,burst,gamma,522,522,522,0,359,359.0,5713.0,0.9044124842673388,0.07544747375575862,810.7535290747062,657.5399558074632,2102.0005663468455,518.9400592478244,1884.810722345671,1911.8199413581833,1998.100779656023,404.3473988065071,384.2853192585912,789.0235226627993,833.6947660559013,24.0,21.730006411906956,1.0,0.0,180.0,137.24137931034483,0.6414942528735632,0.8414942528735634,0.5999361430395913,17,35.06072803640182,60.0,36.89254462723136,101.0,0.0,0.0,7.0,0.07462500000000001,3,1.6458333333333335,0.0,0.0,0.0,0.0,0.0,80.0,0.44579584961833674,68,15.81547402241381,-148.4251015105316,9.032440605777651,1.2,1.6,0.0,12.0,1
extended_disrupted,extended,disrupted,0.95,4,618004,S0,B0,burst,gamma,544,487,485,59,320,320.0,7201.0,0.6281686947583348,0.3277990371559067,1246.2623710464668,1161.923247936434,4019.3923639595223,774.7332799050178,3176.5909977594083,3567.800733838303,3957.819520903891,1145.0676660826534,11.341570589655028,1090.6224221289347,1255.7498573152084,80.0,159.56052813095275,62.79559118236473,61.79559118236473,1800.0,1370.741482965932,0.6411029411764706,0.8411029411764707,0.8038159652638611,9,0.7383696708790446,9.0,102.69059852798223,212.0,0.5047619047619047,0.0,12.0,0.1365,5,2.854166666666667,420.0,151.42857142857144,588.0,1.4,285.4,500.0,0.5107095576622198,117,-84.92509066812522,-216.82851798180855,142.4408212883484,1.2,1.6,0.0,12.0,1
extended_disrupted,extended,disrupted,0.95,4,618004,S3,B1,burst,gamma,544,544,544,0,378,378.0,5383.0,0.9332457359835165,0.011935073201782304,691.9920955556938,546.8637323770048,1736.653587539397,636.9606886769508,1457.7358478887131,1516.3147429806647,1732.4204246300005,308.53988967334084,354.09601965164063,662.8564975602756,713.552816897313,32.0,29.135597995418166,1.0,0.0,360.0,273.30882352941177,0.6411029411764706,0.8411029411764707,3.164598651960785,10,35.72622585438336,60.0,31.12388558692422,104.0,0.24761904761904763,0.0,30.0,0.3262500000000001,12,7.41666666666667,420.0,74.28571428571429,588.0,1.4,353.8,500.0,0.44721158775625947,163,-52.10677164657341,-122.70300175742523,-5.3555515053708405,1.2,1.6,0.0,12.0,1
extended_disrupted,extended,disrupted,0.95,4,618004,S5,B3,burst,gamma,544,544,544,0,369,369.0,5547.0,0.9068372050286713,0.0652543683315293,837.1520220262819,572.3046143838425,1905.6866858521425,793.0911571511245,1627.688377770289,1680.4630345434373,1893.733219592423,443.1115808498114,372.3131544446128,815.6453235297184,858.7127433679012,24.0,21.506698496563626,1.0,0.0,180.0,136.65441176470588,0.6411029411764706,0.8411029411764707,0.594592524509804,10,36.45746214852199,60.0,43.399062725306415,114.0,0.0,0.0,7.0,0.07462500000000001,2,1.2083333333333335,0.0,0.0,0.0,0.0,0.0,80.0,0.3880542463691248,62,-60.67917223567497,-154.42080478772834,-0.4075251895812926,1.2,1.6,0.0,12.0,1
extended_disrupted,extended,disrupted,0.95,5,618005,S0,B0,burst,gamma,553,433,432,121,276,276.0,7201.0,0.6270756926568978,0.34308100438028255,1488.3373960704175,1280.1523941922903,4486.725231708962,990.0497221619798,3499.3664961110726,3927.0940555578036,4419.00282655915,1378.9960272548612,21.258259851587162,1318.2330693169238,1504.910855072807,80.0,174.57275915453627,72.94606741573034,71.94606741573034,1800.0,1338.876404494382,0.6394032549728751,0.8394032549728753,0.7522940074906367,13,1.2487154561866407,9.0,146.91015136786558,267.0,0.6357142857142857,0.0,12.0,0.135,4,2.3333333333333335,420.0,190.71428571428572,588.0,1.4,250.3500000000003,500.0,0.47552500989286184,106,-159.68178995376752,-351.1084279548754,-222.34324215674746,1.2,1.6,0.0,12.0,1
extended_disrupted,extended,disrupted,0.95,5,618005,S3,B1,burst,gamma,553,553,553,0,333,333.0,5965.0,0.951450128843237,0.006332338598151248,1082.3189294563574,755.6407115361691,2395.6353021489144,1174.4359321198165,2076.3006001045283,2327.8444400703124,2374.6195912950543,606.1200144473161,446.6788551406916,1053.1677665138666,1105.957217557944,32.0,29.15116294249106,1.0,0.0,360.0,268.2097649186257,0.6394032549728751,0.8394032549728753,2.8517555756479815,17,41.359537378478045,60.0,56.13811599061348,168.0,0.4,0.0,24.0,0.2490000000000001,12,7.250000000000001,420.0,120.00000000000001,588.0,1.4,312.48,500.0,0.39929380434433126,157,-31.198053130070775,-419.9542697655627,-147.22336238741354,1.2,1.6,0.0,12.0,1
extended_disrupted,extended,disrupted,0.95,5,618005,S5,B3,burst,gamma,553,553,553,0,325,325.0,6120.0,0.9276824441258414,0.04073522106308992,1215.1833055865563,783.3328160605943,2550.6353021489144,1334.4359321198165,2230.7006001045283,2482.0508458171216,2528.0990493010067,734.0494900350195,459.24654641880977,1193.6649333796881,1238.821593688143,24.0,21.518372206868293,1.0,0.0,180.0,134.10488245931285,0.6394032549728751,0.8394032549728753,0.5829189270644968,17,41.44518869465774,60.0,66.27430158470838,183.0,0.0,0.0,7.0,0.07162500000000001,1,0.6875,0.0,0.0,0.0,0.0,0.0,80.0,0.3690383142380991,59,-38.38832426244721,-452.46185896327586,-156.47162489470816,1.2,1.6,0.0,12.0,1
extended_disrupted,extended,disrupted,0.95,6,618006,S0,B0,burst,gamma,545,444,443,102,287,287.0,7201.0,0.6691691960572148,0.29052929940230454,1440.8041835707754,1276.5265412766164,4430.939197087922,997.9466239342959,3376.9292935333024,3892.7844675613383,4351.198576847668,1334.2808361984544,21.25923732625713,1277.3877452213565,1458.5456341731642,80.0,167.71355622059068,68.54605263157895,67.54605263157895,1800.0,1302.6315789473683,0.6374128440366972,0.8374128440366974,0.7713815789473685,13,1.2791278989029302,10.0,133.46271351201221,246.0,0.5857142857142857,0.0,12.0,0.13200000000000003,3,1.8958333333333337,420.0,175.71428571428572,588.0,1.4,263.2200000000001,500.0,0.4914949741320398,117,35.115176541387655,14.211188389050449,-416.59065828303187,1.2,1.6,0.0,12.0,1
extended_disrupted,extended,disrupted,0.95,6,618006,S3,B1,burst,gamma,545,545,545,0,334,334.0,6170.0,0.9478830304545817,0.004914694937864214,1048.72058289562,807.883702762258,2579.1473384959545,829.1870342305551,2190.699837156745,2364.963285911649,2516.051039662511,539.1664544552532,479.975533064636,1019.4502444006231,1073.4925058364724,32.0,29.270338494997002,1.0,0.0,360.0,262.23853211009174,0.6374128440366972,0.8374128440366974,2.9196100917431203,14,42.34483876195106,60.0,47.572516609949766,151.0,0.3595238095238095,0.0,36.0,0.3720000000000001,12,7.250000000000001,420.0,107.85714285714286,588.0,1.4,324.10999999999996,500.0,0.4375531510577275,164,39.0876234331231,-13.558415959049626,-125.18697122361209,1.2,1.6,0.0,12.0,1
extended_disrupted,extended,disrupted,0.95,6,618006,S5,B3,burst,gamma,545,545,545,0,317,317.0,6377.0,0.9237562779859466,0.05165925419089976,1213.5242526203906,836.9788402174083,2752.1473384959545,1035.1870342305551,2381.6596755755977,2557.8537590992655,2717.6651912059287,688.7756287671799,502.8326131012293,1191.916498749143,1238.2961755612434,24.0,21.607753871247752,1.0,0.0,180.0,131.11926605504587,0.6374128440366972,0.8374128440366974,0.5900993883792051,14,42.923643775478205,60.0,58.8126371903418,170.0,0.0,0.0,6.0,0.06825,3,1.8125000000000002,0.0,0.0,0.0,0.0,0.0,80.0,0.39321009646917693,71,39.7311480161286,-30.594475644045133,-130.65417712214844,1.2,1.6,0.0,12.0,1
extended_disrupted,extended,disrupted,0.95,7,618007,S0,B0,burst,gamma,533,442,441,92,284,284.0,7201.0,0.6670751524182212,0.3037685807685191,1496.5410105428812,1240.7494105253427,4430.910342992159,1169.1983322795268,3356.445293511546,3854.727276509459,4363.855452513335,1386.820897275062,16.061598485992704,1325.109396359191,1514.3514213361404,80.0,175.51300791492562,73.54625550660793,72.54625550660793,1800.0,1351.9823788546255,0.6409568480300187,0.8409568480300189,0.7663362701908957,10,0.9577836411609498,9.0,131.3314817386474,237.0,0.5642857142857143,0.0,12.0,0.13500000000000004,3,1.8125000000000002,420.0,169.2857142857143,588.0,1.4,266.73000000000013,500.0,0.4611230861697653,101,317.9250144490097,-488.84671849042434,19.242813375004744,1.2,1.6,0.0,12.0,1
extended_disrupted,extended,disrupted,0.95,7,618007,S3,B1,burst,gamma,533,533,533,0,346,346.0,5639.0,0.9600707227282942,7.633587786259542e-05,964.4193758195128,691.0182553914827,2108.041621086806,710.8333436018206,2026.0403565009565,2047.4637182362314,2082.283502384307,467.17359720788045,467.6786643725184,935.0999163646391,988.0158607496078,32.0,29.31945945487372,1.0,0.0,360.0,272.8705440900563,0.6409568480300187,0.8409568480300189,3.500742651657286,11,44.15141843971631,60.0,44.101241134751774,127.0,0.30238095238095236,0.0,36.0,0.3675000000000001,12,7.333333333333335,420.0,90.71428571428572,588.0,1.4,337.66999999999996,500.0,0.4057015131861579,172,159.2489971633313,-120.33407693922516,-38.93237751760876,1.2,1.6,0.0,12.0,1
extended_disrupted,extended,disrupted,0.95,7,618007,S5,B3,burst,gamma,533,533,533,0,342,342.0,5741.0,0.9457757909265045,0.019251015190254173,1049.0816647500944,708.5122838186846,2214.041621086806,803.6531563267761,2130.848127963838,2152.883031686129,2182.4071108335374,556.6388880146346,470.5505273600642,1027.4370701589394,1072.6781496801893,24.0,21.644594591155293,1.0,0.0,180.0,136.43527204502814,0.6409568480300187,0.8409568480300189,0.5886882426516572,11,43.6314872866597,60.0,51.622431208638105,134.0,0.0,0.0,7.0,0.07912500000000001,2,1.2916666666666667,0.0,0.0,0.0,0.0,0.0,80.0,0.3832786060070612,68,158.5598862870146,-147.77608473649616,-41.81090571490495,1.2,1.6,0.0,12.0,1
extended_disrupted,extended,disrupted,0.95,8,618008,S0,B0,burst,gamma,555,468,467,88,301,301.0,7201.0,0.6416015467829025,0.32063942723120603,1411.88106191259,1247.3996795945222,4379.123686803825,989.0341822401309,3288.3864708728506,3852.2792262504067,4305.673646578336,1309.3847283799305,12.260474567807712,1247.7035022923633,1427.7461275144851,80.0,168.42093896490732,69.05416666666666,68.05416666666666,1800.0,1380.0,0.6414594594594595,0.8414594594594595,0.7708333333333334,11,0.7646160255520067,9.0,128.49326482432994,240.0,0.5714285714285714,0.0,12.0,0.13500000000000004,3,1.9791666666666667,420.0,171.42857142857144,588.0,1.4,266.5200000000001,500.0,0.4897184726749908,103,-53.825127793902766,-296.1458023076175,203.2066903767893,1.2,1.6,0.0,12.0,1
extended_disrupted,extended,disrupted,0.95,8,618008,S3,B1,burst,gamma,555,555,555,0,381,381.0,6322.0,0.9459201087464589,0.0031010957204879058,845.0153948346407,661.1847095994464,2558.6114141197527,648.8946710151347,1854.3849315969162,1929.6762212472227,2249.3792035137085,391.2027822220281,424.2048791165168,815.6887424196259,869.7473708671089,32.0,29.326652415014692,1.0,0.0,360.0,274.3783783783784,0.6414594594594595,0.8414594594594595,3.2881006006006013,13,37.189941483473035,60.0,34.29226632927408,115.0,0.27380952380952384,0.0,46.0,0.4987500000000001,12,7.416666666666667,420.0,82.14285714285715,588.0,1.4,346.19,500.0,0.4422878555279848,163,-31.61372156789264,176.24963952902556,56.35988587426573,1.2,1.6,0.0,12.0,1
extended_disrupted,extended,disrupted,0.95,8,618008,S5,B3,burst,gamma,555,555,555,0,363,363.0,6516.0,0.9253233583672557,0.040312794930564916,1011.7180975373434,697.6470009754536,2772.6114141197527,860.3063467825327,2055.085032379579,2130.415501855349,2440.71032279379,536.2189984382443,453.568028706757,990.0681082260825,1036.4500735698116,24.0,21.64998931126102,1.0,0.0,180.0,137.1891891891892,0.6414594594594595,0.8414594594594595,0.5972597597597598,13,38.58355071351849,60.0,45.621298143317475,130.0,0.0,0.0,7.0,0.07462500000000001,3,1.8125000000000002,0.0,0.0,0.0,0.0,0.0,80.0,0.39179279896520947,74,-46.580951770365914,163.36647826684714,66.79920574103255,1.2,1.6,0.0,12.0,1
extended_disrupted,extended,disrupted,0.95,9,618009,S0,B0,burst,gamma,573,447,446,127,289,289.0,7201.0,0.6769185160892509,0.30680351545694795,1502.8664955432926,1284.8082165902738,4479.172206797343,1201.3709542032827,3504.2107860489295,3891.7650130657557,4376.5864291641965,1395.0016112233486,18.346382304015503,1334.964555699657,1520.8710578651364,80.0,172.3457490218454,71.7516339869281,70.7516339869281,1800.0,1356.862745098039,0.6408900523560209,0.840890052356021,0.7991557734204793,19,1.1074850715178448,9.0,152.65588112762117,273.0,0.65,0.0,12.0,0.135,4,2.166666666666667,420.0,195.0,588.0,1.4,244.2900000000002,500.0,0.4759396013200259,113,-12.753885746806418,-537.2297087082217,10.586008255446586,1.2,1.6,0.0,12.0,1
extended_disrupted,extended,disrupted,0.95,9,618009,S3,B1,burst,gamma,573,573,573,0,365,365.0,5805.0,0.9707403964863819,0.006771515945827872,1003.6700455508677,739.3292065426674,2213.6558268774643,802.8588638685278,2094.4434690006906,2137.52395910013,2179.3083120294887,528.3157698091575,445.68501359288797,974.5243436114694,1026.937320603824,32.0,29.145701939398265,1.0,0.0,360.0,272.67015706806285,0.6408900523560209,0.840890052356021,3.315626817917394,25,43.9347227006545,60.0,52.09180158456769,148.0,0.3523809523809524,0.0,48.0,0.504,12,7.333333333333335,420.0,105.71428571428572,588.0,1.4,325.52,500.0,0.4188294366826282,192,42.59876939027265,112.637213858711,65.44254323633072,1.2,1.6,0.0,12.0,1
extended_disrupted,extended,disrupted,0.95,9,618009,S5,B3,burst,gamma,573,573,573,0,351,351.0,6079.0,0.954477992936997,0.02376861397479954,1198.3785970342883,820.9112195646927,2486.6558268774643,1067.2770803883025,2368.990035452845,2407.699366441202,2452.802162764351,710.5758047131714,465.7649556571441,1176.8643205797398,1221.6458720872447,24.0,21.514276454548696,1.0,0.0,180.0,136.33507853403142,0.6408900523560209,0.840890052356021,0.5859147760325772,25,43.84884868421052,60.0,66.92105263157895,164.0,0.0,0.0,7.0,0.07462500000000001,2,1.1250000000000002,0.0,0.0,0.0,0.0,0.0,80.0,0.39080516351816974,72,32.70100017184882,104.39186851336558,74.39380311775358,1.2,1.6,0.0,12.0,1
extended_disrupted,extended,disrupted,0.95,10,618010,S0,B0,burst,gamma,557,464,462,95,299,299.0,7201.0,0.6270806077720431,0.3389087766942353,1353.452036641928,1174.6875974861737,4297.7270994605315,925.8744163138505,3242.4592551813003,3799.502452779582,4217.965679235038,1250.4514737966344,13.811899391269254,1189.6691084469905,1362.5455548329626,80.0,167.66153936056867,68.69117647058823,67.69117647058823,1800.0,1312.18487394958,0.6370377019748653,0.8370377019748654,0.7720588235294118,12,0.8573809193167615,10.0,126.78516872656576,245.0,0.5833333333333334,0.0,12.0,0.13500000000000004,4,2.2500000000000004,420.0,175.0,588.0,1.4,264.1300000000001,500.0,0.4752884858080808,117,23.59835972737301,63.32598538609818,-287.9240307694604,1.2,1.6,0.0,12.0,1
extended_disrupted,extended,disrupted,0.95,10,618010,S3,B1,burst,gamma,557,557,557,0,411,411.0,5759.0,0.9550890885070141,0.004129129129129129,642.6407842726117,638.782244141146,2117.321938202013,354.64998611944077,1728.929690375353,1999.0007603208185,2094.414131726993,253.33557780941607,359.79819788881264,613.478479468426,665.4806166943594,32.0,29.162304804185553,1.0,0.0,360.0,261.113105924596,0.6370377019748653,0.8370377019748654,3.9024910233393184,16,34.74565972222222,60.0,24.44826388888889,85.0,0.20238095238095238,0.0,36.0,0.3735000000000001,12,7.416666666666668,420.0,60.714285714285715,588.0,1.4,365.88,500.0,0.5283267265406211,188,-4.9981104853025045,74.00328869010593,-86.83298321583004,1.2,1.6,0.0,12.0,1
extended_disrupted,extended,disrupted,0.95,10,618010,S5,B3,burst,gamma,557,557,557,0,400,400.0,5891.0,0.9332296551432973,0.033377347417840375,755.6300122797929,650.3582997256369,2248.0817310120947,456.4599579043911,1854.8788708042052,2128.422861818124,2221.431191015511,366.4504790661485,367.30810084030793,734.1032836766539,778.4698447015406,24.0,21.526728603139162,1.0,0.0,180.0,130.556552962298,0.6370377019748653,0.8370377019748654,0.5832959305804908,16,34.675661914460285,60.0,34.5938560760353,99.0,0.0,0.0,7.0,0.07762500000000001,2,1.1250000000000002,0.0,0.0,0.0,0.0,0.0,80.0,0.46054592660417093,68,-12.295846855212972,55.42064742646812,-88.06756810452521,1.2,1.6,0.0,12.0,1
extended_disrupted,extended,disrupted,0.95,11,618011,S0,B0,burst,gamma,542,448,448,94,285,285.0,7201.0,0.6380964728237611,0.32691476886996235,1428.1033632166484,1259.3109935230668,4462.772262705957,904.8606799901852,3412.2874003128095,3859.0110791466914,4393.843578087632,1322.782096069229,20.20057325040611,1263.5159900384829,1451.1816604246026,80.0,169.2572342551986,69.20869565217392,68.20869565217392,1800.0,1385.2173913043478,0.6405535055350553,0.8405535055350555,0.7523550724637682,11,1.2253853631440077,10.0,129.74461880294405,245.0,0.5833333333333334,0.0,12.0,0.1365,3,1.8125000000000002,420.0,175.0,588.0,1.4,263.29,500.0,0.4870884069926975,105,-60.56129962150726,-147.5201365943101,165.84837810594763,1.2,1.6,0.0,12.0,1
extended_disrupted,extended,disrupted,0.95,11,618011,S3,B1,burst,gamma,542,542,542,0,348,348.0,5875.0,0.9557631382304932,0.0036865000368650003,975.0677329465526,710.5554731571756,2267.630256821273,1028.3118720416314,1920.5874930924426,2193.3603492220786,2225.094890791931,489.06588792810226,456.3769102891161,945.7749015382517,998.9847356104273,32.0,29.29283140830085,1.0,0.0,360.0,271.66051660516604,0.6405535055350553,0.8405535055350555,3.214867773677737,15,42.051906058543224,60.0,45.0643294758339,135.0,0.32142857142857145,0.0,36.0,0.3750000000000001,12,7.333333333333335,420.0,96.42857142857143,588.0,1.4,333.15,500.0,0.41597478769087903,164,-62.139981821081165,-154.0173911174038,182.49179461481685,1.2,1.6,0.0,12.0,1
extended_disrupted,extended,disrupted,0.95,11,618011,S5,B3,burst,gamma,542,542,542,0,337,337.0,6042.0,0.9333968493534117,0.04435483870967742,1115.2153344225674,737.0027998463734,2411.630256821273,1144.3834149129361,2083.6547348414715,2357.3459206606612,2393.6849903136044,615.6599838690616,477.5986236762467,1093.5907108663416,1139.132337086442,24.0,21.624623556225636,1.0,0.0,180.0,135.83025830258302,0.6405535055350553,0.8405535055350555,0.5900984009840099,15,42.79066688730763,60.0,55.17325831540626,149.0,0.0,0.0,7.0,0.07162500000000001,2,1.2083333333333335,0.0,0.0,0.0,0.0,0.0,80.0,0.3778836117788069,70,-65.98599696713245,-161.6478023728149,190.77242047104323,1.2,1.6,0.0,12.0,1
extended_disrupted,extended,disrupted,0.95,12,618012,S0,B0,burst,gamma,571,481,481,90,314,314.0,7201.0,0.6450211095494806,0.32637945932600915,1300.6588768628367,1193.8242145101963,4260.499318353701,858.9900689744281,3198.288548608228,3784.615958657183,4180.558073134791,1199.5976767553116,12.032022286853808,1140.3915228503142,1322.3857625529006,80.0,164.31568432491642,65.83975659229209,64.83975659229209,1800.0,1361.866125760649,0.6403677758318739,0.8403677758318739,0.7452248140635566,13,0.7707262880155534,10.0,124.11248437716984,245.0,0.5833333333333334,0.0,12.0,0.13500000000000004,3,1.729166666666667,420.0,175.0,588.0,1.4,262.6900000000002,500.0,0.5009387337763007,120,-23.779829102002168,-142.3432837753453,-123.49039614080948,1.2,1.6,0.0,12.0,1
extended_disrupted,extended,disrupted,0.95,12,618012,S3,B1,burst,gamma,571,571,571,0,410,410.0,5966.0,0.9415099049480238,0.004999275467323577,720.2375007762328,692.9257567545237,2371.1004364206156,418.2713645640424,1775.1442557911973,2070.760907873925,2317.610805472849,312.87848151178446,377.6424500500115,690.8361679891165,742.99532863629,32.0,29.401332787116313,1.0,0.0,360.0,271.1033274956217,0.6403677758318739,0.8403677758318739,3.4046628721541166,15,36.08982738394503,60.0,29.89274342215519,102.0,0.24285714285714285,0.0,48.0,0.5025000000000001,12,7.333333333333334,420.0,72.85714285714286,588.0,1.4,355.02,500.0,0.5224103083054679,193,14.401806265285018,-98.90741072621574,-62.28634683361361,1.2,1.6,0.0,12.0,1
extended_disrupted,extended,disrupted,0.95,12,618012,S5,B3,burst,gamma,571,571,571,0,389,389.0,6143.0,0.9174470282471491,0.058669867269133015,864.855714436478,722.58328928752,2534.5945011848034,587.3015063808912,1939.5861726069807,2229.760907873925,2465.771796204807,450.0063273961978,392.8281510226225,843.1497148461408,887.6135422965351,24.0,21.705999590337235,1.0,0.0,180.0,135.55166374781086,0.6403677758318739,0.8403677758318739,0.5835887332165792,15,36.461588541666664,60.0,41.775716145833336,127.0,0.0,0.0,7.0,0.07462500000000001,1,0.6875,0.0,0.0,0.0,0.0,0.0,80.0,0.4577028557211891,75,4.912222931951646,-137.91729075444437,-65.70693028171672,1.2,1.6,0.0,12.0,1
extended_disrupted,extended,disrupted,0.95,13,618013,S0,B0,burst,gamma,562,504,503,59,334,334.0,7201.0,0.6683667987177536,0.27633681622618317,1146.793221590722,1138.3073835234795,4000.9292060392277,634.0862003461078,3100.505779678162,3569.59831218114,3875.1005993882454,1051.5126936105073,9.761629460244846,996.5350097811254,1162.716068172609,80.0,154.08456115058837,59.11434108527132,58.11434108527132,1800.0,1332.5581395348838,0.6403202846975088,0.8403202846975089,0.7805232558139535,18,0.6472712123316207,7.0,99.28732120538814,214.0,0.5095238095238095,0.0,12.0,0.13200000000000003,3,1.8958333333333337,420.0,152.85714285714286,588.0,1.4,282.62000000000006,500.0,0.5336630736741999,133,22.644126861421228,-314.46429063322546,-31.839681132575834,1.2,1.6,0.0,12.0,1
extended_disrupted,extended,disrupted,0.95,13,618013,S3,B1,burst,gamma,562,562,562,0,399,399.0,5660.0,0.9238440460034865,0.010194765672550213,700.5140124518092,655.0884071629262,2003.3071762585114,550.591831692947,1808.996620890143,1840.2321988600675,1956.685527832413,311.52468860839286,359.23768042095736,671.1894152926953,722.1207849441043,32.0,29.324597159113804,1.0,0.0,360.0,270.9608540925267,0.6403202846975088,0.8403202846975089,3.0875593119810203,20,35.614909026673736,60.0,30.875993640699523,101.0,0.24047619047619048,0.0,48.0,0.5025000000000001,12,7.250000000000003,420.0,72.14285714285715,588.0,1.4,354.72999999999996,500.0,0.5135099344617835,180,70.64446616181704,14.911616840249849,-50.620163352590566,1.2,1.6,0.0,12.0,1
extended_disrupted,extended,disrupted,0.95,13,618013,S5,B3,burst,gamma,562,562,562,0,387,387.0,5867.0,0.8964274428369875,0.07788276982134948,861.3414145870405,686.646787559955,2190.3071762585114,701.5088813722128,2006.2432993525267,2038.071430858373,2156.685527832413,455.366325619069,383.89959483529094,839.6929667177053,882.9481870793358,24.0,21.648447869335357,1.0,0.0,180.0,135.48042704626334,0.6403202846975088,0.8403202846975089,0.5921559905100832,20,36.71796182685753,60.0,43.56305385139741,114.0,0.0,0.0,7.0,0.07462500000000001,2,1.2916666666666667,0.0,0.0,0.0,0.0,0.0,80.0,0.4420280601482227,76,59.48360569310876,-8.672955650456515,-56.41499835976424,1.2,1.6,0.0,12.0,1
extended_disrupted,extended,disrupted,0.95,14,618014,S0,B0,burst,gamma,548,447,446,102,287,287.0,7201.0,0.6645779135654885,0.2990988766818911,1388.6822589370693,1213.8707687707424,4341.007302707138,992.6815302490004,3334.3344168221756,3868.437161532803,4241.412300668192,1283.5734561351067,16.2500806904806,1223.2142188221806,1406.1557260039258,80.0,169.7892760783794,69.5599128540305,68.5599128540305,1800.0,1349.0196078431372,0.6404379562043795,0.8404379562043797,0.7655682643427743,17,0.9770865157616998,9.0,130.57283710595752,247.0,0.5880952380952381,0.0,12.0,0.13350000000000004,5,2.9375000000000004,420.0,176.42857142857144,588.0,1.4,262.43000000000006,500.0,0.4833502114643422,102,-96.10573401320858,508.2460506882187,80.76778497677356,1.2,1.6,0.0,12.0,1
extended_disrupted,extended,disrupted,0.95,14,618014,S3,B1,burst,gamma,548,548,548,0,341,341.0,6125.0,0.9550923566329736,0.004124004550625711,1001.2993062760041,751.2917667757963,2488.58410364279,829.397315231691,2204.6664654505435,2268.120163215253,2385.8186840072,503.1788683197996,468.3335231075091,971.9503476316884,1025.8110196038983,32.0,29.34895864431573,1.0,0.0,360.0,271.3138686131387,0.6404379562043795,0.8404379562043797,2.5104927007299276,20,41.850473392099246,60.0,44.96669931439765,145.0,0.34523809523809523,0.0,35.0,0.37462500000000004,12,7.333333333333335,420.0,103.57142857142858,588.0,1.4,326.56999999999994,500.0,0.4273800210978551,154,-22.522999209241675,138.77784428027326,-11.458895906468115,1.2,1.6,0.0,12.0,1
extended_disrupted,extended,disrupted,0.95,14,618014,S5,B3,burst,gamma,548,548,548,0,334,334.0,6276.0,0.9323536408472363,0.03727354758103699,1134.9799632103106,768.39812317388,2639.58410364279,975.897315231691,2362.513478395908,2425.030266826566,2519.8186840072,633.2171894876828,479.65809853501133,1113.3132442270737,1159.491676538205,24.0,21.666718983236798,1.0,0.0,180.0,135.65693430656935,0.6404379562043795,0.8404379562043797,0.5836374695863747,20,41.830492273379,60.0,55.23769316552493,152.0,0.0,0.0,7.0,0.07612500000000001,1,0.6875,0.0,0.0,0.0,0.0,0.0,80.0,0.3865869946366063,76,-28.57473970402407,129.5168552692844,-10.3055450611796,1.2,1.6,0.0,12.0,1
extended_disrupted,extended,disrupted,0.95,15,618015,S0,B0,burst,gamma,525,441,441,84,282,282.0,7201.0,0.6705605873194846,0.27923318744991676,1421.1304736490283,1266.3444233294308,4354.320333559462,1178.5215041883503,3328.1572426137086,3837.3435771369886,4273.214435005562,1314.514035886318,24.003453890980758,1261.3448118937508,1445.7982840981988,80.0,164.44797498903623,66.54083885209712,65.54083885209712,1800.0,1335.0993377483444,0.6382285714285714,0.8382285714285715,0.7911607799852833,5,1.4381335925565895,10.0,122.13734203582835,229.0,0.5452380952380952,0.0,12.0,0.135,4,2.166666666666667,420.0,163.57142857142858,588.0,1.4,274.01,500.0,0.4955532848828321,120,92.97927211800129,-5.1304611915857095,14.005751991772286,1.2,1.6,0.0,12.0,1
extended_disrupted,extended,disrupted,0.95,15,618015,S3,B1,burst,gamma,525,525,525,0,352,352.0,5601.0,0.9314763703063177,0.004056047197640118,902.7992296327642,706.8651826817073,2064.9224835432365,711.6251255293198,1964.1486142836216,2007.4600229809498,2037.2124662384476,439.03542010895467,434.3974294467524,873.56999241285,926.8579335972472,32.0,29.22923721991426,1.0,0.0,360.0,264.6857142857143,0.6382285714285714,0.8382285714285715,3.1773412698412704,6,40.6615494466262,60.0,41.09960728311317,111.0,0.2642857142857143,0.0,30.0,0.31575000000000014,12,7.250000000000001,420.0,79.28571428571429,588.0,1.4,349.11,500.0,0.44444175739368963,173,11.04580390313697,126.11307941214307,65.46549666432657,1.2,1.6,0.0,12.0,1
extended_disrupted,extended,disrupted,0.95,15,618015,S5,B3,burst,gamma,525,525,525,0,341,341.0,5704.0,0.9119725329497236,0.054873646209386284,1000.1554201089547,712.7337689067367,2149.5826732207124,817.7206782753753,2074.086579387206,2108.1808038353543,2132.2124662384476,540.1801820137166,438.26116732315955,978.578492194019,1024.2141240734377,24.0,21.5769279149357,1.0,0.0,180.0,132.34285714285716,0.6382285714285714,0.8382285714285715,0.5929761904761904,6,40.28466257668712,60.0,49.66538124452235,123.0,0.0,0.0,6.0,0.06675,2,1.2916666666666667,0.0,0.0,0.0,0.0,0.0,80.0,0.4048598314509655,71,4.209134921509417,120.93693170755228,68.00037307823516,1.2,1.6,0.0,12.0,1
extended_disrupted,extended,disrupted,0.95,16,618016,S0,B0,burst,gamma,513,464,464,49,297,297.0,7201.0,0.6848997419298681,0.27842241698555736,1320.9524235657018,1186.9244431018258,4059.4304240268507,886.322424652873,3300.9354245607906,3733.4072784651016,4027.9199350088106,1212.1851850008552,17.144009975861373,1161.8421231967359,1344.8678236061066,80.0,162.92702326305235,64.44327731092437,63.44327731092437,1800.0,1350.0,0.6407602339181288,0.8407602339181288,0.7494747899159665,29,1.0730454103596723,7.0,99.43091237328149,203.0,0.48333333333333334,0.0,12.0,0.1335,3,1.8958333333333337,420.0,145.0,588.0,1.4,289.38999999999993,500.0,0.4936110023484259,131,3.4676842491537627,-280.940106152882,75.33507266473748,1.2,1.6,0.0,12.0,1
extended_disrupted,extended,disrupted,0.95,16,618016,S3,B1,burst,gamma,513,513,513,0,352,352.0,5589.0,0.959611477337495,0.0022326584032643006,794.5298588453282,647.7381045216918,2016.6017962007104,647.0161264030444,1786.4271405015995,1846.2004816534836,1959.233344560863,353.5746931533204,410.6340242796235,764.8870800060433,818.8269221574856,32.0,29.642778839284855,1.0,0.0,360.0,272.280701754386,0.6407602339181288,0.8407602339181288,3.1174870045484084,29,37.64025044722719,60.0,32.40143112701252,103.0,0.24523809523809523,0.0,30.0,0.31725000000000014,12,7.333333333333335,420.0,73.57142857142857,588.0,1.4,353.87,500.0,0.4595006634686092,157,26.073623972414794,-166.8011989354286,61.63066557329569,1.2,1.6,0.0,12.0,1
extended_disrupted,extended,disrupted,0.95,16,618016,S5,B3,burst,gamma,513,513,513,0,342,342.0,5770.0,0.934012250216315,0.04211315099288123,946.3095859408448,675.766679933216,2153.840045893624,832.689997226681,1964.3155813048415,2028.6567443631554,2136.978781384386,489.37586274396375,434.368276494318,924.4225018113812,970.6066492530022,24.0,21.887084129463645,1.0,0.0,180.0,136.140350877193,0.6407602339181288,0.8407602339181288,0.5862166991552957,29,38.5671460752036,60.0,43.456939871772654,113.0,0.0,0.0,7.0,0.07762500000000001,2,1.2083333333333335,0.0,0.0,0.0,0.0,0.0,80.0,0.40409813257937865,83,21.868914689857547,-195.06577956864464,63.90933959970539,1.2,1.6,0.0,12.0,1
extended_disrupted,extended,disrupted,0.95,17,618017,S0,B0,burst,gamma,541,477,477,64,313,313.0,7201.0,0.6738429405841383,0.2741836859483918,1246.3859006909317,1182.3024663960814,4131.392300863901,726.8259260926873,3237.576643257022,3688.8970431808643,4034.0705635438935,1146.196628379727,16.786522156709893,1093.5309134136794,1269.488683605634,80.0,157.00836443837142,61.04294478527607,60.04294478527607,1800.0,1354.601226993865,0.640720887245841,0.8407208872458412,0.7676806407634629,11,1.078044716011665,9.0,105.20455492292737,218.0,0.5190476190476191,0.0,12.0,0.13350000000000004,3,1.8125000000000002,420.0,155.71428571428572,588.0,1.4,281.5000000000001,500.0,0.5163044404585362,120,-154.79317837581993,181.35665093580474,-176.80707811322077,1.2,1.6,0.0,12.0,1
extended_disrupted,extended,disrupted,0.95,17,618017,S3,B1,burst,gamma,541,541,541,0,360,360.0,5775.0,0.9377527851682144,0.002087994034302759,818.158407544372,685.6107607633578,2138.172142982773,729.5842205087185,1868.5962714930201,1898.2646937641543,2087.3169737427443,396.53363859797645,392.0635390717795,788.8633514220664,841.4028897053807,32.0,29.295056122305535,1.0,0.0,360.0,272.1626617375231,0.640720887245841,0.8407208872458412,2.8325246457178066,12,36.676419667590025,60.0,37.09400969529086,123.0,0.29285714285714287,0.0,32.0,0.33450000000000013,12,7.250000000000001,420.0,87.85714285714286,588.0,1.4,341.18999999999994,500.0,0.4721176176403603,157,-72.1235768909005,43.292271947604945,21.312836869005764,1.2,1.6,0.0,12.0,1
extended_disrupted,extended,disrupted,0.95,17,618017,S5,B3,burst,gamma,541,541,541,0,341,341.0,5947.0,0.9159636425891001,0.04807342122514385,972.2841007051853,714.5963987871737,2335.172142982773,908.6951029982215,2051.230466984117,2086.4729053600413,2274.996190247898,536.5890914630412,413.80254339810455,950.657808613456,995.5285828661939,24.0,21.626292091729155,1.0,0.0,180.0,136.08133086876154,0.640720887245841,0.8407208872458412,0.5838339494762786,12,37.59246805648958,60.0,48.76008742434432,138.0,0.0,0.0,7.0,0.070125,1,0.6875,0.0,0.0,0.0,0.0,0.0,80.0,0.4158568078693132,67,-84.54975290830271,20.57879946183641,18.500731854946366,1.2,1.6,0.0,12.0,1
extended_disrupted,extended,disrupted,0.95,18,618018,S0,B0,burst,gamma,545,462,461,84,300,300.0,7201.0,0.6358166902850719,0.3093489663684048,1350.7415654214212,1234.9156823233748,4334.179933987887,938.393247941178,3289.111056269279,3847.163551517947,4268.1325164748305,1250.4703760455332,14.533244431914566,1189.569182147708,1366.5267521839007,80.0,165.52248259350912,67.0042194092827,66.0042194092827,1800.0,1291.139240506329,0.6363119266055045,0.8363119266055046,0.7526371308016878,14,0.9000138869601444,9.0,121.66435217330927,232.0,0.5523809523809524,0.0,12.0,0.13350000000000004,3,1.8125000000000002,420.0,165.71428571428572,588.0,1.4,273.08,500.0,0.5036634770180248,116,-59.47440239065668,15.256139063716091,-60.87690151743982,1.2,1.6,0.0,12.0,1
extended_disrupted,extended,disrupted,0.95,18,618018,S3,B1,burst,gamma,545,545,545,0,361,361.0,5793.0,0.9223480480214276,0.005067441687159997,888.0455590114703,740.9930977760113,2246.297107471744,622.1591337558352,2054.65533056753,2167.3062101338846,2232.808173640859,431.630880112388,426.85272976908544,858.8579218080788,910.7556295736714,32.0,29.187637203391567,1.0,0.0,360.0,258.9357798165138,0.6363119266055045,0.8363119266055046,3.036276758409786,17,40.10372799447705,60.0,40.55540214014498,129.0,0.30714285714285716,0.0,24.0,0.2520000000000001,12,7.333333333333335,420.0,92.14285714285715,588.0,1.4,338.49,500.0,0.4696201007822094,167,-55.90383372657959,-64.84404629388143,-82.94100761581865,1.2,1.6,0.0,12.0,1
extended_disrupted,extended,disrupted,0.95,18,618018,S5,B3,burst,gamma,545,545,545,0,343,343.0,5938.0,0.9043539716790547,0.050270349262019585,1035.7336324059659,772.171055943145,2425.208027965634,780.3301317648,2245.0834964971123,2344.306210133885,2412.397841576507,570.7886782775255,443.02491429929114,1014.187904503422,1058.443702968167,24.0,21.545727902543675,1.0,0.0,180.0,129.4678899082569,0.6363119266055045,0.8363119266055046,0.5877293577981653,17,40.610540495032836,60.0,52.33524162316888,142.0,0.0,0.0,7.0,0.07612500000000001,2,1.375,0.0,0.0,0.0,0.0,0.0,80.0,0.4219060046267298,83,-66.56593022085258,-88.88712153924689,-88.5785083007878,1.2,1.6,0.0,12.0,1
extended_disrupted,extended,disrupted,0.95,19,618019,S0,B0,burst,gamma,516,433,431,85,274,274.0,7201.0,0.6325119603285523,0.3120602394766078,1430.0267257135292,1192.1827953136524,4326.549543381409,1062.464020470816,3268.181998233565,3791.694738095042,4239.399071213842,1322.8911896840475,15.878504204107822,1263.0461075157896,1440.1296695612104,80.0,171.5460429623184,70.99550561797753,69.99550561797753,1800.0,1355.056179775281,0.6411627906976745,0.8411627906976745,0.7520131086142323,17,0.9300097208721011,9.0,120.21219275100681,230.0,0.5476190476190477,0.0,12.0,0.13650000000000007,3,1.8125000000000002,420.0,164.2857142857143,588.0,1.4,270.22000000000014,500.0,0.464454984532944,106,144.76926631773904,-14.178730294629304,154.02522578934736,1.2,1.6,0.0,12.0,1
extended_disrupted,extended,disrupted,0.95,19,618019,S3,B1,burst,gamma,516,516,516,0,351,351.0,5672.0,0.9246156166835103,0.003494378608325737,855.1943318539885,660.4476321748957,2077.118213054973,788.8869219657432,1875.3458385419196,2027.573935378945,2059.234579695606,388.91138611755434,436.421281295084,825.7745278777546,878.782781423798,32.0,29.41980397623382,1.0,0.0,360.0,273.48837209302326,0.6411627906976745,0.8411627906976745,3.1914567183462537,19,39.649568129737354,60.0,35.32927904107174,107.0,0.25476190476190474,0.0,36.0,0.3795000000000001,12,7.166666666666669,420.0,76.42857142857143,588.0,1.4,350.11,500.0,0.43660202550122107,165,96.34312435052925,-10.422395680470572,-43.14375456204323,1.2,1.6,0.0,12.0,1
extended_disrupted,extended,disrupted,0.95,19,618019,S5,B3,burst,gamma,516,516,516,0,332,332.0,5895.0,0.8955002926737589,0.0701883460859329,1039.2369675129032,697.6377011048764,2299.118213054973,960.2561396936117,2096.34583854192,2248.504217766124,2274.627539106561,536.5547969702675,480.520457095344,1017.5171145307279,1062.8254170827129,24.0,21.719852982175368,1.0,0.0,180.0,136.74418604651163,0.6411627906976745,0.8411627906976745,0.590843023255814,19,42.0101763907734,60.0,46.9143487109905,124.0,0.0,0.0,7.0,0.07912500000000001,2,1.2916666666666667,0.0,0.0,0.0,0.0,0.0,80.0,0.3818316315842998,80,90.6244699162786,-34.01643322187658,-43.652252633402895,1.2,1.6,0.0,12.0,1
extended_moderate,extended,moderate,0.7,0,616000,S0,B0,poisson,gamma,330,330,330,0,319,319.0,3688.0,0.6583001536402167,0.018342820999367487,80.67760681951813,17.784452227398575,147.67539502568548,77.02984493354029,104.17488644725948,111.46687926278199,138.54329137049547,1.5897280316393343,7.363900030150389,9.426355334516995,102.75460015387048,80.0,71.25125148500113,1.0121212121212122,0.012121212121212121,1800.0,1314.5454545454545,0.6376363636363636,0.8376363636363638,0.7118686868686871,13,0.6164272160477094,7.0,0.09704526972079154,3.0,0.007142857142857143,0.0,12.0,0.12750000000000003,3,1.729166666666667,420.0,2.142857142857143,588.0,1.4,418.11,500.0,0.1198174652527002,105,7.948818584136674,30.611599304534735,-2.5753658540166384,1.2,1.6,0.0,12.0,1
extended_moderate,extended,moderate,0.7,0,616000,S3,B1,poisson,gamma,330,330,330,0,323,323.0,3647.0,0.6656988121652301,0.019736842105263157,38.70184924376054,12.902136435594867,96.49104264503876,34.90107019944048,56.838597665032836,66.22234395766137,80.07216406919945,1.6018492437605463,6.861802436302581,8.936378952790399,60.77884257811293,32.0,29.765470290970143,1.0,0.0,360.0,262.90909090909093,0.6376363636363636,0.8376363636363638,0.7372474747474749,13,0.5753837719298246,7.0,0.09923245614035088,3.0,0.007142857142857143,0.0,8.0,0.0825,3,1.8958333333333337,420.0,2.142857142857143,588.0,1.4,417.87,500.0,0.16988295898455363,55,4.085794193892788,9.745247103276874,-1.7382915363942146,1.2,1.6,0.0,12.0,1
extended_moderate,extended,moderate,0.7,0,616000,S5,B3,poisson,gamma,330,330,330,0,314,314.0,3760.0,0.645697757718362,0.3307630949215634,143.47760681951812,26.58998440419271,210.97387072847278,147.0511113688557,169.7236073748419,179.89122588241295,195.84791959103447,114.72912197103327,6.296654857529972,121.49850410129051,165.5546001538705,24.0,21.97910271822761,1.0,0.0,180.0,131.45454545454547,0.6376363636363636,0.8376363636363638,0.6196969696969697,13,0.508641318798192,7.0,10.022334485509173,20.0,0.0,0.0,7.0,0.07462500000000001,2,1.2916666666666667,0.0,0.0,0.0,0.0,0.0,80.0,0.09167979123943937,40,-0.29313263537551393,16.290844587553636,-1.1375788513348937,1.2,1.6,0.0,12.0,1
extended_moderate,extended,moderate,0.7,1,616001,S0,B0,poisson,gamma,311,311,311,0,304,304.0,3703.0,0.654029326257932,0.027447804175665946,78.89700167973697,19.279502946623445,145.6808227844267,75.26834444613291,106.39516646491074,115.65825336350963,132.88286581898961,1.4500563421163926,5.380830653691603,7.293909503846564,102.26540641728727,80.0,71.60309217589041,1.0032154340836013,0.003215434083601286,1800.0,1308.0385852090033,0.637202572347267,0.8372025723472669,0.6920551982851018,12,0.4090172786177106,5.0,0.08045356371490281,3.0,0.007142857142857143,0.0,12.0,0.129,3,1.8125000000000002,420.0,2.142857142857143,588.0,1.4,418.11,500.0,0.13336999625370694,98,8.14275249583585,38.215123755607365,0.4216267368463775,1.2,1.6,0.0,12.0,1
extended_moderate,extended,moderate,0.7,1,616001,S3,B1,poisson,gamma,311,311,311,0,306,306.0,3653.0,0.6629788244278544,0.01879219120598431,36.64941325529967,10.998138366237072,98.33071268332787,34.8155714224722,49.89692756542354,57.330433241641,71.38850951947286,1.3053618083543346,4.969657020319094,6.738041336711999,60.017817992849984,32.0,29.911371918587676,1.0,0.0,360.0,261.60771704180064,0.637202572347267,0.8372025723472669,0.6845525187566989,12,0.37903667214012043,5.0,0.0692391899288451,3.0,0.007142857142857143,0.0,7.0,0.07612500000000001,3,1.8125000000000002,420.0,2.142857142857143,588.0,1.4,418.11,500.0,0.1546427482744861,61,3.362228982082513,14.71097811753959,-0.8667064556855237,1.2,1.6,0.0,12.0,1
extended_moderate,extended,moderate,0.7,1,616001,S5,B3,poisson,gamma,311,311,311,0,298,298.0,3765.0,0.6432619820656877,0.32589838909541513,140.7201528051389,26.75115977711185,205.33071268332787,145.46830258207228,163.36517192511565,170.22483557726878,185.23980189304925,114.32786984693954,3.840731511220009,118.63162386619815,164.08855754268922,24.0,22.088528938940755,1.0,0.0,180.0,130.80385852090032,0.637202572347267,0.8372025723472669,0.6119372990353699,12,0.27615507169410514,4.0,9.400690387679235,17.0,0.0,0.0,5.0,0.05587500000000001,2,1.2916666666666667,0.0,0.0,0.0,0.0,0.0,80.0,0.08867027802850669,36,0.6735422030230609,8.63761834825334,2.5829007082918167,1.2,1.6,0.0,12.0,1
extended_moderate,extended,moderate,0.7,2,616002,S0,B0,poisson,gamma,329,329,329,0,316,316.0,3784.0,0.6751966916734201,0.022369000440334654,86.78367297406761,24.466506707194338,201.79239059660904,80.80658148199427,120.98175725019925,132.27979390170748,160.39344858263314,3.871818870724145,11.46005704659951,15.80604005106226,110.08719404990859,80.0,70.97763292300534,1.2279635258358663,0.22796352583586627,1800.0,1318.5410334346504,0.6379027355623099,0.8379027355623102,0.7149822695035463,13,0.950330250990753,9.0,0.2940554821664465,8.0,0.01904761904761905,0.0,12.0,0.12750000000000003,3,1.8125000000000002,420.0,5.714285714285714,588.0,1.4,414.76,500.0,0.15064292655482547,99,4.788809779841955,51.42433382861071,-0.29965896507231093,1.2,1.6,0.0,12.0,1
extended_moderate,extended,moderate,0.7,2,616002,S3,B1,poisson,gamma,329,329,329,0,319,319.0,3723.0,0.6862565730354176,0.024883637665592553,44.74719880993387,19.051656492732093,114.37108026848364,37.80658148199427,70.61364548675009,87.46236014270643,99.56530345070115,2.9082930348578833,11.83390731712005,15.216364485716534,68.05071988577484,32.0,29.53083432421734,1.0,0.0,360.0,263.7082066869301,0.6379027355623099,0.8379027355623102,0.8758232016210741,13,1.0008055853920517,6.0,0.21374865735767992,5.0,0.011904761904761904,0.0,9.0,0.09637500000000002,5,3.020833333333334,420.0,3.5714285714285716,588.0,1.4,416.65,500.0,0.22321347536642566,62,1.7497940764260704,21.248143352420243,-0.3006135278825539,1.2,1.6,0.0,12.0,1
extended_moderate,extended,moderate,0.7,2,616002,S5,B3,poisson,gamma,329,329,329,0,309,309.0,3821.0,0.6686602506498939,0.30429094714809,142.8383842202682,30.681652633736867,211.11003701357868,147.35329697312181,171.50942571126677,182.00214719736593,198.64904716035866,112.8596608160129,7.701433527353717,121.0352584771052,166.14190529610917,24.0,21.803125743163005,1.0,0.0,180.0,131.85410334346506,0.6379027355623099,0.8379027355623102,0.614678318135765,13,0.6187859759288331,6.0,9.67294610151753,22.0,0.0,0.0,7.0,0.07462500000000001,3,1.8125000000000002,0.0,0.0,0.0,0.0,0.0,80.0,0.10867321627384419,36,-1.251824832429378,17.422746527023378,6.265442218585548,1.2,1.6,0.0,12.0,1
extended_moderate,extended,moderate,0.7,3,616003,S0,B0,poisson,gamma,356,356,356,0,335,335.0,3764.0,0.6994175532220384,0.026383355467020805,98.5703829958648,40.41701797044703,243.83923559361483,83.6167978872461,171.4835350158353,190.86830670145935,204.57173501210156,12.556338052044579,12.881180919953815,25.943136949526483,120.76117306227752,80.0,72.62724604633831,1.8314606741573034,0.8314606741573034,1800.0,1496.629213483146,0.6497752808988764,0.8497752808988766,0.7507022471910112,15,1.1718459495351925,9.0,1.1415670650730412,14.0,0.03333333333333333,0.0,12.0,0.1335,3,1.8125000000000002,420.0,10.0,588.0,1.4,410.86,500.0,0.21173921485387925,107,3.4475432308269944,32.628182890247714,2.3198630918207073,1.2,1.6,0.0,12.0,1
extended_moderate,extended,moderate,0.7,3,616003,S3,B1,poisson,gamma,356,356,356,0,340,340.0,3707.0,0.7101691175515034,0.018788205681409566,54.289484119460305,36.89700749267428,212.9035763872771,39.026540890744215,112.929762696039,140.05910436448744,182.28158460586153,7.328809962156939,16.614404952251203,24.44883289193622,76.480274185873,32.0,29.840651227524084,1.0,0.0,360.0,299.3258426966292,0.6497752808988764,0.8497752808988766,1.3341526217228468,15,1.545846817691478,14.0,0.6572276159654801,12.0,0.02857142857142857,0.0,12.0,0.12600000000000003,12,7.000000000000002,420.0,8.571428571428571,588.0,1.4,412.32,500.0,0.3193582531197181,85,2.5236187025251127,13.646519777241323,2.549721889218773,1.2,1.6,0.0,12.0,1
extended_moderate,extended,moderate,0.7,3,616003,S5,B3,poisson,gamma,356,356,356,0,326,326.0,3820.0,0.6891669949963294,0.2709587368053738,155.64903468125806,49.52798517667069,280.83923559361483,150.21349108621325,226.11817227355516,259.6362907977823,269.8865092290977,112.71645041159513,20.391477871491762,133.613546260615,177.83982474767078,24.0,22.035488420643066,1.0,0.0,180.0,149.6629213483146,0.6497752808988764,0.8497752808988766,0.6238295880149813,15,1.8547500654278986,16.0,10.456686731222193,22.0,0.0,0.0,6.0,0.06675,3,1.6458333333333335,0.0,0.0,0.0,0.0,0.0,80.0,0.16901803356184142,41,4.029731910072286,-11.329173186511326,-0.7298592626136724,1.2,1.6,0.0,12.0,1
extended_moderate,extended,moderate,0.7,4,616004,S0,B0,poisson,gamma,321,321,321,0,307,307.0,3718.0,0.6276571337012093,0.037823787756565384,78.80261748425065,16.502076900045434,136.8574575921939,75.94937148648978,100.60939143935138,110.51444946793936,123.60141964062011,2.397633060574639,7.087652399645302,9.896500413490976,100.6181023462581,80.0,68.90611707075968,1.0498442367601246,0.04984423676012461,1800.0,1474.766355140187,0.6483177570093458,0.848317757009346,0.6886682242990655,11,0.5670879268620597,7.0,0.16375369723043828,4.0,0.009523809523809525,0.0,12.0,0.13050000000000003,3,1.8125000000000002,420.0,2.857142857142857,588.0,1.4,417.32,500.0,0.11572635132570541,84,2.254105311723876,41.457142297483415,-0.9549614178849879,1.2,1.6,0.0,12.0,1
extended_moderate,extended,moderate,0.7,4,616004,S3,B1,poisson,gamma,321,321,321,0,310,310.0,3682.0,0.6337922563765401,0.02009231604670106,38.75588851228804,12.822871517387599,91.8574575921939,34.34331759871611,57.68128693249423,64.74233016789933,74.84185609014794,2.079876051228845,7.459260336805162,9.950351341305037,60.57137337429549,32.0,28.805537170982998,1.0,0.0,360.0,294.95327102803736,0.6483177570093458,0.848317757009346,0.7460410176531673,11,0.6057561770295954,7.0,0.13765951669834375,5.0,0.011904761904761904,0.0,8.0,0.0855,5,2.854166666666667,420.0,3.5714285714285716,588.0,1.4,416.89,500.0,0.17613406059888503,47,-2.131544912491364,16.109041031660645,-0.3269116389428177,1.2,1.6,0.0,12.0,1
extended_moderate,extended,moderate,0.7,4,616004,S5,B3,poisson,gamma,321,321,321,0,309,309.0,3762.0,0.6203180654357686,0.3359022056869519,138.09233711041887,32.394494520114385,200.8574575921939,145.28184285592442,166.68004660739552,173.66270852747948,180.44424480386792,111.00822496088617,5.413744318024436,116.83318423218162,159.90782197242632,24.0,21.25915287823725,1.0,0.0,180.0,147.47663551401868,0.6483177570093458,0.848317757009346,0.6350597092419523,11,0.41908052086101516,7.0,9.42678713792187,19.0,0.0,0.0,6.0,0.06375,2,1.2916666666666667,0.0,0.0,0.0,0.0,0.0,80.0,0.11158898387590788,28,-2.5579199468100455,1.5457498924201047,-5.23783353185263,1.2,1.6,0.0,12.0,1
extended_moderate,extended,moderate,0.7,5,616005,S0,B0,poisson,gamma,323,323,323,0,315,315.0,3673.0,0.63752657758887,0.027944111776447105,81.1841159156914,21.832438100360186,183.70316178623762,75.57756890781917,114.41946695299262,127.58255297678983,146.95425245045217,5.441081859963834,5.112323162741481,10.962073753355474,102.9389702134763,80.0,70.22204216233591,1.390092879256966,0.39009287925696595,1800.0,1237.1517027863777,0.6324767801857584,0.8324767801857584,0.7202657378740971,11,0.40718562874251496,6.0,0.4357648339684268,8.0,0.01904761904761905,0.0,12.0,0.129,3,1.8125000000000002,420.0,5.714285714285714,588.0,1.4,415.24,500.0,0.14200549156608955,92,3.784291638405165,36.60705155840911,7.227265691272265,1.2,1.6,0.0,12.0,1
extended_moderate,extended,moderate,0.7,5,616005,S3,B1,poisson,gamma,323,323,323,0,318,318.0,3636.0,0.644012275518699,0.018880029328200897,40.010741302688295,17.470247096167267,111.0690549015826,34.34963954185241,62.850509448258904,81.27798585739808,104.67195217136378,3.267707246960738,7.1998023301120755,10.876178307722968,61.7655956004732,32.0,29.134562994965325,1.0,0.0,360.0,247.43034055727554,0.6324767801857584,0.8324767801857584,0.9612358101135193,11,0.5969205389056915,8.0,0.24718174319494088,7.0,0.016666666666666666,0.0,8.0,0.0825,7,3.8125000000000004,420.0,5.0,588.0,1.4,415.91,500.0,0.21080302011202834,60,0.35629163840516753,14.958028757106177,4.8528883812931625,1.2,1.6,0.0,12.0,1
extended_moderate,extended,moderate,0.7,5,616005,S5,B3,poisson,gamma,323,323,323,0,309,309.0,3745.0,0.6252729968130027,0.3488165153941983,143.55872891878738,27.19206777153533,213.70316178623762,145.63317376392888,172.35284038423399,185.4266062469746,195.94920966613716,115.10671653488642,6.53742140702677,122.05280667256335,165.31358321657228,24.0,21.505922246223992,1.0,0.0,180.0,123.71517027863777,0.6324767801857584,0.8324767801857584,0.6291924664602684,11,0.5197544046983449,8.0,9.883342231713828,22.0,0.0,0.0,6.0,0.06375,3,1.8125000000000002,0.0,0.0,0.0,0.0,0.0,80.0,0.09469213813495903,33,-1.646981088867534,22.338118333653398,5.5588581707836795,1.2,1.6,0.0,12.0,1
extended_moderate,extended,moderate,0.7,6,616006,S0,B0,poisson,gamma,322,322,322,0,315,315.0,3692.0,0.634697398980037,0.032313385684628576,82.03014949355632,18.602585041246524,139.31475632395632,78.52216142379325,108.39320123679362,117.61563256104579,132.29071178438235,2.0456774438668806,9.003205899274239,11.5706224735759,103.86807646032594,80.0,70.45952701998041,1.0403726708074534,0.040372670807453416,1800.0,1397.5155279503106,0.6431677018633539,0.843167701863354,0.7409420289855073,14,0.7416734362307067,8.0,0.13593284592472243,4.0,0.009523809523809525,0.0,12.0,0.1305,4,2.2500000000000004,420.0,2.857142857142857,588.0,1.4,417.44,500.0,0.12463745875449184,95,9.275035639057975,34.62757967636337,-0.357452037589681,1.2,1.6,0.0,12.0,1
extended_moderate,extended,moderate,0.7,6,616006,S3,B1,poisson,gamma,322,322,322,0,319,319.0,3641.0,0.6435852538257212,0.02709134175361523,39.69164017678614,13.236337860872686,93.5069693218943,35.44690952131441,58.21681063037291,66.7827845312482,80.63151190572958,1.930770611568744,7.806735775858765,10.25924551786229,61.52956714355578,32.0,29.432394658923847,1.0,0.0,360.0,279.5031055900621,0.6431677018633539,0.843167701863354,0.7908902691511388,14,0.6466227347611203,7.0,0.12767710049423395,4.0,0.009523809523809525,0.0,9.0,0.09337500000000001,4,2.3333333333333335,420.0,2.857142857142857,588.0,1.4,417.44,500.0,0.17586337766078874,67,2.907908142898215,7.4150000585289675,0.27050674826385546,1.2,1.6,0.0,12.0,1
extended_moderate,extended,moderate,0.7,6,616006,S5,B3,poisson,gamma,322,322,322,0,310,310.0,3756.0,0.6238854124123706,0.3377694969390471,134.41213707119607,34.67112362724731,198.5069693218943,145.51152431792957,161.18492532120618,165.39101353804514,182.05025533402676,108.6543730960408,3.5067288505276215,112.68284107700319,156.2500640379657,24.0,21.729295994192885,1.0,0.0,180.0,139.75155279503105,0.6431677018633539,0.843167701863354,0.636516563146998,14,0.25765238221985626,5.0,9.270694703220654,19.0,0.0,0.0,7.0,0.07162500000000001,3,1.729166666666667,0.0,0.0,0.0,0.0,0.0,80.0,0.12372675006466305,36,0.35921382646196776,-23.19089166121627,10.763962610140766,1.2,1.6,0.0,12.0,1
extended_moderate,extended,moderate,0.7,7,616007,S0,B0,poisson,gamma,322,322,322,0,309,309.0,3780.0,0.653528835094108,0.020276822710041435,78.37596377623252,18.371395621425304,158.3079605911587,74.34411096132465,101.02922672195112,112.23045639804003,133.44867127928396,1.9722370681579837,6.057225021691762,8.215797493576453,101.39763326838305,80.0,70.16016628265606,1.0559006211180124,0.055900621118012424,1800.0,1380.745341614907,0.6420496894409937,0.8420496894409938,0.6984989648033126,5,0.47289076963766197,7.0,0.12430573922242794,3.0,0.007142857142857143,0.0,12.0,0.1335,3,1.729166666666667,420.0,2.142857142857143,588.0,1.4,418.11,500.0,0.12755838634598438,100,8.319427861508089,40.45985454390036,4.065954450204032,1.2,1.6,0.0,12.0,1
extended_moderate,extended,moderate,0.7,7,616007,S3,B1,poisson,gamma,322,322,322,0,312,312.0,3745.0,0.659634950745014,0.021267129382452395,37.61819980107724,12.098895107712146,91.83242417030351,34.43771643138689,53.60938168727022,61.154683652253524,78.6066197980716,1.7144730930027041,6.4137471515338484,8.31455564826326,60.63986929322777,32.0,29.303644152813984,1.0,0.0,360.0,276.14906832298135,0.6420496894409937,0.8420496894409938,0.763457556935818,5,0.5074746396155899,6.0,0.10331019754404698,4.0,0.009523809523809525,0.0,9.0,0.09637500000000002,4,2.3333333333333335,420.0,2.857142857142857,588.0,1.4,417.44,500.0,0.1669182433289691,52,5.3386089598694255,14.846413683685299,4.411200169857324,1.2,1.6,0.0,12.0,1
extended_moderate,extended,moderate,0.7,7,616007,S5,B3,poisson,gamma,322,322,322,0,303,303.0,3850.0,0.6416495781591334,0.3344585821864451,142.25484576381015,23.45045174060201,203.8324241703035,144.81710505208912,161.1186388974712,176.7787528576552,191.50722623560029,115.7890072544934,4.646769990979577,120.62211264919966,165.2765152559607,24.0,21.63273311461048,1.0,0.0,180.0,138.07453416149067,0.6420496894409937,0.8420496894409938,0.6064958592132506,5,0.3443261490521942,7.0,9.63879511815113,21.0,0.0,0.0,6.0,0.06375,2,1.375,0.0,0.0,0.0,0.0,0.0,80.0,0.07969225549922854,24,7.46474691134506,1.2878115331476465,2.1335433661341767,1.2,1.6,0.0,12.0,1
extended_moderate,extended,moderate,0.7,8,616008,S0,B0,poisson,gamma,356,356,356,0,348,348.0,3669.0,0.726756592054348,0.02061762034514078,81.66013638771079,17.922666048626347,164.99108140513044,79.40936616365701,105.59381489671,116.0498611452129,131.5463850161459,1.7331700955759546,10.085509547115993,12.18946615954588,104.13651301276238,80.0,69.4706702281649,1.0168539325842696,0.016853932584269662,1800.0,1344.943820224719,0.6396629213483145,0.8396629213483148,0.7237827715355806,11,0.929700272479564,6.0,0.12070844686648502,3.0,0.007142857142857143,0.0,12.0,0.1305,3,1.8958333333333337,420.0,2.142857142857143,588.0,1.4,417.99,500.0,0.12024523237055029,100,8.539293248929013,34.49865404872517,-0.9929077530397876,1.2,1.6,0.0,12.0,1
extended_moderate,extended,moderate,0.7,8,616008,S3,B1,poisson,gamma,356,356,356,0,351,351.0,3633.0,0.7339561620361741,0.017978352595853973,39.4297993090591,11.850726750535582,80.33636701368528,36.845905148762256,55.32572140592447,62.856081412276524,74.10522530635906,1.5421588596208986,8.466361122217181,10.379306498692015,61.9061759341107,32.0,29.050492810367082,1.0,0.0,360.0,268.9887640449438,0.6396629213483145,0.8396629213483148,0.7398174157303371,11,0.7804072647220693,5.0,0.10319207484865163,3.0,0.007142857142857143,0.0,8.0,0.08700000000000001,3,1.8958333333333337,420.0,2.142857142857143,588.0,1.4,417.99,500.0,0.1630533728253083,52,4.04173577766467,9.55485559911277,0.5117009280394669,1.2,1.6,0.0,12.0,1
extended_moderate,extended,moderate,0.7,8,616008,S5,B3,poisson,gamma,356,356,356,0,344,344.0,3748.0,0.7114421693356777,0.2592691384369165,147.41294537647482,21.536610698275908,200.01915033634168,148.7177950745231,168.1685003200813,175.41374893939394,187.1259322429754,119.18260829782314,6.416680954022447,125.97007576869952,169.8893220015264,24.0,21.442869607775314,1.0,0.0,180.0,134.4943820224719,0.6396629213483145,0.8396629213483148,0.6219569288389514,11,0.5625500133368898,5.0,11.271005601493732,20.0,0.0,0.0,6.0,0.06375,3,1.729166666666667,0.0,0.0,0.0,0.0,0.0,80.0,0.06601506198808171,36,8.134264513296813,5.346522265779441,-1.0600771849151158,1.2,1.6,0.0,12.0,1
extended_moderate,extended,moderate,0.7,9,616009,S0,B0,poisson,gamma,312,312,312,0,307,307.0,3668.0,0.6655579180429324,0.01916961933315163,78.75631833955458,17.367927102647258,162.3900206188273,75.31279857336267,101.46430393382983,109.12355841468204,137.43468796826483,1.2595234677597076,6.784314641759567,8.697684263365426,102.23643373666535,80.0,70.05863407618916,1.0032051282051282,0.003205128205128205,1800.0,1355.7692307692307,0.6403846153846152,0.8403846153846155,0.6877670940170941,17,0.5331152902698283,5.0,0.06677568819841918,4.0,0.009523809523809525,0.0,12.0,0.12900000000000003,4,2.3333333333333335,420.0,2.857142857142857,588.0,1.4,417.44,500.0,0.11863067821171991,83,7.70822896669911,27.83525039232333,-3.6213624672774642,1.2,1.6,0.0,12.0,1
extended_moderate,extended,moderate,0.7,9,616009,S3,B1,poisson,gamma,312,312,312,0,310,310.0,3621.0,0.6741943681114079,0.019418369225105835,37.78516449340073,13.076087896828703,104.46219815121663,34.08474358450724,54.92348729058702,63.81111610168301,89.56639246324772,1.3396516728879126,6.498072010549976,8.491569837284047,61.2652798905115,32.0,29.293594656116685,1.0,0.0,360.0,271.15384615384613,0.6403846153846152,0.8403846153846155,0.6985844017094018,17,0.518774157923799,6.0,0.07454445057979017,4.0,0.009523809523809525,0.0,9.0,0.09487500000000001,4,2.3333333333333335,420.0,2.857142857142857,588.0,1.4,417.44,500.0,0.172787178006379,49,4.079817169666704,9.557685675161302,-3.1380736972239873,1.2,1.6,0.0,12.0,1
extended_moderate,extended,moderate,0.7,9,616009,S5,B3,poisson,gamma,312,312,312,0,301,301.0,3732.0,0.6541473349315614,0.30333065452272523,141.86529269852892,29.641806635238577,217.06587750372364,146.43326140236593,167.45762316892137,180.41159602412182,200.1861200873206,114.40054910878534,5.185701443809921,120.2400967064414,165.3454080956397,24.0,21.625195992087512,1.0,0.0,180.0,135.57692307692307,0.6403846153846152,0.8403846153846155,0.6055021367521368,17,0.39057058665952316,6.0,9.521832306455934,19.0,0.0,0.0,6.0,0.06525,2,1.2083333333333335,0.0,0.0,0.0,0.0,0.0,80.0,0.09677438769444113,32,6.1015244420609065,-1.2951427045127275,-12.534798296154463,1.2,1.6,0.0,12.0,1
extended_moderate,extended,moderate,0.7,10,616010,S0,B0,poisson,gamma,301,301,301,0,291,291.0,3696.0,0.6724663735969597,0.020196555765936344,83.53230183213124,28.724054480374786,213.92897710632894,76.03758660240055,134.17273696375707,153.93879836193514,168.97324500159596,5.3462553205033245,8.588882242882821,14.293941550097115,108.31078870775873,80.0,69.23836028203412,1.2956810631229236,0.2956810631229236,1800.0,1387.375415282392,0.6424916943521594,0.8424916943521596,0.7002353266888152,9,0.6621585068974845,10.0,0.39410332702190964,8.0,0.01904761904761905,0.0,12.0,0.12900000000000006,3,1.729166666666667,420.0,5.714285714285714,588.0,1.4,414.64,500.0,0.1668602416372711,84,9.325213155173998,29.96005958195437,-9.191465865973612,1.2,1.6,0.0,12.0,1
extended_moderate,extended,moderate,0.7,10,616010,S3,B1,poisson,gamma,301,301,301,0,294,294.0,3659.0,0.6792645309256722,0.021584699453551914,44.16353106801163,29.428818062319177,187.09029018683793,33.765865933883106,85.92363045251614,118.02511083260015,161.92897710632894,4.176820104556481,10.832057880541832,15.36768197180928,68.94201794363913,32.0,28.795849096202353,1.0,0.0,360.0,277.4750830564784,0.6424916943521594,0.8424916943521596,1.0346760797342194,9,0.8505464480874317,11.0,0.30191256830601093,11.0,0.02619047619047619,0.0,11.0,0.115125,11,6.395833333333334,420.0,7.857142857142858,588.0,1.4,412.99,500.0,0.2788781604242958,51,5.532332896274326,8.508694394241054,-11.143442453960553,1.2,1.6,0.0,12.0,1
extended_moderate,extended,moderate,0.7,10,616010,S5,B3,poisson,gamma,301,301,301,0,282,282.0,3774.0,0.6585717041557511,0.28335540838852097,144.82466063611793,45.254297221556854,267.92897710632894,145.51993842265483,219.42071597765357,232.47934143543296,249.8076579122403,110.6352918653538,12.578677961901388,123.57277381396618,169.60314751174545,24.0,21.251886822151764,1.0,0.0,180.0,138.7375415282392,0.6424916943521594,0.8424916943521596,0.6091500553709857,9,0.9647682119205298,15.0,8.781192052980133,19.0,0.0,0.0,6.0,0.06225000000000001,2,1.2916666666666667,0.0,0.0,0.0,0.0,0.0,80.0,0.15182770019785585,28,6.566901887153989,-16.56895065695349,-21.055503478715906,1.2,1.6,0.0,12.0,1
extended_moderate,extended,moderate,0.7,11,616011,S0,B0,poisson,gamma,312,312,312,0,304,304.0,3713.0,0.6909449244197858,0.015167833423083827,95.16160199849685,33.187138162894406,204.2803245481973,83.38413501216934,144.09077834965046,160.60967638697335,183.98256326549742,5.049422511317367,18.75774927934561,24.19178717527837,119.83630824171883,80.0,70.96981482321848,1.2692307692307692,0.2692307692307692,1800.0,1413.4615384615386,0.6442307692307692,0.8442307692307691,0.7158119658119659,10,1.535271943995692,9.0,0.3823371028540657,6.0,0.014285714285714285,0.0,12.0,0.13500000000000006,4,2.2500000000000004,420.0,4.285714285714286,588.0,1.4,415.98,500.0,0.19079197374689616,95,13.566210506723493,25.240601899699584,-6.776457931216285,1.2,1.6,0.0,12.0,1
extended_moderate,extended,moderate,0.7,11,616011,S3,B1,poisson,gamma,312,312,312,0,307,307.0,3655.0,0.7019063045117845,0.015408460977388768,52.56865328054813,29.111765865943315,138.49561185503262,38.134803040938095,99.39921510244399,111.78524748176534,127.24898656587891,4.321858408753264,18.358407404045934,23.06488119741459,77.2433595237701,32.0,29.50377208313355,1.0,0.0,360.0,282.6923076923077,0.6442307692307692,0.8442307692307691,1.0085470085470087,10,1.525437636761488,9.0,0.3263129102844639,6.0,0.014285714285714285,0.0,7.0,0.080625,6,3.6250000000000004,420.0,4.285714285714286,588.0,1.4,415.98,500.0,0.2920848131229481,61,8.219606733138605,2.2621507212484033,-4.591297503408782,1.2,1.6,0.0,12.0,1
extended_moderate,extended,moderate,0.7,11,616011,S5,B3,poisson,gamma,312,312,312,0,294,294.0,3768.0,0.6808621515773637,0.27876536658706996,153.08147379336864,38.66053964786901,236.49561185503262,148.6549403710667,201.16352276962698,212.43629284704906,233.18483602186572,113.41480712670197,17.499222219701114,131.2986447310185,177.75618003659062,24.0,21.782829062350164,1.0,0.0,180.0,141.34615384615384,0.6442307692307692,0.8442307692307691,0.6203258547008548,10,1.4075351552135844,8.0,9.347306977978244,19.0,0.0,0.0,6.0,0.06375,2,1.375,0.0,0.0,0.0,0.0,0.0,80.0,0.13731863168258074,34,4.176587865214088,-5.560071500973805,-6.230334936563821,1.2,1.6,0.0,12.0,1
extended_moderate,extended,moderate,0.7,12,616012,S0,B0,poisson,gamma,311,311,311,0,302,302.0,3695.0,0.6373081641869535,0.02976190476190476,81.10486227359888,18.88969111428623,159.3725713657085,78.33124220940863,107.32153065100158,114.47978016355967,138.0846918344723,2.053415328261261,7.912459560477648,10.390312187774278,103.82664016589773,80.0,70.7145500858246,1.0610932475884245,0.06109324758842444,1800.0,1412.218649517685,0.6441479099678457,0.8441479099678459,0.7109458735262595,11,0.6241883116883117,6.0,0.13257575757575757,5.0,0.011904761904761904,0.0,12.0,0.1335,3,1.8125000000000002,420.0,3.5714285714285716,588.0,1.4,416.65,500.0,0.12729376633273515,76,6.552207143086676,32.78818955527183,-0.9834769996827504,1.2,1.6,0.0,12.0,1
extended_moderate,extended,moderate,0.7,12,616012,S3,B1,poisson,gamma,311,311,311,0,307,307.0,3647.0,0.6456937979262555,0.024396929824561403,38.802611469740356,13.19940120416907,93.24774215612194,34.81743628639151,56.13216838801509,66.08935400377987,78.07603183527888,1.5196532703834473,7.336134949592984,9.280225519011806,61.5243893620392,32.0,29.522385950728555,1.0,0.0,360.0,282.44372990353696,0.6441479099678457,0.8441479099678459,0.7453778135048232,11,0.5808662280701754,6.0,0.08881578947368421,3.0,0.007142857142857143,0.0,10.0,0.11025,4,2.5000000000000004,420.0,2.142857142857143,588.0,1.4,417.87,500.0,0.1775208096402472,41,2.073285997163481,11.428354759195415,-0.8588880798750083,1.2,1.6,0.0,12.0,1
extended_moderate,extended,moderate,0.7,12,616012,S5,B3,poisson,gamma,311,311,311,0,294,294.0,3764.0,0.6256284129707782,0.3304116865869854,138.62576259514228,31.21531223079752,203.67945246036606,144.6632740640066,164.6174438523591,173.87720201426401,198.18425836748384,111.2206179006085,5.18391793245198,116.82897313209587,161.3475404874411,24.0,21.796789463046416,1.0,0.0,180.0,141.22186495176848,0.6441479099678457,0.8441479099678459,0.6198419078242231,11,0.38751660026560425,5.0,9.147675962815406,18.0,0.0,0.0,6.0,0.06675,3,1.729166666666667,0.0,0.0,0.0,0.0,0.0,80.0,0.10839901136226926,30,1.8299689520355855,-10.865140336313118,2.375912493529171,1.2,1.6,0.0,12.0,1
extended_moderate,extended,moderate,0.7,13,616013,S0,B0,poisson,gamma,325,325,325,0,317,317.0,3672.0,0.7151870075911623,0.016335420637081405,79.39604360426391,17.95958009432309,155.7963675372116,75.41488623688247,102.8211960365135,118.03475474167819,131.62417739524062,1.7252743734946763,8.218109259860562,10.31261440258601,103.64418402471628,80.0,69.08342920167789,1.0215384615384615,0.021538461538461538,1800.0,1390.1538461538462,0.642676923076923,0.8426769230769231,0.6867307692307693,10,0.6811870405662945,6.0,0.10645249115164715,4.0,0.009523809523809525,0.0,12.0,0.13200000000000003,3,1.729166666666667,420.0,2.857142857142857,588.0,1.4,417.56,500.0,0.12271913367889331,91,6.1132716852388,35.50371149228094,-0.6379108824810515,1.2,1.6,0.0,12.0,1
extended_moderate,extended,moderate,0.7,13,616013,S3,B1,poisson,gamma,325,325,325,0,322,322.0,3629.0,0.7236589198022972,0.01781450872359963,40.05142821964852,14.328979044096323,86.46913583376636,35.446987487431215,60.499853287679336,72.07050944105998,84.22696558187045,1.9345051427254454,8.854812934713454,11.158548846669671,64.2995686401009,32.0,28.892879372978854,1.0,0.0,360.0,278.03076923076924,0.642676923076923,0.8426769230769231,0.7077564102564103,10,0.7471074380165289,6.0,0.12644628099173555,3.0,0.007142857142857143,0.0,8.0,0.08850000000000001,3,1.729166666666667,420.0,2.142857142857143,588.0,1.4,418.11,500.0,0.18567496984148812,48,1.8818833552589282,19.973824009861836,-0.20390291186294007,1.2,1.6,0.0,12.0,1
extended_moderate,extended,moderate,0.7,13,616013,S5,B3,poisson,gamma,325,325,325,0,311,311.0,3737.0,0.70275063640512,0.25958623149634386,145.56527437349467,28.49686143667983,201.46913583376636,147.52756026574912,172.46882645293923,186.4333378176134,198.60026078316824,116.25142821964853,7.619955854881244,124.24061484376054,169.81341479394706,24.0,21.324659529734138,1.0,0.0,180.0,139.01538461538462,0.642676923076923,0.8426769230769231,0.6141666666666667,10,0.6187800963081862,7.0,10.062065275548422,19.0,0.0,0.0,7.0,0.07312500000000001,2,1.375,0.0,0.0,0.0,0.0,0.0,80.0,0.09132104538911845,32,1.0856056892629624,25.044850732787268,0.7503051056411891,1.2,1.6,0.0,12.0,1
extended_moderate,extended,moderate,0.7,14,616014,S0,B0,poisson,gamma,304,304,304,0,297,297.0,3686.0,0.6437161113310382,0.019799294819636562,80.10939118935353,20.45843811261025,155.53464999374353,75.1761990782004,111.68883363420328,123.42559448655483,140.4830445352831,1.494259610406166,7.878215137911037,9.609316853580363,103.530917200645,80.0,70.50007433577318,1.0164473684210527,0.01644736842105263,1800.0,1255.2631578947369,0.6336842105263157,0.8336842105263159,0.7112116228070177,6,0.6086248982912937,7.0,0.0827230810957418,4.0,0.009523809523809525,0.0,12.0,0.12750000000000003,4,2.2500000000000004,420.0,2.857142857142857,588.0,1.4,417.44,500.0,0.13562126551911113,88,11.217726230457856,37.7788294849465,2.1651478370646657,1.2,1.6,0.0,12.0,1
extended_moderate,extended,moderate,0.7,14,616014,S3,B1,poisson,gamma,304,304,304,0,300,300.0,3652.0,0.6497074466130683,0.024089789214344376,39.365970136721955,16.64374183162605,109.27092577067242,33.487495459772674,62.78288878838663,77.9956366638254,97.87284967796612,1.7080753998798501,7.958562370953889,9.903479876096899,62.78749614801343,32.0,29.46249026062506,1.0,0.0,360.0,251.05263157894737,0.6336842105263157,0.8336842105263159,0.7617872807017544,6,0.6203120722693677,6.0,0.10128661374212976,4.0,0.009523809523809525,0.0,9.0,0.09037500000000001,4,2.416666666666667,420.0,2.857142857142857,588.0,1.4,417.32,500.0,0.20420831583201915,51,6.958881049873561,13.837780772566724,2.9605347418265637,1.2,1.6,0.0,12.0,1
extended_moderate,extended,moderate,0.7,14,616014,S5,B3,poisson,gamma,304,304,304,0,291,291.0,3763.0,0.6305476361523745,0.3382040382571732,139.069917505143,32.39932370210491,221.13695554782703,144.6785124812119,171.38744051586858,188.8162105993586,203.7708809595949,111.11597013672194,5.965237567689096,117.3180498096742,162.4914435164345,24.0,21.751867695468793,1.0,0.0,180.0,125.52631578947368,0.6336842105263157,0.8336842105263159,0.6091008771929826,6,0.44261424017003187,6.0,8.934643995749203,19.0,0.0,0.0,6.0,0.06525,2,1.2083333333333335,0.0,0.0,0.0,0.0,0.0,80.0,0.11670085354787929,26,7.783449717920462,9.617489118827962,4.941933551350388,1.2,1.6,0.0,12.0,1
extended_moderate,extended,moderate,0.7,15,616015,S0,B0,poisson,gamma,304,304,304,0,295,295.0,3659.0,0.6193903774307125,0.020765027322404372,79.1625561066013,17.9602629499014,139.42163876823702,75.28823926446387,104.58222371751565,111.95368470914235,131.64584489406917,2.4684771592328962,6.673087333715997,9.4573539666331,101.53395855459219,80.0,69.70520213996821,1.105263157894737,0.10526315789473684,1800.0,1308.5526315789473,0.6372368421052631,0.8372368421052633,0.701891447368421,8,0.5103825136612021,6.0,0.16420765027322404,7.0,0.016666666666666666,0.0,12.0,0.12900000000000006,4,2.3333333333333335,420.0,5.0,588.0,1.4,415.55,500.0,0.12369820994850578,76,6.459300876151815,34.94279134618964,0.3913261361523439,1.2,1.6,0.0,12.0,1
extended_moderate,extended,moderate,0.7,15,616015,S3,B1,poisson,gamma,304,304,304,0,299,299.0,3628.0,0.6246813947082963,0.022228345733443556,39.0934771592329,14.471986369656758,98.42163876823702,34.54639379499747,60.532391157439626,71.9313071069867,86.30837065944465,2.0868982118644754,7.597761249275871,10.000448934824558,61.46487960722377,32.0,29.09302822440834,1.0,0.0,360.0,261.7105263157895,0.6372368421052631,0.8372368421052633,0.7846765350877195,8,0.5930008266740149,7.0,0.13364563240562138,4.0,0.009523809523809525,0.0,8.0,0.0855,4,2.3333333333333335,420.0,2.857142857142857,588.0,1.4,417.44,500.0,0.18873818962826272,43,2.5614415489346527,13.258798879146305,1.3804129180626035,1.2,1.6,0.0,12.0,1
extended_moderate,extended,moderate,0.7,15,616015,S5,B3,poisson,gamma,304,304,304,0,291,291.0,3738.0,0.6063034986350381,0.34073281626103236,135.22505610660133,38.95468110489848,206.55730446992243,145.0214792594462,169.79241485420363,181.1663521159379,202.7528631110458,107.50466136975922,5.929834094851648,113.75028493829507,157.5964585545922,24.0,21.47477116830626,1.0,0.0,180.0,130.85526315789474,0.6372368421052631,0.8372368421052633,0.6254111842105263,8,0.43995720780957476,7.0,8.700722118213426,23.0,0.0,0.0,6.0,0.06225000000000001,3,1.8958333333333337,0.0,0.0,0.0,0.0,0.0,80.0,0.142368066004954,32,-1.9246558399150047,0.8716049055116741,1.0332852770638397,1.2,1.6,0.0,12.0,1
extended_moderate,extended,moderate,0.7,16,616016,S0,B0,poisson,gamma,334,334,334,0,327,327.0,3689.0,0.6371342737581295,0.02005420054200542,79.72410622990712,17.419571027811028,158.280891738773,77.1950457753835,101.16937484597975,113.68930001749601,137.55569918450715,2.29596251733228,5.53888099364739,8.409693810380862,100.84110147093256,80.0,71.31441241952626,1.1167664670658684,0.11676646706586827,1800.0,1401.197604790419,0.6434131736526946,0.8434131736526947,0.7122005988023952,16,0.45636856368563683,6.0,0.16287262872628727,5.0,0.011904761904761904,0.0,12.0,0.12900000000000006,3,1.729166666666667,420.0,3.5714285714285716,588.0,1.4,416.77,500.0,0.11729168538331392,102,8.264851847360745,34.65756841336251,-3.4152007078419473,1.2,1.6,0.0,12.0,1
extended_moderate,extended,moderate,0.7,16,616016,S3,B1,poisson,gamma,334,334,334,0,330,330.0,3641.0,0.645531430578665,0.017938861431447923,38.39476491254186,12.587676861411056,85.6089549043445,34.85309579797547,53.746224033114025,68.03684218839041,78.31682599594379,1.7031481460747948,6.386726050153566,8.664724495629558,59.51176015356728,32.0,29.730040416912306,1.0,0.0,360.0,280.23952095808386,0.6434131736526946,0.8434131736526947,0.7755738522954092,16,0.5411861614497528,6.0,0.11065348709500275,3.0,0.007142857142857143,0.0,9.0,0.09487500000000001,4,2.3333333333333335,420.0,2.142857142857143,588.0,1.4,418.11,500.0,0.1698897201535312,61,3.5235581205677136,14.830585427501,-2.509097598001013,1.2,1.6,0.0,12.0,1
extended_moderate,extended,moderate,0.7,16,616016,S5,B3,poisson,gamma,334,334,334,0,321,321.0,3756.0,0.6257720176117907,0.33076035844201934,138.0025493436796,33.74015809012392,200.4194870442857,146.11855607011444,167.34042301377212,175.664823484878,194.2592321282882,110.37380682870952,5.101361902884639,116.05001903099539,159.119544584705,24.0,21.952530312684228,1.0,0.0,180.0,140.11976047904193,0.6434131736526946,0.8434131736526947,0.6066616766467066,16,0.4114985360660101,7.0,9.768166089965398,24.0,0.0,0.0,6.0,0.06375,2,1.2916666666666667,0.0,0.0,0.0,0.0,0.0,80.0,0.11912589061277301,37,8.814900704112773,-15.255923079568248,-3.43373942103716,1.2,1.6,0.0,12.0,1
extended_moderate,extended,moderate,0.7,17,616017,S0,B0,poisson,gamma,294,294,294,0,286,286.0,3662.0,0.6011589065179862,0.022295022295022296,81.69667428588359,23.641324959366447,190.4125445237396,75.66856071890436,113.2622103671646,131.0611650710705,148.81598189196546,3.0334089797611465,8.615887020763624,11.853377633177832,104.16652198563243,80.0,69.84329665270576,1.1564625850340136,0.1564625850340136,1800.0,1267.3469387755101,0.6344897959183673,0.8344897959183675,0.6571712018140591,5,0.6519246519246519,7.0,0.2022932022932023,5.0,0.011904761904761904,0.0,12.0,0.1275,3,1.6458333333333335,420.0,3.5714285714285716,588.0,1.4,416.89,500.0,0.15377631066918585,72,8.433256376883875,37.38737760419073,0.04461761627806027,1.2,1.6,0.0,12.0,1
extended_moderate,extended,moderate,0.7,17,616017,S3,B1,poisson,gamma,294,294,294,0,292,292.0,3626.0,0.6071257442998025,0.01893208344821248,39.71027972806046,16.739305447872418,122.4125445237396,33.679411368762175,61.58368204161902,74.29290460095235,97.64292177083541,2.0232048981284936,8.364422835516343,10.59170936629789,62.180127427809296,32.0,29.118570361762583,1.0,0.0,360.0,253.46938775510205,0.6344897959183673,0.8344897959183675,0.7512755102040817,5,0.6360628618693135,7.0,0.12241521918941274,5.0,0.011904761904761904,0.0,8.0,0.081,5,2.854166666666667,420.0,3.5714285714285716,588.0,1.4,416.89,500.0,0.21060622552074837,42,3.007450871579046,12.26503717865883,-0.22681095515051908,1.2,1.6,0.0,12.0,1
extended_moderate,extended,moderate,0.7,17,616017,S5,B3,poisson,gamma,294,294,294,0,280,280.0,3740.0,0.5886247192128798,0.3381448810478482,129.88034775527134,41.41417652860023,238.4125445237396,141.88748427728535,164.53880175087767,185.6944958269909,217.49694847916598,102.45177632669991,5.73056202459644,108.38641998394941,152.35019545502018,24.0,21.493927771321935,1.0,0.0,180.0,126.73469387755102,0.6344897959183673,0.8344897959183675,0.6326530612244899,5,0.41245656241646617,8.0,8.011226944667202,20.0,0.0,0.0,6.0,0.06825,2,1.375,0.0,0.0,0.0,0.0,0.0,80.0,0.16400116863632852,22,-4.2628762198012,11.218937887878695,-4.274213552553121,1.2,1.6,0.0,12.0,1
extended_moderate,extended,moderate,0.7,18,616018,S0,B0,poisson,gamma,309,309,309,0,295,295.0,3707.0,0.6596064095777269,0.028946422150305646,84.61535799394001,26.68468194321717,201.39128935080726,78.81054523021339,117.08671301486126,140.45791668212246,186.71358016783088,3.735099094263641,10.253124174545427,14.260067929003247,108.36118873873816,80.0,70.35529006493678,1.1294498381877023,0.12944983818770225,1800.0,1299.0291262135922,0.6366019417475728,0.836601941747573,0.7295711974110033,7,0.8120280474649406,9.0,0.2680690399137001,6.0,0.014285714285714285,0.0,12.0,0.129,3,1.8125000000000002,420.0,4.285714285714286,588.0,1.4,416.34,500.0,0.15796476502341283,92,6.750472011497379,34.88218941519261,7.852531941573446,1.2,1.6,0.0,12.0,1
extended_moderate,extended,moderate,0.7,18,616018,S3,B1,poisson,gamma,309,309,309,0,300,300.0,3677.0,0.6649865597374149,0.021297806779046583,43.003707508503126,23.311776561475675,167.39128935080726,35.87268897125683,65.3130399825727,91.87264207805946,142.88270676498288,3.382348285202152,10.010479443280948,13.664672388677282,66.74953825330128,32.0,29.339035119825837,1.0,0.0,360.0,259.80582524271847,0.6366019417475728,0.836601941747573,0.846750269687163,7,0.797716150081566,9.0,0.2406199021207178,6.0,0.014285714285714285,0.0,8.0,0.0795,6,3.541666666666667,420.0,4.285714285714286,588.0,1.4,416.1,500.0,0.23565712327587396,56,2.8362091909845546,11.675960458963651,8.53094828895533,1.2,1.6,0.0,12.0,1
extended_moderate,extended,moderate,0.7,18,616018,S5,B3,poisson,gamma,309,309,309,0,288,288.0,3790.0,0.6451650136413115,0.3242767959201618,141.39205702306626,38.239129434619834,258.877756984537,145.1149179223812,180.72339897830878,207.6292215422022,251.58268511772906,110.3985295149756,9.062406508027067,119.73278068319686,165.13788776786438,24.0,21.659276339869383,1.0,0.0,180.0,129.90291262135923,0.6366019417475728,0.836601941747573,0.617111650485437,7,0.6977050910050119,10.0,8.956212081245054,21.0,0.0,0.0,6.0,0.059250000000000004,2,1.2083333333333335,0.0,0.0,0.0,0.0,0.0,80.0,0.13872648362913242,31,7.917939960215307,6.936903219906384,20.785354419223523,1.2,1.6,0.0,12.0,1
extended_moderate,extended,moderate,0.7,19,616019,S0,B0,poisson,gamma,327,327,327,0,317,317.0,3698.0,0.64287826462064,0.028746508065242857,76.02834774382251,15.357650214645234,176.31023588083917,74.48316736467768,93.41416537911792,101.04510412033054,123.21935601925794,1.2944027896940626,3.699996653806994,5.398069168271701,97.84492298081102,80.0,70.6302785755508,1.0,0.0,1800.0,1381.651376146789,0.6421100917431192,0.8421100917431192,0.6904306829765545,11,0.2833198161665315,4.0,0.07082995404163288,3.0,0.007142857142857143,0.0,12.0,0.13200000000000003,4,2.416666666666667,420.0,2.142857142857143,588.0,1.4,417.87,500.0,0.10620392395443612,103,6.544190475792888,37.593242921496355,-3.4660047539904753,1.2,1.6,0.0,12.0,1
extended_moderate,extended,moderate,0.7,19,616019,S3,B1,poisson,gamma,327,327,327,0,320,320.0,3654.0,0.6506174284081389,0.02608299133606931,34.92743031262984,8.945111936223581,71.62752492304242,32.99190487127913,48.55666750455485,53.65133583988073,64.73827642587156,1.3280419334249496,3.671607224213933,5.403318882409523,56.74400554961835,32.0,29.524111430220316,1.0,0.0,360.0,276.3302752293578,0.6421100917431192,0.8421100917431192,0.6941258919469929,11,0.2818057455540356,4.0,0.0746922024623803,3.0,0.007142857142857143,0.0,8.0,0.0855,4,2.416666666666667,420.0,2.142857142857143,588.0,1.4,417.87,500.0,0.13456125091280025,51,1.635492674952765,16.66496967671457,-1.5886513175906671,1.2,1.6,0.0,12.0,1
extended_moderate,extended,moderate,0.7,19,616019,S5,B3,poisson,gamma,327,327,327,0,315,315.0,3761.0,0.6321123606676627,0.3368775474038632,138.90296548082557,24.19604396245594,183.62752492304242,144.75286181330546,157.4540678611396,163.56002865812368,171.28327262269082,114.07421930345552,2.6269928799341478,117.10488190816032,160.71954071781406,24.0,21.79808357266524,1.0,0.0,180.0,138.1651376146789,0.6421100917431192,0.8421100917431192,0.6178007135575944,11,0.1831472620946305,4.0,9.872674109516215,17.0,0.0,0.0,6.0,0.06375,2,1.2916666666666667,0.0,0.0,0.0,0.0,0.0,80.0,0.07817793559639874,36,-1.6206229662629426,4.52910629910545,-1.2582900746701284,1.2,1.6,0.0,12.0,1
extended_peak,extended,peak,0.95,0,617000,S0,B0,poisson,gamma,419,419,419,0,399,399.0,3809.0,0.8286301172098778,0.049868766404199474,136.2563667189623,66.96928093339439,311.7751441735072,115.12479881230183,232.0051080470455,251.8538183212131,291.9072260285242,46.814839272661594,12.65094395506323,59.752179409109075,158.8607634724442,80.0,76.50418730985325,5.081145584725537,4.081145584725537,1800.0,1348.9260143198092,0.639928400954654,0.839928400954654,0.7944013524264123,10,1.337270341207349,9.0,5.097637795275591,22.0,0.05238095238095238,0.0,12.0,0.1335,3,1.8125000000000002,420.0,15.714285714285715,588.0,1.4,406.46,500.0,0.27521841429776184,142,-3.225783851756887,31.52932559205354,3.990504285746823,1.2,1.6,0.0,12.0,1
extended_peak,extended,peak,0.95,0,617000,S3,B1,poisson,gamma,419,419,419,0,408,408.0,3681.0,0.8574363787532956,0.009415172913271772,68.77903974998857,42.578711769600154,213.32458845059318,52.13181957750976,133.70456571916193,157.78851728358543,179.61543297669624,12.931784380060165,26.054248703743678,39.27242926518809,91.38343650347046,32.0,29.506610484800486,1.0,0.0,360.0,269.7852028639618,0.639928400954654,0.839928400954654,2.3265214797136045,10,2.9049429657794676,13.0,1.4190657251493752,12.0,0.02857142857142857,0.0,12.0,0.126,12,7.0,420.0,8.571428571428571,588.0,1.4,412.32,500.0,0.33089867678024265,133,-1.9339870735660725,17.403843358551043,-1.8372661690125511,1.2,1.6,0.0,12.0,1
extended_peak,extended,peak,0.95,0,617000,S5,B3,poisson,gamma,419,419,419,0,400,400.0,3801.0,0.8303736840004295,0.12177801157285639,177.48309702922484,51.57210593038813,297.83293010934904,167.81832552739024,246.00635734561072,258.46062173416834,286.79842992537573,120.425817792948,34.98592519129223,155.69813916562447,200.08749378270673,24.0,21.784957863600365,1.0,0.0,180.0,134.8926014319809,0.639928400954654,0.839928400954654,0.5890513126491648,10,3.8016833245660178,17.0,13.220673329826408,27.0,0.0,0.0,7.0,0.070125,2,1.2916666666666667,0.0,0.0,0.0,0.0,0.0,80.0,0.1564299111790579,57,-7.493565760059255,14.69836112504845,-6.098846999442827,1.2,1.6,0.0,12.0,1
extended_peak,extended,peak,0.95,1,617001,S0,B0,poisson,gamma,420,420,420,0,405,405.0,3740.0,0.82705130171228,0.051768689298761474,109.28826339139194,36.63073794951401,225.60618539285997,105.6361124323414,161.94345645236257,175.21771965064644,199.92105271523292,22.24540624853479,13.112524708171224,35.729359528134594,131.38825567500365,80.0,73.55890386325733,3.111904761904762,2.111904761904762,1800.0,1388.5714285714287,0.6425714285714286,0.8425714285714287,0.7595238095238095,13,1.417268110130981,7.0,2.441860465116279,15.0,0.03571428571428571,0.0,12.0,0.132,3,1.8125000000000002,420.0,10.714285714285715,588.0,1.4,410.43,500.0,0.18931905366167712,127,1.7041058141024763,43.214482067386584,3.370754635180731,1.2,1.6,0.0,12.0,1
extended_peak,extended,peak,0.95,1,617001,S3,B1,poisson,gamma,420,420,420,0,410,410.0,3665.0,0.843971336526361,0.015184579014366248,54.531120534249084,25.202829969440426,160.91762555381598,47.62459592244136,88.13683321424851,105.97237135612053,137.35134774844272,6.7930252961538375,17.89600988326849,25.0604637508509,76.6311128178608,32.0,29.470656783398173,1.0,0.0,360.0,277.7142857142857,0.6425714285714286,0.8425714285714287,1.4014880952380953,13,1.991543917075832,12.0,0.721494817239498,12.0,0.02857142857142857,0.0,12.0,0.129,12,7.166666666666667,420.0,8.571428571428571,588.0,1.4,412.08,500.0,0.2448410643951533,100,-1.2040257655092788,15.792259845164367,1.730159935762508,1.2,1.6,0.0,12.0,1
extended_peak,extended,peak,0.95,1,617001,S5,B3,poisson,gamma,420,420,420,0,401,401.0,3773.0,0.8198195335733014,0.15315315315315314,164.06683481996336,31.694828293458933,243.10003646862555,160.48114785992948,201.8606992660915,218.57819364655268,233.77453587034822,121.99064434377289,19.94676931721327,142.30884223241472,186.1668271035751,24.0,21.757992587548628,1.0,0.0,180.0,138.85714285714286,0.6425714285714286,0.8425714285714287,0.6017857142857144,13,2.1642819289878115,13.0,13.520932697403286,26.0,0.0,0.0,7.0,0.07462500000000001,2,1.2083333333333335,0.0,0.0,0.0,0.0,0.0,80.0,0.09887464451878314,55,-2.7456429930470563,18.83176601800386,2.9955122305265434,1.2,1.6,0.0,12.0,1
extended_peak,extended,peak,0.95,2,617002,S0,B0,poisson,gamma,485,485,485,0,443,443.0,3993.0,0.8687608782150048,0.06609914872308463,148.9223088604608,66.4521145187094,377.0048412669803,133.34698690630285,234.83826231614458,291.63735187384333,361.86686129584467,58.20272123159479,13.189747107217787,71.71411782334866,170.38518070122817,80.0,77.20819103711212,6.301030927835051,5.301030927835051,1800.0,1347.2164948453608,0.6398144329896908,0.8398144329896909,0.8378436426116839,13,1.5400600901352028,7.0,7.007260891337006,30.0,0.07142857142857142,0.0,12.0,0.13200000000000003,3,1.8958333333333337,420.0,21.42857142857143,588.0,1.4,401.1,500.0,0.2381642042769785,165,0.873801346343015,32.63258522962971,-0.5271030022226455,1.2,1.6,0.0,12.0,1
extended_peak,extended,peak,0.95,2,617002,S3,B1,poisson,gamma,485,485,485,0,461,461.0,3743.0,0.9267710864291477,0.014245014245014245,71.46045319035768,36.29962938830378,213.5486206952744,64.27148081365476,121.6239031145545,142.0800513712267,171.71837113594682,14.46251504602779,27.595610183093303,42.37977471365717,92.92332503112507,32.0,29.080678476700516,1.0,0.0,360.0,269.44329896907215,0.6398144329896908,0.8398144329896909,2.5564862542955336,13,3.5093482905982905,15.0,1.8090277777777777,15.0,0.03571428571428571,0.0,13.0,0.14137500000000003,12,7.083333333333336,420.0,10.714285714285715,588.0,1.4,410.67,500.0,0.27891144961911607,155,2.862835445787198,13.78378675235156,-5.221261077824039,1.2,1.6,0.0,12.0,1
extended_peak,extended,peak,0.95,2,617002,S5,B3,poisson,gamma,485,485,485,0,446,446.0,3872.0,0.8959026459051715,0.07272570789224546,185.9944738089144,38.61705130902557,264.7790504834911,182.68469151621457,239.83010733547002,247.50436439910752,258.78964165004646,124.54498927283191,39.662326194021006,164.528964951389,207.45734564968177,24.0,21.465508857525386,1.0,0.0,180.0,134.72164948453607,0.6398144329896908,0.8398144329896909,0.5856958762886599,13,4.903434030467338,19.0,15.533953008004131,26.0,0.0,0.0,7.0,0.07612500000000001,2,1.2083333333333335,0.0,0.0,0.0,0.0,0.0,80.0,0.11442819723958464,63,-4.835132858253672,3.8245909398367246,-6.240161421466638,1.2,1.6,0.0,12.0,1
extended_peak,extended,peak,0.95,3,617003,S0,B0,poisson,gamma,457,457,457,0,382,382.0,4495.0,0.7296044404170725,0.16659252669039146,332.228564194317,219.16521651951217,868.5647846897236,280.0094122954322,669.9257709040379,767.1073232600627,844.3941161244703,226.52615719212886,7.821922222798576,234.66317788319876,353.76227249266594,80.0,97.56538631111826,19.444201312910284,18.444201312910284,1800.0,1378.5557986870897,0.6419037199124727,0.8419037199124729,0.7893417213712619,12,0.7459964412811388,6.0,22.97553380782918,62.0,0.14761904761904762,0.0,12.0,0.1335,3,1.8958333333333337,420.0,44.28571428571429,588.0,1.4,381.09999999999997,500.0,0.3699444828677789,143,-33.274801118471316,87.32785751024983,46.97163494193319,1.2,1.6,0.0,12.0,1
extended_peak,extended,peak,0.95,3,617003,S3,B1,poisson,gamma,457,457,457,0,445,445.0,3737.0,0.8775552605979554,0.010879258070269307,88.7274701024133,41.0876384871072,223.44668488588832,86.00128637304442,142.6430591138898,156.87646079738414,183.07798707315456,23.084144063026002,35.72770980815663,59.12695233945397,110.26117840076225,32.0,29.60051776295934,1.0,0.0,360.0,275.7111597374179,0.6419037199124727,0.8419037199124729,3.614287016776076,12,4.308453718566078,13.0,2.762172284644195,14.0,0.03333333333333333,0.0,12.0,0.1305,12,7.250000000000001,420.0,10.0,588.0,1.4,410.98,500.0,0.26435913411263456,157,6.879896896691832,30.115454409474623,-1.5461454641382204,1.2,1.6,0.0,12.0,1
extended_peak,extended,peak,0.95,3,617003,S5,B3,poisson,gamma,457,457,457,0,433,433.0,3846.0,0.852690814690709,0.10830950524218005,195.41018345033453,48.615504798323755,279.3039380799596,204.7201667851076,245.96010263550946,253.56079249732565,269.42669933949344,120.53709811116606,52.70259854867764,173.55479512811502,216.94389174868348,24.0,21.855388322219508,1.0,0.0,180.0,137.85557986870896,0.6419037199124727,0.8419037199124729,0.6020696571845369,12,6.201195736937874,16.0,14.260722641018976,26.0,0.0,0.0,7.0,0.07312500000000001,2,1.2083333333333335,0.0,0.0,0.0,0.0,0.0,80.0,0.13226598031606218,59,0.7533103049890144,23.918469052024193,2.5102314331612092,1.2,1.6,0.0,12.0,1
extended_peak,extended,peak,0.95,4,617004,S0,B0,poisson,gamma,443,443,443,0,415,415.0,3816.0,0.8303946802718765,0.07894507029953717,148.13322397461008,59.88646188449791,305.16625817880004,151.41423696998436,233.38041234005624,247.41356037061735,269.73229909856144,58.62532329740918,11.84502371051674,70.74122736909973,169.5978954955881,80.0,77.39199660551034,6.37020316027088,5.37020316027088,1800.0,1389.6162528216705,0.6426410835214447,0.8426410835214448,0.8328160270880363,10,1.3162169242860886,8.0,6.746397694524496,21.0,0.05,0.0,12.0,0.135,4,2.2500000000000004,420.0,15.000000000000002,588.0,1.4,406.53,500.0,0.23169673141411185,144,4.919636629198351,40.900319447464256,-2.942730259620646,1.2,1.6,0.0,12.0,1
extended_peak,extended,peak,0.95,4,617004,S3,B1,poisson,gamma,443,443,443,0,437,437.0,3644.0,0.8695792852120038,0.013077274805669867,66.67047002427148,38.4101278533294,181.51881121121687,52.02745525690216,128.24997977535568,143.4586012647354,168.73585943006898,12.679499369643938,24.606009484206698,37.55638921502444,88.13514154524948,32.0,29.11408080924703,1.0,0.0,360.0,277.92325056433407,0.6426410835214447,0.8426410835214448,2.492992851768247,10,2.930315500685871,14.0,1.4806584362139918,12.0,0.02857142857142857,0.0,12.0,0.1275,12,7.083333333333334,420.0,8.571428571428571,588.0,1.4,412.2,500.0,0.30984191534264194,132,8.216413730843584,14.713626299500035,-1.8487520825757287,1.2,1.6,0.0,12.0,1
extended_peak,extended,peak,0.95,4,617004,S5,B3,poisson,gamma,443,443,443,0,417,417.0,3762.0,0.8423110535736786,0.13021525378687218,176.08581991140468,41.85739275627364,268.00746144848245,164.38156221040026,238.2152694840488,247.73153971940036,258.22570127071816,123.6433819881541,30.680996955141467,154.5952593044694,197.55049143238267,24.0,21.490560606935272,1.0,0.0,180.0,138.96162528216703,0.6426410835214447,0.8426410835214448,0.5902464258841236,10,3.5540791921339356,17.0,14.49747541854903,28.0,0.0,0.0,7.0,0.07612500000000001,2,1.1250000000000002,0.0,0.0,0.0,0.0,0.0,80.0,0.1270511159160399,52,5.655944945628363,7.075964929092862,-2.8185199060231128,1.2,1.6,0.0,12.0,1
extended_peak,extended,peak,0.95,5,617005,S0,B0,poisson,gamma,443,443,443,0,407,407.0,4061.0,0.7959316492921579,0.1349909732479895,239.8764022022952,69.04053899291841,377.5809473677773,251.03958793041875,323.1763731427597,335.0407953802052,363.64198087276407,138.99604102848028,11.599157242674547,151.05569488515033,261.7708109568646,80.0,88.82070731714488,13.89390519187359,12.89390519187359,1800.0,1373.3634311512415,0.6415575620767494,0.8415575620767496,0.78785741158766,17,1.2104874446085672,7.0,15.102412604628261,27.0,0.06428571428571428,0.0,12.0,0.1365,4,2.3333333333333335,420.0,19.28571428571429,588.0,1.4,402.99,500.0,0.15924740251414304,142,4.021471748270244,6.4008077588507035,4.189071940632601,1.2,1.6,0.0,12.0,1
extended_peak,extended,peak,0.95,5,617005,S3,B1,poisson,gamma,443,443,443,0,428,428.0,3815.0,0.84724170844464,0.012054507337526206,79.61455118649386,69.0301685403297,303.98445707769065,49.36776911916695,195.15099556727395,251.0483393913424,294.7105326874871,17.334641479947567,32.49759517697954,50.29273327092258,101.50895994106321,32.0,29.321817915571266,1.0,0.0,360.0,274.6726862302483,0.6415575620767494,0.8415575620767496,2.443895786305493,17,3.7133123689727463,26.0,1.9523060796645701,17.0,0.04047619047619048,0.0,12.0,0.1305,12,7.250000000000001,420.0,12.142857142857144,588.0,1.4,409.16,500.0,0.41429776522071493,131,2.1539404627185093,-19.716449924364326,10.890851809699754,1.2,1.6,0.0,12.0,1
extended_peak,extended,peak,0.95,5,617005,S5,B3,poisson,gamma,443,443,443,0,419,419.0,3930.0,0.8224559550813394,0.13703044178750107,186.54005908717104,69.034311082206,374.6581153339836,163.41330679474095,303.24347314347955,346.1909925582035,367.68086521342184,122.54683109620039,41.88636794029673,164.8936956504926,208.4344678417404,24.0,21.64636343667845,1.0,0.0,180.0,137.33634311512415,0.6415575620767494,0.8415575620767496,0.6020033860045146,17,4.662426863393539,27.0,13.751971508522004,30.0,0.0,0.0,7.0,0.07462500000000001,2,1.2916666666666667,0.0,0.0,0.0,0.0,0.0,80.0,0.18997583345204005,67,-0.5390743268150686,-21.732998387721324,14.185205328521306,1.2,1.6,0.0,12.0,1
extended_peak,extended,peak,0.95,6,617006,S0,B0,poisson,gamma,424,424,424,0,400,400.0,3789.0,0.8482320741782411,0.049604221635883905,122.32677971759983,35.58538968436716,279.99934502621545,124.83962599703364,168.30498792381283,177.46358045026201,202.14309368210547,29.76310047231682,17.92320259320955,47.99762382024336,145.07300302752105,80.0,74.32915589735647,3.5754716981132075,2.5754716981132075,1800.0,1307.5471698113208,0.6371698113207547,0.8371698113207549,0.7980542452830188,11,1.954089709762533,7.0,3.271240105540897,13.0,0.030952380952380953,0.0,12.0,0.13200000000000003,3,1.8125000000000002,420.0,9.285714285714286,588.0,1.4,411.41,500.0,0.16461474590323188,129,3.5091201335888513,32.1862463705409,-3.0762933285329126,1.2,1.6,0.0,12.0,1
extended_peak,extended,peak,0.95,6,617006,S3,B1,poisson,gamma,424,424,424,0,410,410.0,3709.0,0.8665227927589036,0.016621743036837375,62.01781745344889,25.52935725842794,156.44590796671287,60.51864052458086,95.96681270633574,106.56678697396143,133.11911605958971,8.395175944014934,23.80143198068005,32.50792867941196,84.7640407633701,32.0,29.50988877403693,1.0,0.0,360.0,261.50943396226415,0.6371698113207547,0.8371698113207549,1.7574685534591197,11,2.6619946091644207,11.0,0.8997304582210243,11.0,0.02619047619047619,0.0,11.0,0.115125,11,6.395833333333334,420.0,7.857142857142858,588.0,1.4,412.99,500.0,0.23017932316164025,114,1.6151115917950847,11.771509528435608,3.275718165719958,1.2,1.6,0.0,12.0,1
extended_peak,extended,peak,0.95,6,617006,S5,B3,poisson,gamma,424,424,424,0,395,395.0,3821.0,0.8411301834472875,0.13047270190127333,167.92347783080743,33.176852193612426,248.95643040235802,169.38088841944,203.39799844278042,213.22008477136544,228.285262237623,122.37394952892059,23.45079096664211,146.13606125027968,190.66970114072862,24.0,21.7874165805277,1.0,0.0,180.0,130.75471698113208,0.6371698113207547,0.8371698113207549,0.5948309748427674,11,2.545264259549974,11.0,13.517791732077447,25.0,0.0,0.0,6.0,0.06525,2,1.2083333333333335,0.0,0.0,0.0,0.0,0.0,80.0,0.10221699162689801,62,1.8111335564076398,8.173715042220095,-2.443929822785776,1.2,1.6,0.0,12.0,1
extended_peak,extended,peak,0.95,7,617007,S0,B0,poisson,gamma,415,415,415,0,397,397.0,3711.0,0.8773741536264915,0.03502155172413793,118.35926676907474,43.142106717422976,248.915499380573,109.65147387837123,180.6824461714859,198.5684361584804,219.16953585407694,25.393001708833772,19.705707742587634,45.44569740322862,141.90249225048345,80.0,72.9135693658461,3.0602409638554215,2.0602409638554215,1800.0,1344.578313253012,0.6396385542168674,0.8396385542168676,0.7808734939759037,12,2.148168103448276,9.0,2.783135775862069,16.0,0.0380952380952381,0.0,12.0,0.13350000000000004,4,2.5000000000000004,420.0,11.428571428571429,588.0,1.4,409.76,500.0,0.20517154065289822,133,9.860100378105358,44.85760134312048,-1.8832866198797404,1.2,1.6,0.0,12.0,1
extended_peak,extended,peak,0.95,7,617007,S3,B1,poisson,gamma,415,415,415,0,404,404.0,3666.0,0.8881409485305527,0.008635578583765112,61.18577279317112,29.601039289975226,171.92134324513972,55.26892203835769,101.31835983386964,112.7792884549646,155.81920045903115,7.964086046183166,23.63221080787843,31.94328480586882,84.72899827457982,32.0,29.242487987302294,1.0,0.0,360.0,268.9156626506024,0.6396385542168674,0.8396385542168676,1.529066265060241,12,2.6163076083992363,10.0,0.8448322879738206,11.0,0.02619047619047619,0.0,11.0,0.11812500000000004,11,6.562500000000002,420.0,7.857142857142858,588.0,1.4,412.75,500.0,0.2633680014651534,101,4.180351950432396,11.62483191956155,2.1826680633357327,1.2,1.6,0.0,12.0,1
extended_peak,extended,peak,0.95,7,617007,S5,B3,poisson,gamma,415,415,415,0,389,389.0,3776.0,0.8622750485203963,0.11367046156561646,171.91107399799037,34.49351470257519,284.50551386578036,170.08067294511284,213.90218479993325,222.28891442509362,265.07671117612557,122.15926676907473,27.817953286631706,150.32420800751368,195.4542994793991,24.0,21.586865990476728,1.0,0.0,180.0,134.4578313253012,0.6396385542168674,0.8396385542168676,0.5859939759036146,12,3.0039714058776807,15.0,13.367487423881387,23.0,0.0,0.0,6.0,0.06675,2,1.2083333333333335,0.0,0.0,0.0,0.0,0.0,80.0,0.10513506292280517,49,4.1155720762185695,10.545414626328494,2.1968836788646797,1.2,1.6,0.0,12.0,1
extended_peak,extended,peak,0.95,8,617008,S0,B0,poisson,gamma,454,454,454,0,366,366.0,4768.0,0.8061242070778507,0.12469420563360593,372.6133522094486,294.16184730935134,1135.1504725972645,221.3129601634963,857.7483533816701,991.7262890639936,1102.2780144398039,255.3908852490962,17.49176246088309,273.27912348090433,398.016918356283,80.0,99.33422872854423,21.277533039647576,20.277533039647576,1800.0,1399.5594713656387,0.6433039647577092,0.8433039647577094,0.7293502202643173,15,1.6192073810023067,10.0,24.264416020130007,74.0,0.1761904761904762,0.0,12.0,0.1335,3,1.729166666666667,420.0,52.85714285714286,588.0,1.4,372.34000000000003,500.0,0.4228589282830637,123,-21.19226873183146,146.45042855322862,6.1139117290217655,1.2,1.6,0.0,12.0,1
extended_peak,extended,peak,0.95,8,617008,S3,B1,poisson,gamma,454,454,454,0,397,397.0,4082.0,0.9415641301871838,0.005878030859662013,201.4349381125323,147.34346568830782,514.0643790265867,134.15014425255845,428.3308614070758,468.6055546496611,498.57770735402926,44.97678833279662,126.81695168038847,172.19021578411022,226.8385042593667,32.0,29.244722328422096,1.0,0.0,360.0,279.91189427312776,0.6433039647577092,0.8433039647577094,4.712555066079297,15,14.043595395542493,45.0,4.944648542738182,21.0,0.05,0.0,12.0,0.132,12,7.333333333333334,420.0,15.000000000000002,588.0,1.4,406.65,500.0,0.40590568899080437,172,-3.5314010204999704,92.10917666785915,7.579772572089269,1.2,1.6,0.0,12.0,1
extended_peak,extended,peak,0.95,8,617008,S5,B3,poisson,gamma,454,454,454,0,386,386.0,4209.0,0.9131606516755992,0.055819477434679333,311.52744912574815,147.25835552360527,599.3910394656923,243.10460585738343,545.3700275470231,563.9475361074877,577.177714232875,123.93273546936051,165.60969613914597,289.93890737943156,336.93101527258256,24.0,21.588541746316576,1.0,0.0,180.0,139.95594713656388,0.6433039647577092,0.8433039647577094,0.5957232011747431,15,17.804275534441807,51.0,13.309976247030878,26.0,0.0,0.0,6.0,0.06675,3,1.729166666666667,0.0,0.0,0.0,0.0,0.0,80.0,0.26441794718492506,67,-12.932658882135229,70.18723096650172,5.038299743242192,1.2,1.6,0.0,12.0,1
extended_peak,extended,peak,0.95,9,617009,S0,B0,poisson,gamma,415,415,415,0,404,404.0,3701.0,0.8253444406382338,0.03403565640194489,101.23555532183452,29.673736360405414,199.85444573088967,97.00830731632914,143.9682110232738,156.23588930100996,188.29600597232707,14.115073394123671,15.578949169220456,30.069926177801953,123.32296582238443,80.0,71.16562914403255,2.0240963855421685,1.0240963855421688,1800.0,1309.879518072289,0.6373253012048193,0.8373253012048196,0.7940261044176707,13,1.692868719611021,9.0,1.526742301458671,9.0,0.02142857142857143,0.0,12.0,0.1335,3,1.8125000000000002,420.0,6.428571428571429,588.0,1.4,413.97,500.0,0.16189216501571746,124,5.225592835406886,33.36483681414062,-5.4137686093218065,1.2,1.6,0.0,12.0,1
extended_peak,extended,peak,0.95,9,617009,S3,B1,poisson,gamma,415,415,415,0,409,409.0,3651.0,0.836644337142043,0.017798466593647318,57.21627821340078,24.71309670197191,154.98582925688333,52.68855590016119,91.01115987578874,105.2401105145525,129.8065446753718,7.52230230978632,20.17379653515806,28.072002459402214,79.30368871395069,32.0,29.144275753998564,1.0,0.0,360.0,261.9759036144578,0.6373253012048193,0.8373253012048196,1.5728413654618476,13,2.233570646221249,10.0,0.7984665936473165,8.0,0.01904761904761905,0.0,10.0,0.10575000000000001,8,4.666666666666667,420.0,5.714285714285714,588.0,1.4,414.88,500.0,0.23710635593227192,109,1.4260268062400172,13.53400348080725,-3.0083759663601057,1.2,1.6,0.0,12.0,1
extended_peak,extended,peak,0.95,9,617009,S5,B3,poisson,gamma,415,415,415,0,394,394.0,3763.0,0.811749500330165,0.14939780375487072,164.98254327364174,35.257361223625644,260.026432362519,165.2604176635914,201.53948084651617,213.39793338071675,249.91182074299658,121.11266375556946,21.980769088115526,143.4693364581428,187.06995377419165,24.0,21.513206815498926,1.0,0.0,180.0,130.9879518072289,0.6373253012048193,0.8373253012048196,0.594628514056225,13,2.3687566418703505,14.0,13.298618490967057,26.0,0.0,0.0,6.0,0.06675,2,1.2083333333333335,0.0,0.0,0.0,0.0,0.0,80.0,0.1087619859588782,46,9.082003997540397,4.923170147473968,-1.682597999698146,1.2,1.6,0.0,12.0,1
extended_peak,extended,peak,0.95,10,617010,S0,B0,poisson,gamma,457,457,457,0,373,373.0,4699.0,0.7385775781202785,0.1749645390070922,379.697865610955,239.1094059268032,996.0839408748043,324.4324709651305,806.1514275779773,859.4601142700559,978.3049403907069,267.6825483243029,10.235138635366644,278.2590436336302,402.4854889183859,80.0,101.4388219773248,23.08752735229759,22.08752735229759,1800.0,1366.7396061269146,0.6411159737417943,0.8411159737417945,0.7689186725018236,13,0.9468085106382979,8.0,25.97787234042553,72.0,0.17142857142857143,0.0,12.0,0.13350000000000004,4,2.2500000000000004,420.0,51.42857142857143,588.0,1.4,373.44,500.0,0.3400569887311733,139,19.471150894841912,76.32470980959175,16.57293724420316,1.2,1.6,0.0,12.0,1
extended_peak,extended,peak,0.95,10,617010,S3,B1,poisson,gamma,457,457,457,0,435,435.0,3780.0,0.9180943182135171,0.004143524640747597,127.11143235056115,58.607294370856785,287.84899254618335,124.42359794313052,204.98377491711886,221.4198224840108,264.12469063288427,43.6541019348062,54.079210815196994,98.0746694239638,149.899055657992,32.0,29.036762926597326,1.0,0.0,360.0,273.34792122538295,0.6411159737417943,0.8411159737417945,5.107904814004377,13,6.475535572599841,19.0,5.214229039936525,20.0,0.047619047619047616,0.0,12.0,0.13200000000000003,12,7.333333333333335,420.0,14.285714285714286,588.0,1.4,407.44,500.0,0.2632472998233546,184,10.990595339286301,54.01335863255203,4.3100848395596785,1.2,1.6,0.0,12.0,1
extended_peak,extended,peak,0.95,10,617010,S5,B3,poisson,gamma,457,457,457,0,420,420.0,3952.0,0.8781468801328884,0.06720634117547854,234.95825948404033,63.062342627917445,361.02014813900496,246.25469835318063,305.1405299249128,315.6621044743115,333.42836291565334,122.54469274443419,90.63963787069751,213.5256872890924,257.7458827914712,24.0,21.432572194947994,1.0,0.0,180.0,136.67396061269147,0.6411159737417943,0.8411159737417945,0.5916757840991977,13,10.421958006577283,24.0,14.10776625347837,31.0,0.0,0.0,6.0,0.06675,2,1.2083333333333335,0.0,0.0,0.0,0.0,0.0,80.0,0.1438108459000067,61,8.869972443663471,26.686528577730968,6.628374344416386,1.2,1.6,0.0,12.0,1
extended_peak,extended,peak,0.95,11,617011,S0,B0,poisson,gamma,449,449,449,0,424,424.0,3777.0,0.8309618760709714,0.05179107111346391,109.67165626431448,36.83121510810664,224.97831198736503,103.89081528037173,161.017514314339,180.76026440000734,202.36585909982534,23.00350481665301,13.952621812797195,37.11648297688896,130.64742887765163,80.0,72.55517328742553,3.066815144766147,2.066815144766147,1800.0,1330.957683741648,0.6387305122494431,0.8387305122494433,0.7781644394951746,6,1.5989941768131286,9.0,2.6768131286394916,15.0,0.03571428571428571,0.0,12.0,0.13650000000000004,3,1.8125000000000002,420.0,10.714285714285715,588.0,1.4,410.31,500.0,0.1883743132174167,140,14.068475825974076,28.382094491000203,0.507107321116365,1.2,1.6,0.0,12.0,1
extended_peak,extended,peak,0.95,11,617011,S3,B1,poisson,gamma,449,449,449,0,439,439.0,3687.0,0.8512402298796448,0.021420824295010847,54.17276985006058,26.47470526079485,156.15753546407495,45.810901261729214,92.3247135389764,109.10375077763862,134.10185955233382,7.208404593935862,17.708692377680126,25.07745331905474,75.14854246339776,32.0,29.095316531005842,1.0,0.0,360.0,266.1915367483296,0.6387305122494431,0.8387305122494433,1.6112193763919826,6,2.0968004338394794,12.0,0.8191431670281996,14.0,0.03333333333333333,0.0,14.0,0.14925000000000005,12,7.083333333333336,420.0,10.0,588.0,1.4,410.98,500.0,0.26143669258638247,112,8.347587575071486,10.612636362921378,4.0005283737479544,1.2,1.6,0.0,12.0,1
extended_peak,extended,peak,0.95,11,617011,S5,B3,poisson,gamma,449,449,449,0,422,422.0,3802.0,0.8254993341562267,0.14383381540888773,164.76074312400266,31.394660822842905,249.97831198736503,157.65445279657638,206.1108096108137,220.17149907613828,237.27948868800598,123.51575425986013,19.6081451184494,143.2842557257483,185.73651573733983,24.0,21.47648739825438,1.0,0.0,180.0,133.0957683741648,0.6387305122494431,0.8387305122494433,0.5849573125463995,6,2.253747041809098,14.0,14.526163555088088,27.0,0.0,0.0,7.0,0.07312500000000001,2,1.1250000000000002,0.0,0.0,0.0,0.0,0.0,80.0,0.09874789856594934,59,6.139596796873235,10.521831765220213,5.782864896873917,1.2,1.6,0.0,12.0,1
extended_peak,extended,peak,0.95,12,617012,S0,B0,poisson,gamma,419,419,419,0,341,341.0,4572.0,0.7670989820147547,0.18106275967636126,463.91236723817985,219.34772598420486,986.6981714540393,421.26572894198944,824.6209428183172,882.8391836975748,938.2805526966348,339.0579519637169,15.321312406828548,354.7515794063449,489.0289088473933,80.0,109.16078783183494,27.553699284009546,26.553699284009546,1800.0,1297.3747016706443,0.6364916467780429,0.8364916467780431,0.7542263325377885,13,1.3562212989284934,9.0,31.019899409577956,68.0,0.1619047619047619,0.0,12.0,0.13200000000000003,3,1.8125000000000002,420.0,48.57142857142858,588.0,1.4,376.24,500.0,0.2632416050627877,124,28.396936495233888,29.298208206109393,27.11062230623935,1.2,1.6,0.0,12.0,1
extended_peak,extended,peak,0.95,12,617012,S3,B1,poisson,gamma,419,419,419,0,413,413.0,3640.0,0.9634560957850791,0.0021056486313283896,176.33002833603194,90.09230778422494,404.0681786332543,166.13519814981453,307.9978249126685,341.3287439259964,390.27410679952874,51.762009242953155,94.66053450927079,146.79485878802345,201.4465699452453,32.0,29.535169548008437,1.0,0.0,360.0,259.47494033412886,0.6364916467780429,0.8364916467780431,5.61401153540175,13,10.833836858006043,30.0,5.8986542158747595,19.0,0.04523809523809524,0.0,12.0,0.129,12,7.166666666666667,420.0,13.571428571428573,588.0,1.4,407.99,500.0,0.29032803622690095,169,9.802732187362096,58.23563342745419,-32.168756209981325,1.2,1.6,0.0,12.0,1
extended_peak,extended,peak,0.95,12,617012,S5,B3,poisson,gamma,419,419,419,0,397,397.0,3753.0,0.9344548867217566,0.03551767004084532,254.59017153412256,79.40540742475329,449.0681786332543,237.78607390913965,365.8049692496617,392.65500863911416,424.6498222059196,122.80974193985053,109.60173739746621,232.78379437311625,279.706713143336,24.0,21.80637716100633,1.0,0.0,180.0,129.73747016706443,0.6364916467780429,0.8364916467780431,0.5808969769291966,13,12.177677144379329,32.0,13.651038891848694,21.0,0.0,0.0,6.0,0.06375,1,0.6875,0.0,0.0,0.0,0.0,0.0,80.0,0.17475955738108517,56,-5.6004379395402,32.494905980696586,-26.68973523096031,1.2,1.6,0.0,12.0,1
extended_peak,extended,peak,0.95,13,617013,S0,B0,poisson,gamma,421,421,421,0,363,363.0,4301.0,0.7299990679042445,0.13319386331938632,257.41476534277894,171.05630449510042,591.4071161632196,239.62235625998346,505.2007489833345,544.4805983720057,573.9473348165016,158.48602425014232,8.574734795238456,167.37429823777984,279.7933115906938,80.0,90.04046710499905,14.90023752969121,13.90023752969121,1800.0,1291.211401425178,0.6360807600950118,0.8360807600950119,0.7550969912905781,11,0.7903300790330079,7.0,15.460715946071595,45.0,0.10714285714285714,0.0,12.0,0.13500000000000004,5,3.020833333333334,420.0,32.142857142857146,588.0,1.4,391.28999999999996,500.0,0.3750461055732024,122,-14.4699305823612,11.6521332874716,-8.154796688387052,1.2,1.6,0.0,12.0,1
extended_peak,extended,peak,0.95,13,617013,S3,B1,poisson,gamma,421,421,421,0,413,413.0,3805.0,0.8251329453820441,0.01208617971623752,105.97771071094992,71.55052859076841,305.3553170103273,99.61195181206995,205.9784430655909,234.81311324897842,269.72641953538226,34.25799574657938,42.18012669719277,76.7516616361712,128.35625695886483,32.0,29.22604907477872,1.0,0.0,360.0,258.24228028503563,0.6360807600950118,0.8360807600950119,4.016082739509106,11,4.6090383604834475,20.0,3.7341040462427744,20.0,0.047619047619047616,0.0,12.0,0.12900000000000006,12,7.16666666666667,420.0,14.285714285714286,588.0,1.4,408.04,500.0,0.3778361680217943,137,-0.8254216321918619,13.791914558831849,6.881508653684747,1.2,1.6,0.0,12.0,1
extended_peak,extended,peak,0.95,13,617013,S5,B3,poisson,gamma,421,421,421,0,398,398.0,3921.0,0.8007281973799234,0.15000849906510283,216.43851831190005,74.82289397788644,368.90130148983644,223.51861854679305,315.175039305798,334.7675744060389,351.46654717472495,123.1416061978858,71.40883611553114,194.86398150581604,238.81706455981495,24.0,21.574536806084048,1.0,0.0,180.0,129.12114014251782,0.6360807600950118,0.8360807600950119,0.5964469517022961,11,7.61116777154513,28.0,13.164711881693014,28.0,0.0,0.0,6.0,0.06975,2,1.2083333333333335,0.0,0.0,0.0,0.0,0.0,80.0,0.19653508462766212,57,-5.032509198713399,-0.9386618822709067,2.217191618463829,1.2,1.6,0.0,12.0,1
extended_peak,extended,peak,0.95,14,617014,S0,B0,poisson,gamma,427,427,427,0,404,404.0,3853.0,0.8579456084986752,0.045234388514097904,130.9243067277499,50.817367692542774,268.8493418772391,121.38538413131755,207.5424959450192,220.54967310371677,240.1997807694142,39.24983365983419,15.436612623303208,55.05178586159173,154.15514308714495,80.0,75.87252086615814,4.386416861826698,3.386416861826698,1800.0,1395.3161592505855,0.6430210772833722,0.8430210772833726,0.8112314597970337,13,1.656201349247535,9.0,4.294239750908147,19.0,0.04523809523809524,0.0,12.0,0.1335,4,2.3333333333333335,420.0,13.571428571428573,588.0,1.4,407.63,500.0,0.21945851235094915,140,7.851428465812873,14.233354609583472,0.07530013952276704,1.2,1.6,0.0,12.0,1
extended_peak,extended,peak,0.95,14,617014,S3,B1,poisson,gamma,427,427,427,0,412,412.0,3777.0,0.8752044402207241,0.011205223222163403,61.329458952574235,31.61942543877475,167.52784586455164,52.953454399452994,109.37001098892028,130.6397940633444,154.97887430773451,9.226414456087122,22.080818351429013,31.67257238597047,84.5602953119693,32.0,29.656886566603774,1.0,0.0,360.0,279.0632318501171,0.6430210772833722,0.8430210772833726,1.6117779078844652,13,2.4391212281630494,12.0,0.9872948650079407,8.0,0.01904761904761905,0.0,10.0,0.10575000000000001,8,4.750000000000001,420.0,5.714285714285714,588.0,1.4,414.76,500.0,0.2730144944906976,114,6.731423574641447,11.237900064128908,-1.590196962976357,1.2,1.6,0.0,12.0,1
extended_peak,extended,peak,0.95,14,617014,S5,B3,poisson,gamma,427,427,427,0,404,404.0,3897.0,0.8482612558116712,0.11450316401573457,169.2076790930895,35.07745284115079,285.8493418772391,163.5063402290848,214.5172014061403,235.08056653287247,261.42971080240255,123.31072358957658,23.63395100010572,147.31001416813663,192.43851545248452,24.0,21.89766492495283,1.0,0.0,180.0,139.53161592505856,0.6430210772833722,0.8430210772833726,0.5880659640905543,13,2.5336069779374037,14.0,13.454079014879426,24.0,0.0,0.0,7.0,0.07912500000000001,2,1.1250000000000002,0.0,0.0,0.0,0.0,0.0,80.0,0.1056272245302432,46,7.392881143729227,0.03495166118051429,0.38583074437607934,1.2,1.6,0.0,12.0,1
extended_peak,extended,peak,0.95,15,617015,S0,B0,poisson,gamma,422,422,422,0,397,397.0,3806.0,0.833802842664908,0.04229051746782243,120.59878212440881,44.311863991231036,240.4552651901331,118.5752839955477,184.30811601744196,198.83990532025945,215.11444536451677,34.16750250355574,12.82769344321353,47.336428174257414,143.1648064516029,80.0,73.26235395015141,4.068720379146919,3.0687203791469195,1800.0,1364.9289099526065,0.6409952606635071,0.8409952606635073,0.7822867298578199,12,1.3674809561334385,7.0,3.730496453900709,17.0,0.04047619047619048,0.0,12.0,0.1335,3,1.8958333333333337,420.0,12.142857142857144,588.0,1.4,409.09,500.0,0.20949910857969511,136,0.9249931576621719,51.90871544825488,-13.456838554365433,1.2,1.6,0.0,12.0,1
extended_peak,extended,peak,0.95,15,617015,S3,B1,poisson,gamma,422,422,422,0,407,407.0,3701.0,0.8574520318814974,0.011255177381595535,65.961341366115,34.14268128830766,200.22172886633462,60.438189133629294,118.44858042759817,131.26115894402548,149.13900568497763,13.027692077015457,23.795333301456026,37.16425760595964,88.52736569330908,32.0,28.797083760155346,1.0,0.0,360.0,272.98578199052133,0.6409952606635071,0.8409952606635073,2.433056872037915,12,2.653970826580227,11.0,1.4265262020529443,11.0,0.02619047619047619,0.0,11.0,0.11962500000000002,11,6.645833333333335,420.0,7.857142857142858,588.0,1.4,412.87,500.0,0.28705123003371447,111,2.832698871592214,30.437356224953888,-10.718994299854515,1.2,1.6,0.0,12.0,1
extended_peak,extended,peak,0.95,15,617015,S5,B3,poisson,gamma,422,422,422,0,389,389.0,3814.0,0.8320543701245884,0.13202271734381826,177.04191008649414,40.84239922570342,261.667707991262,175.62790314716597,227.09109460353696,240.8982765530815,253.61088280474058,122.98503804857943,32.46282699031003,155.7890972663776,199.60793441368827,24.0,21.252812820116514,1.0,0.0,180.0,136.49289099526067,0.6409952606635071,0.8409952606635073,0.5895537124802528,12,3.5347313237221494,15.0,13.547313237221495,28.0,0.0,0.0,7.0,0.07762500000000001,2,1.2083333333333335,0.0,0.0,0.0,0.0,0.0,80.0,0.12490157602498297,52,-3.66375326335114,35.57861836087625,-13.043923074783322,1.2,1.6,0.0,12.0,1
extended_peak,extended,peak,0.95,16,617016,S0,B0,poisson,gamma,426,426,426,0,410,410.0,3792.0,0.8309112481713372,0.037261622286668426,114.35370190522747,34.06412861759076,243.10110641166239,115.13023851573968,157.10141058417673,171.39178150809533,197.70911502019993,25.886565754992734,14.363640412310888,40.47555827997969,136.54839461166327,80.0,73.87814362524779,3.403755868544601,2.403755868544601,1800.0,1381.6901408450703,0.642112676056338,0.8421126760563382,0.7497065727699532,8,1.5557606116530451,7.0,2.8523596098075403,14.0,0.03333333333333333,0.0,12.0,0.135,3,1.8125000000000002,420.0,10.0,588.0,1.4,410.74,500.0,0.16881785168139718,147,5.9038175229132435,30.748775709166964,-2.4257857263192193,1.2,1.6,0.0,12.0,1
extended_peak,extended,peak,0.95,16,617016,S3,B1,poisson,gamma,426,426,426,0,412,412.0,3764.0,0.837090667812452,0.01018149623727313,59.623654956870666,26.364210818919847,147.02263117835508,55.59337155456279,96.5960495208866,105.86290891798723,131.97252103621446,9.118960121189918,20.85026367666145,30.194575910527423,81.81834766330645,32.0,29.429079046343247,1.0,0.0,360.0,276.3380281690141,0.642112676056338,0.8421126760563382,1.7639866979655716,8,2.301460823373174,9.0,0.9763612217795484,10.0,0.023809523809523808,0.0,10.0,0.10875000000000001,10,6.041666666666668,420.0,7.142857142857143,588.0,1.4,413.3,500.0,0.24527151614059228,97,1.6743411169662537,12.825958427438806,1.0510957972112749,1.2,1.6,0.0,12.0,1
extended_peak,extended,peak,0.95,16,617016,S5,B3,poisson,gamma,426,426,426,0,401,401.0,3877.0,0.8126989077653125,0.13873130479628676,162.60487561414763,31.611753758043367,241.02263117835508,166.71364329107894,192.5778417451436,201.25047074204755,216.53473630276648,120.91003993339649,19.742674283317676,140.87806632939024,184.79956832058346,24.0,21.726809284757433,1.0,0.0,180.0,138.16901408450704,0.642112676056338,0.8421126760563382,0.6042644757433492,8,2.1132026817947396,9.0,13.228210417741103,26.0,0.0,0.0,7.0,0.07612500000000001,2,1.375,0.0,0.0,0.0,0.0,0.0,80.0,0.09641677533952508,47,2.9199060095899654,13.612637095305615,-1.0918725236090836,1.2,1.6,0.0,12.0,1
extended_peak,extended,peak,0.95,17,617017,S0,B0,poisson,gamma,413,413,413,0,402,402.0,3707.0,0.866957905315739,0.04503775620280474,139.69648008149565,52.33974346984315,283.9279974194294,143.56662573568792,206.51634344779958,218.81782198736025,241.08934574700146,46.87081422193148,17.074778146356355,64.35237202930479,163.04766588956412,80.0,75.34410805219088,5.312348668280872,4.312348668280872,1800.0,1351.0895883777239,0.6400726392251814,0.8400726392251817,0.740768765133172,14,1.8465480043149947,7.0,5.162621359223301,17.0,0.04047619047619048,0.0,12.0,0.13350000000000004,3,1.729166666666667,420.0,12.142857142857144,588.0,1.4,408.49,500.0,0.21507120406297053,130,-0.02408434077159427,55.18782738098412,-2.2130773207239542,1.2,1.6,0.0,12.0,1
extended_peak,extended,peak,0.95,17,617017,S3,B1,poisson,gamma,413,413,413,0,406,406.0,3666.0,0.8766511897765913,0.009726388510135442,84.6432113163625,51.50534170695436,263.9279974194294,73.1609228665925,155.85641588571468,177.92122354084398,226.92685741351832,19.98219436720994,35.345756294862156,55.73473032308903,107.99439712443095,32.0,28.90848099327344,1.0,0.0,360.0,270.2179176755448,0.6400726392251814,0.8400726392251817,3.094884987893463,14,3.9266430324515955,14.0,2.191982547041178,18.0,0.04285714285714286,0.0,12.0,0.13350000000000004,12,7.41666666666667,420.0,12.857142857142858,588.0,1.4,407.94,500.0,0.3346720645277559,133,1.8800536626942659,41.74090430406106,0.9306643443551224,1.2,1.6,0.0,12.0,1
extended_peak,extended,peak,0.95,17,617017,S5,B3,poisson,gamma,413,413,413,0,396,396.0,3784.0,0.8493209809539657,0.12435050638485248,181.17832027520026,40.7914662093208,276.9279974194294,171.93647268782638,239.68399142237806,248.78254659950457,268.97753348619784,123.74732753912278,35.68785233010545,159.84195953024516,204.52950608326873,24.0,21.336360744955083,1.0,0.0,180.0,135.1089588377724,0.6400726392251814,0.8400726392251817,0.5894370460048427,14,3.8404227212681636,16.0,13.445970937912813,30.0,0.0,0.0,7.0,0.07462500000000001,2,1.375,0.0,0.0,0.0,0.0,0.0,80.0,0.12435618419073902,55,-1.0870471092429455,23.318211996368774,2.1516588194932638,1.2,1.6,0.0,12.0,1
extended_peak,extended,peak,0.95,18,617018,S0,B0,poisson,gamma,404,404,404,0,380,380.0,4104.0,0.8704797786263906,0.02143727161997564,142.27192617402577,56.36312730025557,277.8315228876363,133.16638372336476,220.42344023271826,235.0143306528437,253.5749406908422,41.403114292837664,26.46655629364934,68.34491811123948,168.80647685170896,80.0,73.9270080627863,4.024752475247524,3.0247524752475248,1800.0,1269.8019801980197,0.6346534653465346,0.8346534653465347,0.8034240924092411,16,2.554202192448234,9.0,4.028258221680877,17.0,0.04047619047619048,0.0,12.0,0.13200000000000003,3,1.8125000000000002,420.0,12.142857142857144,588.0,1.4,409.33,500.0,0.2262697322063505,122,14.285404762223976,32.439755372582596,2.249276202316139,1.2,1.6,0.0,12.0,1
extended_peak,extended,peak,0.95,18,617018,S3,B1,poisson,gamma,404,404,404,0,391,391.0,4000.0,0.8931065961662917,0.0031658751978672,97.2446984512535,60.78291007166539,276.11743695267387,77.04111453480164,191.44631825706975,212.41455310522835,266.14907166240306,23.440243005708947,44.24076113132112,68.15625166178255,123.77924912893668,32.0,29.088446789470957,1.0,0.0,360.0,253.96039603960395,0.6346534653465346,0.8346534653465347,2.939975247524753,16,4.414396400899775,19.0,2.319170207448138,16.0,0.0380952380952381,0.0,12.0,0.1275,12,7.083333333333334,420.0,11.428571428571429,588.0,1.4,410.0,500.0,0.3426688683705803,127,16.0223500160985,29.619087554505413,0.7349469340234265,1.2,1.6,0.0,12.0,1
extended_peak,extended,peak,0.95,18,617018,S5,B3,poisson,gamma,404,404,404,0,377,377.0,4130.0,0.865001087209231,0.06205115791172436,205.21004498590696,60.497092751252396,332.6526819717651,193.39018068158975,288.2290973877322,302.00373647368554,323.7056643155692,121.48232221362973,61.78114015542154,183.73870989380373,231.74459566359013,24.0,21.47133509210322,1.0,0.0,180.0,126.98019801980197,0.6346534653465346,0.8346534653465347,0.5877681518151816,16,5.993706124425079,21.0,11.83442265795207,23.0,0.0,0.0,6.0,0.06375,2,1.1250000000000002,0.0,0.0,0.0,0.0,0.0,80.0,0.16405202750331083,43,13.225733290551176,5.58281812445361,3.677528234836444,1.2,1.6,0.0,12.0,1
extended_peak,extended,peak,0.95,19,617019,S0,B0,poisson,gamma,442,442,442,0,414,414.0,3865.0,0.8739065567105173,0.0575961372650457,148.08668369441557,45.54305042983773,257.51620577800895,147.11228482758202,212.34001798518932,220.37586246551555,239.13112470964325,51.502973287175756,19.857247353777417,71.82175910249163,171.01783356936713,80.0,76.26492459192394,5.457013574660634,4.457013574660634,1800.0,1368.3257918552035,0.6412217194570135,0.8412217194570137,0.7920437405731524,17,2.2128815312984997,9.0,5.83264355923435,18.0,0.04285714285714286,0.0,12.0,0.13200000000000003,3,1.8125000000000002,420.0,12.857142857142858,588.0,1.4,408.54,500.0,0.17608401373344207,155,6.540075039951233,23.005865536189674,-4.976688709683373,1.2,1.6,0.0,12.0,1
extended_peak,extended,peak,0.95,19,617019,S3,B1,poisson,gamma,442,442,442,0,423,423.0,3772.0,0.8954473226193639,0.012015195688665076,81.0142855043703,40.312119091876134,191.59338122242752,74.52107557287604,141.86016015352294,158.39780746238216,175.00122525186453,17.688493649166702,33.67135143019874,51.82138354090391,103.94543537932186,32.0,29.19290196346641,1.0,0.0,360.0,273.6651583710407,0.6412217194570135,0.8412217194570137,2.822209653092006,17,3.88682745825603,14.0,2.015107341637954,15.0,0.03571428571428571,0.0,12.0,0.126,12,7.0,420.0,10.714285714285715,588.0,1.4,410.43,500.0,0.28167468008975605,149,4.385735529677959,3.1555058239594587,-7.034242075857449,1.2,1.6,0.0,12.0,1
extended_peak,extended,peak,0.95,19,617019,S5,B3,poisson,gamma,442,442,442,0,411,411.0,3877.0,0.871202359010536,0.10220044696578992,188.71111808355587,40.47408680623211,273.0498995966145,188.769980164502,238.92600598491111,249.41154818411434,261.0013312252719,123.98713618310335,42.71276696631421,167.16144161095602,211.6422679585074,24.0,21.549676472599813,1.0,0.0,180.0,136.83257918552036,0.6412217194570135,0.8412217194570137,0.5951168929110106,17,4.81175863847344,18.0,14.076070139247035,27.0,0.0,0.0,6.0,0.06525,3,1.729166666666667,0.0,0.0,0.0,0.0,0.0,80.0,0.11955090465374263,72,4.343497171568174,-1.6533191160884826,-3.2632240134601034,1.2,1.6,0.0,12.0,1
standard_disrupted,standard,disrupted,0.95,0,615000,S0,B0,burst,gamma,581,442,441,140,277,277.0,7201.0,0.6924646768339776,0.28373040365386987,1624.9823142462049,1315.279766842866,4495.503442763531,1270.216605634625,3689.061515203226,4057.4766128130036,4414.139185845848,1514.4225938736565,27.230720724391595,1465.244709178741,1643.8661953472179,55.0,163.94978156180014,80.87665198237886,79.87665198237886,1800.0,1359.9118942731277,0.644802065404475,0.8448020654044751,0.784232745961821,11,1.6396333842521873,11.0,168.0540202749618,290.0,1.9333333333333333,0.3487015692264963,12.0,0.23733333333333337,4,2.3333333333333335,150.0,207.14285714285717,210.0,1.4,0.0,195.0,0.45422354821977273,86,-56.851838706865465,203.9032983146078,-367.43049660351676,1.2,1.6,0.0,8.0,1
standard_disrupted,standard,disrupted,0.95,0,615000,S3,B1,burst,gamma,581,581,581,0,325,325.0,6840.0,0.9737389998882646,0.001672455937218577,1454.6549831780248,1000.0294460616326,3248.4386734845707,1459.905442262147,2992.164880294935,3145.8596721276836,3225.4416483981763,1086.401971129832,347.32790674936916,1434.060342595208,1480.7096243006804,22.0,20.594640582816762,1.0,0.0,360.0,284.4061962134251,0.644802065404475,0.8448020654044751,1.7776462994836488,16,29.45695073819617,36.0,92.2273059494226,219.0,1.46,0.048530916532670665,12.0,0.23200000000000004,12,7.250000000000001,150.0,156.42857142857144,210.0,1.4,6.989999999999952,195.0,0.39275625122278757,131,142.52048143266188,-42.263026354284875,-80.64958349348626,1.2,1.6,0.0,8.0,1
standard_disrupted,standard,disrupted,0.95,0,615000,S5,B3,burst,gamma,581,581,581,0,314,314.0,6987.0,0.9589349101902295,0.018814139110604332,1586.572366999023,1026.4635273205256,3399.4386734845707,1617.905442262147,3143.188995652527,3300.8596721276836,3380.4203592680587,1215.758253401777,354.0889429498438,1570.1776610676275,1612.6270081216787,18.0,16.39470593139553,1.0,0.0,180.0,142.20309810671256,0.644802065404475,0.8448020654044751,0.5886044176706828,16,29.39939896966228,36.0,101.04221522610189,237.0,0.0,0.0,5.0,0.10466666666666667,2,1.1250000000000002,0.0,0.0,0.0,0.0,0.0,45.0,0.37028128578857533,42,136.7884093461148,-57.47430954012566,-84.77800383929775,1.2,1.6,0.0,8.0,1
standard_disrupted,standard,disrupted,0.95,1,615001,S0,B0,burst,gamma,538,538,538,0,353,353.0,6948.0,0.7155381373583276,0.2092579640109366,979.5980219730047,938.9180980460072,3328.4190785457963,680.9630936351185,2528.9640805407475,2872.730591819328,3225.711217116557,836.6983937202167,22.2799195377066,859.3351905813436,1000.5148775236266,55.0,120.26283139166144,50.52973977695167,49.52973977695167,1800.0,1324.907063197026,0.6383271375464683,0.8383271375464685,0.8560254027261464,16,1.6855662685278456,11.0,64.74025039574039,171.0,1.14,0.0,12.0,0.23733333333333337,6,3.541666666666667,150.0,122.14285714285715,210.0,1.4,41.90999999999998,195.0,0.5191884150752204,121,-79.69679762703947,72.6937919510691,205.44442897000977,1.2,1.6,0.0,8.0,1
standard_disrupted,standard,disrupted,0.95,1,615001,S3,B1,burst,gamma,538,538,538,0,391,391.0,5156.0,0.9289473572919286,0.004292554069671455,579.8377989246778,475.2327739988824,1539.8669799465738,523.9485910541027,1248.660044432019,1329.377136955753,1504.4242305658224,343.94932308824656,214.88171502697855,559.1879154386452,600.7546544752995,22.0,20.6498834860326,1.0,0.0,360.0,264.9814126394052,0.6383271375464683,0.8383271375464685,2.8950588599752174,16,22.365328679464806,36.0,35.83110335466356,111.0,0.74,0.0,25.0,0.4780000000000002,12,7.250000000000001,150.0,79.28571428571429,210.0,1.4,79.34999999999998,195.0,0.4611012062864914,140,-44.27243332032208,76.8099059354521,122.36613845840282,1.2,1.6,0.0,8.0,1
standard_disrupted,standard,disrupted,0.95,1,615001,S5,B3,burst,gamma,538,538,538,0,370,370.0,5327.0,0.9032240377425493,0.0693474596677101,725.6983937202168,501.96099489047606,1710.8669799465738,693.6981813317758,1421.660044432019,1499.5017057990674,1673.8912171165566,478.77831937077445,230.123292355632,709.2584890498266,746.6152492708386,18.0,16.439904670390312,1.0,0.0,180.0,132.4907063197026,0.6383271375464683,0.8383271375464685,0.5930916976456011,16,23.18825075075075,36.0,48.295608108108105,130.0,0.0,0.0,6.0,0.11333333333333334,2,1.2916666666666667,0.0,0.0,0.0,0.0,0.0,45.0,0.391219201788471,42,-52.7236879480472,51.42110155455771,127.18854098263103,1.2,1.6,0.0,8.0,1
standard_disrupted,standard,disrupted,0.95,2,615002,S0,B0,burst,gamma,565,508,507,58,330,330.0,7201.0,0.6675723220959514,0.30462637836505885,1257.390809078918,1140.4209296707807,4061.4864527716218,745.5990421523715,3179.3210815272205,3588.6275517991344,4010.9974378908323,1160.6142054441639,18.032322240418985,1113.7046273823294,1273.2046273449753,55.0,147.7613101395979,69.39038461538462,68.39038461538462,1800.0,1305.0,0.636867256637168,0.8368672566371682,0.7941506410256411,24,1.2371892792667685,11.0,107.35870018053048,222.0,1.48,0.044438272462158035,12.0,0.23466666666666672,4,2.416666666666667,150.0,158.57142857142858,210.0,1.4,8.93999999999994,195.0,0.4933794969916474,105,-77.24761810816176,181.5304732067923,73.51183103576795,1.2,1.6,0.0,8.0,1
standard_disrupted,standard,disrupted,0.95,2,615002,S3,B1,burst,gamma,565,565,565,0,396,396.0,5394.0,0.958652677430428,0.003405401124574325,761.457639592338,542.5774657039937,1769.9475185254241,750.4837409522145,1605.8550309461468,1661.2506020835128,1726.8720488586443,489.2310909197717,251.0547528911242,740.7955783241702,782.8822543851062,22.0,20.662061268167836,1.0,0.0,360.0,260.60176991150445,0.636867256637168,0.8368672566371682,2.571939528023599,24,26.23799814643188,36.0,51.18090824837813,135.0,0.9,0.0,28.0,0.5253333333333335,12,7.166666666666667,150.0,96.42857142857143,210.0,1.4,64.10999999999996,195.0,0.40457882465850803,164,-30.5773163302066,86.64522374067496,-24.41792123764344,1.2,1.6,0.0,8.0,1
standard_disrupted,standard,disrupted,0.95,2,615002,S5,B3,burst,gamma,565,565,565,0,375,375.0,5546.0,0.938583186625882,0.03233310072109793,888.5125068489751,566.7055071646871,1920.9475185254241,901.4837409522145,1753.8550309461468,1814.9557244632429,1865.8720488586443,609.9107369374707,261.64216708791093,872.0626385386562,909.9371216417433,18.0,16.449868310319136,1.0,0.0,180.0,130.30088495575222,0.636867256637168,0.8368672566371682,0.5874262536873157,24,26.60014422210204,36.0,62.07048855237065,154.0,0.0,0.0,6.0,0.11600000000000002,2,1.2083333333333335,0.0,0.0,0.0,0.0,0.0,45.0,0.362981050398544,66,-34.53585265004972,69.05643869394623,-24.702873618595845,1.2,1.6,0.0,8.0,1
standard_disrupted,standard,disrupted,0.95,3,615003,S0,B0,burst,gamma,559,527,526,33,341,341.0,7201.0,0.6670086726930695,0.30505860579888955,1160.6157142347408,1060.1173966009674,3750.4056233251927,815.9957095226293,2868.939501289472,3265.3399197974886,3619.4416393267343,1063.9874675285303,19.43335818693469,1026.3109320042183,1176.1810767001984,55.0,137.95067227643202,62.98701298701299,61.98701298701299,1800.0,1275.69573283859,0.6354382826475848,0.835438282647585,0.7593923933209649,23,1.3863352312178865,9.0,89.81974725732537,206.0,1.3733333333333333,0.0,12.0,0.2373333333333334,3,1.729166666666667,150.0,147.14285714285714,210.0,1.4,17.85999999999993,195.0,0.5029705253354333,118,145.56891971539744,123.14440104814958,72.80036640298522,1.2,1.6,0.0,8.0,1
standard_disrupted,standard,disrupted,0.95,3,615003,S3,B1,burst,gamma,559,559,559,0,421,421.0,5143.0,0.9599963234963809,0.0025615600727152536,595.7044827240995,435.361758114884,1526.8005506399118,582.1155917780716,1130.2301216446713,1324.9206007468777,1496.0421676827027,347.1874880908258,227.4986455494344,575.2013393647683,616.4878020567527,22.0,20.50314335933124,1.0,0.0,360.0,256.3148479427549,0.6354382826475848,0.835438282647585,2.4944469290399525,24,24.668545878693624,36.0,37.675738724727836,111.0,0.74,0.0,24.0,0.44266666666666676,12,7.166666666666669,150.0,79.28571428571429,210.0,1.4,78.27,195.0,0.41461955814723295,154,12.339570957280444,161.8528883515189,23.928016514298406,1.2,1.6,0.0,8.0,1
standard_disrupted,standard,disrupted,0.95,3,615003,S5,B3,burst,gamma,559,559,559,0,392,392.0,5283.0,0.935718065959504,0.03704896907216495,719.4486687706112,453.9844271386179,1663.299386992905,771.186275512079,1277.2301216446713,1461.7576333621828,1635.5575740717345,473.371745693688,229.24187278568948,703.1288242038855,740.2319881032644,18.0,16.319844566725557,1.0,0.0,180.0,128.15742397137745,0.6354382826475848,0.835438282647585,0.5886627906976745,24,24.199470098410295,36.0,50.02668433005299,137.0,0.0,0.0,6.0,0.10800000000000001,2,1.2916666666666667,0.0,0.0,0.0,0.0,0.0,45.0,0.35847300680133376,62,8.394013347579971,146.37199166535913,28.52468835926561,1.2,1.6,0.0,8.0,1
standard_disrupted,standard,disrupted,0.95,4,615004,S0,B0,burst,gamma,578,484,482,96,308,308.0,7201.0,0.7783260693227847,0.1933234604467481,1398.2137564498503,1216.6177702782913,4323.712151287647,928.2822188308194,3283.0232009689344,3833.4144062502914,4199.393552331193,1297.1777267774034,26.919036730593998,1254.924115494494,1412.2181541782231,55.0,147.38680520682027,69.39717741935483,68.39717741935483,1800.0,1331.8548387096773,0.6386505190311419,0.8386505190311419,0.825184811827957,15,1.7760033328704348,11.0,133.48326621302596,258.0,1.72,0.2067768365504791,12.0,0.2426666666666667,4,2.416666666666667,150.0,184.2857142857143,210.0,1.4,0.0,195.0,0.4818101566233681,114,228.4952647222192,-17.355297836969157,-260.18179390617456,1.2,1.6,0.0,8.0,1
standard_disrupted,standard,disrupted,0.95,4,615004,S3,B1,burst,gamma,578,578,578,0,323,323.0,6876.0,0.9703554812394409,0.0013498746544963682,1361.7427214993568,1024.1634321944953,3319.5968921105155,1316.625924194262,2778.834878363781,3104.2083803015166,3294.2342353842128,993.2479118107755,347.568646725166,1341.169499712412,1387.8600575229589,22.0,20.573221786944742,1.0,0.0,360.0,265.9515570934256,0.6386505190311419,0.8386505190311419,2.160827566320646,17,29.171877272066308,36.0,83.43870873927585,218.0,1.4533333333333334,0.029082448742184092,25.0,0.46200000000000013,12,7.083333333333336,150.0,155.71428571428572,210.0,1.4,10.30000000000004,195.0,0.4280399790521061,118,157.54103902465522,-17.906936380978323,-216.79282384164503,1.2,1.6,0.0,8.0,1
standard_disrupted,standard,disrupted,0.95,4,615004,S5,B3,burst,gamma,578,578,578,0,313,313.0,6966.0,0.9593175026462877,0.014361972547025929,1441.9780156170038,1036.8073812758169,3395.4912579207944,1403.994749528274,2870.3654951755575,3193.2083803015166,3384.0450538789582,1079.791164405931,345.4567285725564,1425.6008341549582,1468.095351640606,18.0,16.377181462045698,1.0,0.0,180.0,132.9757785467128,0.6386505190311419,0.8386505190311419,0.5841983852364475,17,28.619204822735753,36.0,89.54069183292665,230.0,0.0,0.0,5.0,0.10200000000000002,2,1.0416666666666667,0.0,0.0,0.0,0.0,0.0,45.0,0.4095874125856782,57,156.5142278588096,-31.285708982981305,-223.1648616127154,1.2,1.6,0.0,8.0,1
standard_disrupted,standard,disrupted,0.95,5,615005,S0,B0,burst,gamma,558,558,558,0,384,384.0,6653.0,0.7505000808684085,0.17774547376767544,814.8733019176807,838.4357480475812,3042.106491064784,411.9036428342697,2202.400590364199,2621.155078029919,2937.3003893215628,681.5363843549567,21.862321797043993,703.6997814208179,835.2282628923446,55.0,111.17352049686282,44.11827956989247,43.11827956989247,1800.0,1319.3548387096773,0.6379569892473118,0.8379569892473119,0.8533452807646357,14,1.792756236850015,10.0,57.1112113014728,164.0,1.0933333333333333,0.0,12.0,0.23466666666666672,6,3.6250000000000004,150.0,117.14285714285715,210.0,1.4,45.75999999999995,195.0,0.5437247326374504,132,-68.19091644838306,-2.8583815404713278,103.61978486235739,1.2,1.6,0.0,8.0,1
standard_disrupted,standard,disrupted,0.95,5,615005,S3,B1,burst,gamma,558,558,558,0,418,418.0,5118.0,0.9430478432300304,0.008053802723347724,531.7209721685767,492.05551240522266,1547.650248872159,309.2555931297369,1313.666299837436,1484.3088542559376,1540.2679229396886,304.75143811839746,205.93565273315454,510.9881661203692,552.0759331432405,22.0,20.732806048207497,1.0,0.0,360.0,263.8709677419355,0.6379569892473118,0.8379569892473119,3.0429360812425332,14,22.39421762062903,36.0,33.16507130298886,108.0,0.72,0.0,30.0,0.5613333333333335,12,7.250000000000003,150.0,77.14285714285715,210.0,1.4,81.23999999999998,195.0,0.508445672471366,160,-42.50301143563195,31.228796207154232,64.59263612329443,1.2,1.6,0.0,8.0,1
standard_disrupted,standard,disrupted,0.95,5,615005,S5,B3,burst,gamma,558,558,558,0,392,392.0,5316.0,0.9112699152649624,0.05760590500641848,697.3141621327345,523.8639233387597,1748.650248872159,530.3145887872707,1514.2414659718013,1689.3370156070948,1741.5957407104418,458.85179654133657,221.65353991950178,680.8064117296555,717.6691231073984,18.0,16.50775040307886,1.0,0.0,180.0,131.93548387096774,0.6379569892473118,0.8379569892473119,0.5904271206690562,14,23.20932856874177,36.0,48.10231333458717,137.0,0.0,0.0,5.0,0.09933333333333334,2,1.2916666666666667,0.0,0.0,0.0,0.0,0.0,45.0,0.4171000734731538,56,-56.63842679580591,4.395858622350829,65.61914152730901,1.2,1.6,0.0,8.0,1
standard_disrupted,standard,disrupted,0.95,6,615006,S0,B0,burst,gamma,582,513,513,69,331,331.0,7201.0,0.7061125498941729,0.2643500802370078,1294.3168294872526,1174.0607338677398,4072.831301059386,862.9885180323649,3253.8794730701916,3646.6237328174775,3973.0536873262267,1196.6466754150363,22.46127374799881,1156.5578303307675,1316.61787341198,55.0,141.6933829270256,65.22666666666667,64.22666666666667,1800.0,1261.7142857142858,0.634742268041237,0.8347422680412372,0.8365476190476191,20,1.5635328426607416,11.0,117.34578530759617,238.0,1.5866666666666667,0.10081933064852104,12.0,0.2346666666666667,6,3.541666666666667,150.0,170.0,210.0,1.4,0.020000000000180762,195.0,0.4997231958525412,101,-129.86925600743848,-9.492310718711451,-17.58769755269668,1.2,1.6,0.0,8.0,1
standard_disrupted,standard,disrupted,0.95,6,615006,S3,B1,burst,gamma,582,582,582,0,372,372.0,5717.0,0.964344994142624,0.001661631419939577,959.448674698413,727.9690102712974,2128.635862318442,810.5305383914846,1925.3510835583745,1991.5772181026878,2101.6760619098554,666.0844135300282,272.1342913579976,938.7341688055516,981.3866948400771,22.0,20.71450589286148,1.0,0.0,360.0,254.22680412371133,0.634742268041237,0.8347422680412372,2.030355097365407,25,27.64637985309549,36.0,67.74396642182582,175.0,1.1666666666666667,0.0,30.0,0.5560000000000003,12,7.250000000000001,150.0,125.00000000000001,210.0,1.4,39.829999999999984,195.0,0.4291415741700213,142,-52.787536798455676,-144.28091082230424,3.8806866306357506,1.2,1.6,0.0,8.0,1
standard_disrupted,standard,disrupted,0.95,6,615006,S5,B3,burst,gamma,582,582,582,0,359,359.0,5861.0,0.9438846545759102,0.02890515265764767,1079.1119049389629,750.5454529124769,2273.635862318442,952.5305383914846,2066.878451899716,2137.687753885903,2246.5728859126484,784.6462692001313,277.45739427260105,1062.619127390258,1101.049925080627,18.0,16.492777548704847,1.0,0.0,180.0,127.11340206185567,0.634742268041237,0.8347422680412372,0.5853379152348225,25,27.498635278062096,36.0,77.8510747185261,186.0,0.0,0.0,6.0,0.11600000000000002,2,1.1250000000000002,0.0,0.0,0.0,0.0,0.0,45.0,0.39412576517185327,56,-57.35572315120908,-162.72985935578527,-1.0940991014315387,1.2,1.6,0.0,8.0,1
standard_disrupted,standard,disrupted,0.95,7,615007,S0,B0,burst,gamma,603,511,509,94,345,345.0,7201.0,0.7326439107020613,0.22902270483711748,1185.4587863457366,1201.099188483757,4321.274112097955,678.9053035878903,3079.3308730402323,3804.286713824742,4155.3944842629235,1099.6210195574783,22.87692068294267,1052.3180945042172,1196.362296398961,55.0,137.23332498111787,62.07074569789675,61.07074569789675,1800.0,1345.697896749522,0.6417412935323382,0.8417412935323384,0.8340105162523902,10,1.588251631717817,9.0,123.28107207332314,246.0,1.64,0.14956256075545063,12.0,0.24000000000000002,4,2.416666666666667,150.0,175.71428571428572,210.0,1.4,0.0,195.0,0.5446907567539518,112,179.20421921775255,552.5290940239472,-176.82095079210876,1.2,1.6,0.0,8.0,1
standard_disrupted,standard,disrupted,0.95,7,615007,S3,B1,burst,gamma,603,603,603,0,389,389.0,6279.0,0.9529827385883162,0.0038910505836575876,1027.4263220179375,919.3028689647386,2672.2042087012587,836.1156717230367,2491.6516968067776,2599.855722674722,2650.1059686995004,733.595476246793,272.91075245526827,1006.764935169723,1050.1714755399325,22.0,20.661386848214295,1.0,0.0,360.0,275.2238805970149,0.6417412935323382,0.8417412935323384,2.624343559977889,13,26.157006369426753,36.0,70.39012738853503,180.0,1.2,0.0,24.0,0.4533333333333335,12,7.25,150.0,128.57142857142858,210.0,1.4,32.75999999999985,195.0,0.499468265632943,147,144.88357981806428,322.8288713711522,-73.16127993018563,1.2,1.6,0.0,8.0,1
standard_disrupted,standard,disrupted,0.95,7,615007,S5,B3,burst,gamma,603,603,603,0,365,365.0,6458.0,0.9309888388381102,0.04418951941352159,1181.724829480624,945.0807715983013,2854.2042087012587,1017.1156717230367,2677.825604991486,2778.963520620505,2833.275916554468,882.1062556829457,282.9105508178413,1165.2755129684488,1204.469983002619,18.0,16.44931651217533,1.0,0.0,180.0,137.61194029850745,0.6417412935323382,0.8417412935323384,0.5961511885019348,13,26.365226815296484,36.0,82.30407183774578,202.0,0.0,0.0,5.0,0.09933333333333334,3,1.8125000000000002,0.0,0.0,0.0,0.0,0.0,45.0,0.4482723567689846,46,140.2246146084301,324.5767418992614,-73.42394087439197,1.2,1.6,0.0,8.0,1
standard_disrupted,standard,disrupted,0.95,8,615008,S0,B0,burst,gamma,602,476,475,127,310,310.0,7201.0,0.6992346779988156,0.2817822759812392,1471.2066621710246,1261.2992469588444,4483.583927897012,1093.4328314414681,3480.4913991991484,3916.231474245661,4297.079556249544,1370.9167020686689,21.63167475589783,1319.1072444899476,1488.7027779441592,55.0,156.17083761613983,75.40368852459017,74.40368852459017,1800.0,1346.311475409836,0.6395016611295681,0.8395016611295681,0.8034494535519127,22,1.3959172337175392,11.0,156.84071656714346,279.0,1.86,0.3012081655325649,12.0,0.23733333333333334,3,1.8958333333333337,150.0,199.2857142857143,210.0,1.4,0.0,195.0,0.47585265394403264,114,13.302544187585227,-32.312937907224295,147.38015539634694,1.2,1.6,0.0,8.0,1
standard_disrupted,standard,disrupted,0.95,8,615008,S3,B1,burst,gamma,602,602,602,0,355,355.0,6482.0,0.9739423519282745,0.000743896665990397,1289.5854191850403,949.8644202928891,2958.3885708934617,1146.6489843615093,2760.5566290294864,2865.3380852771675,2927.518336037342,952.7133261617845,315.7729494608253,1268.9447473834073,1313.5084848959432,22.0,20.640671801633186,1.0,0.0,360.0,268.5049833887043,0.6395016611295681,0.8395016611295681,2.2351190476190483,23,29.274564244948326,36.0,88.42171834027457,209.0,1.3933333333333333,0.0,22.0,0.41733333333333333,12,7.250000000000001,150.0,149.2857142857143,210.0,1.4,16.569999999999993,195.0,0.41834395333606955,144,36.02958348966945,375.29963741610595,150.92133359625723,1.2,1.6,0.0,8.0,1
standard_disrupted,standard,disrupted,0.95,8,615008,S5,B3,burst,gamma,602,602,602,0,347,347.0,6585.0,0.9617152292463036,0.014357262103505844,1378.0355852979972,964.977274430881,3053.3885708934617,1248.1489843615093,2863.562200039169,2954.67344526044,3028.079562601688,1043.4325952647746,317.71215043472534,1361.6032174602972,1401.9586510089,18.0,16.43236783769988,1.0,0.0,180.0,134.25249169435216,0.6395016611295681,0.8395016611295681,0.5829872646733113,23,28.995293045854844,36.0,95.33115699969632,217.0,0.0,0.0,5.0,0.09933333333333334,1,0.6875,0.0,0.0,0.0,0.0,0.0,45.0,0.3983496757637126,64,35.95821271384875,375.6327376492061,153.29537026912476,1.2,1.6,0.0,8.0,1
standard_disrupted,standard,disrupted,0.95,9,615009,S0,B0,burst,gamma,524,524,524,0,329,329.0,7162.0,0.7219296007625536,0.19967753937740296,1061.9718269020977,977.7664161489355,3449.1866274397607,688.2522790411178,2650.6067644765512,3075.0939295377216,3313.8965955405984,913.5309872074412,23.498366863327153,937.4415678112263,1084.1890725927408,55.0,124.53025909087134,53.47709923664122,52.47709923664122,1800.0,1374.0458015267175,0.6416030534351145,0.8416030534351148,0.8305502544529263,18,1.6828144632137372,10.0,66.79226581041463,181.0,1.2066666666666668,0.0,12.0,0.2426666666666667,4,2.2500000000000004,150.0,129.2857142857143,210.0,1.4,33.8899999999999,195.0,0.5035898039496927,110,30.12216532580942,212.18645809781697,5.687863277760243,1.2,1.6,0.0,8.0,1
standard_disrupted,standard,disrupted,0.95,9,615009,S3,B1,burst,gamma,524,524,524,0,370,370.0,5452.0,0.9155986426973606,0.00526936688950059,674.7275520929373,511.937581058816,1666.1866274397607,572.2656445489508,1458.2853752081292,1592.117071216031,1633.7488590428275,394.48327728377706,259.18467498960564,654.0801660138408,696.9447977835804,22.0,20.647386079096623,1.0,0.0,360.0,274.80916030534354,0.6416030534351145,0.8416030534351148,2.0301367684478375,18,24.85622593068036,36.0,37.86026040711535,124.0,0.8266666666666667,0.0,19.0,0.36466666666666675,12,7.333333333333335,150.0,88.57142857142858,210.0,1.4,70.87999999999998,195.0,0.432219223245196,121,0.4243623355686168,58.517458097816984,-3.159686923042841,1.2,1.6,0.0,8.0,1
standard_disrupted,standard,disrupted,0.95,9,615009,S5,B3,burst,gamma,524,524,524,0,352,352.0,5607.0,0.8922998959068705,0.05518510002299379,806.9947276654565,533.7629688126389,1817.7927045800507,735.2522790411178,1609.4394667279576,1745.6747514039914,1785.7488590428275,528.7733536196549,261.37129896790077,790.5568663280138,829.2119733560995,18.0,16.43786133744269,1.0,0.0,180.0,137.40458015267177,0.6416030534351145,0.8416030534351148,0.5865935114503817,18,24.373751783166906,36.0,49.36162624821684,140.0,0.0,0.0,5.0,0.10200000000000002,2,1.1250000000000002,0.0,0.0,0.0,0.0,0.0,45.0,0.3779377318121213,44,0.09598068725028952,57.71345809781724,-5.428836247613731,1.2,1.6,0.0,8.0,1
standard_disrupted,standard,disrupted,0.95,10,615010,S0,B0,burst,gamma,574,529,527,47,343,343.0,7201.0,0.7474797283744353,0.2150969016170843,1165.9167827414965,1103.526817564708,3867.255380291016,670.1141155080002,2979.7620861811406,3382.8183284853294,3761.679961918204,1072.6558465186752,20.70462778292001,1035.249009768273,1178.518141797849,55.0,134.38568479830204,60.02772643253235,59.02772643253235,1800.0,1324.2144177449168,0.6384320557491289,0.838432055749129,0.7885474430067777,21,1.5002083044021663,10.0,97.58339119566728,217.0,1.4466666666666668,0.020969309818080824,12.0,0.24000000000000002,4,2.3333333333333335,150.0,155.0,210.0,1.4,11.33000000000007,195.0,0.5175307520432109,120,-95.27401093369258,11.669524421864025,-6.132647935341311,1.2,1.6,0.0,8.0,1
standard_disrupted,standard,disrupted,0.95,10,615010,S3,B1,burst,gamma,574,574,574,0,376,376.0,6074.0,0.9566024448373299,0.0030019298120220143,870.0466096314998,749.3073376962607,2486.033088950605,602.0496177906923,1993.411449533764,2293.9483217570632,2393.5862229500694,566.8706514433466,281.97544227407235,849.3060240310077,893.3633775857144,22.0,20.740585600492096,1.0,0.0,360.0,265.29616724738673,0.6384320557491289,0.838432055749129,2.284843205574913,22,26.59572016460905,36.0,53.51489711934156,160.0,1.0666666666666667,0.0,24.0,0.43733333333333346,12,7.333333333333335,150.0,114.28571428571429,210.0,1.4,48.07999999999994,195.0,0.48262471476093616,144,-28.106380752331575,98.75118396516814,-74.26161594636073,1.2,1.6,0.0,8.0,1
standard_disrupted,standard,disrupted,0.95,10,615010,S5,B3,burst,gamma,574,574,574,0,368,368.0,6238.0,0.9331909640021675,0.043648026774508436,1011.9054946489215,773.8173799075566,2645.033088950605,771.0496177906923,2152.6175073631302,2460.9795717526354,2565.8743453788325,711.854972000838,283.07647684318306,995.3913791576098,1035.222262603136,18.0,16.514115491311717,1.0,0.0,180.0,132.64808362369337,0.6384320557491289,0.838432055749129,0.5842044134727062,22,25.997435486456162,36.0,65.44702676711012,170.0,0.0,0.0,6.0,0.11066666666666668,2,1.1250000000000002,0.0,0.0,0.0,0.0,0.0,45.0,0.4305547488448922,51,-30.883729428245715,106.8554636517265,-72.51201336315148,1.2,1.6,0.0,8.0,1
standard_disrupted,standard,disrupted,0.95,11,615011,S0,B0,burst,gamma,526,522,521,5,334,334.0,7201.0,0.7276729742196788,0.19707533781699266,1110.0068762809535,1041.1622685474301,3641.154813356585,743.8581868077046,2814.724107690112,3246.0384412814365,3545.21101994701,977.5514117835597,20.24219714681325,979.7318320484563,1127.7712677514,55.0,131.45418836817746,58.1425855513308,57.1425855513308,1800.0,1317.490494296578,0.6378326996197718,0.837832699619772,0.7728136882129278,15,1.431190112484377,11.0,71.36842105263158,181.0,1.2066666666666668,0.0,12.0,0.2373333333333334,3,1.9791666666666667,150.0,129.2857142857143,210.0,1.4,33.769999999999925,195.0,0.5125395562973016,116,58.55184671227471,229.07349145763078,-152.6654611260965,1.2,1.6,0.0,8.0,1
standard_disrupted,standard,disrupted,0.95,11,615011,S3,B1,burst,gamma,526,526,526,0,370,370.0,5415.0,0.9290004724660778,0.005102441321924798,682.2301190078942,574.5728299568834,1850.9440121106827,499.53041988131383,1538.2488799371804,1712.1964582279115,1834.4201381080484,405.2225144451565,255.9544235120446,661.519143280395,704.729238815395,22.0,20.71097572749912,1.0,0.0,360.0,263.4980988593156,0.6378326996197718,0.837832699619772,2.5899081115335876,15,24.80705317577548,36.0,39.30557607090103,120.0,0.8,0.0,18.0,0.3426666666666668,12,7.250000000000003,150.0,85.71428571428572,210.0,1.4,73.07999999999997,195.0,0.4731470140974219,132,50.5441156204962,123.6775044616329,-65.89021592338361,1.2,1.6,0.0,8.0,1
standard_disrupted,standard,disrupted,0.95,11,615011,S5,B3,burst,gamma,526,526,526,0,347,347.0,5640.0,0.903606705256574,0.06673283958158358,861.8137691980083,618.4264039927543,2074.2083459443825,724.0304198813138,1764.9692185990968,1930.2895034942358,2056.4355479218625,574.7871532284264,270.19452141479763,845.323879966418,884.312889005509,18.0,16.48988923159019,1.0,0.0,180.0,131.7490494296578,0.6378326996197718,0.837832699619772,0.5884030418250951,15,25.148377947172488,36.0,53.549016131891506,143.0,0.0,0.0,5.0,0.09933333333333334,2,1.2083333333333335,0.0,0.0,0.0,0.0,0.0,45.0,0.4068168278851261,54,57.18317133222638,122.81275396263084,-62.83903603207136,1.2,1.6,0.0,8.0,1
standard_disrupted,standard,disrupted,0.95,12,615012,S0,B0,burst,gamma,529,507,506,23,327,327.0,7201.0,0.7076564721638089,0.2568926170357121,1199.4623036662454,1089.9714085602477,3728.2337401790965,752.6653248392615,3001.8707655464873,3377.0408236755297,3681.986456334861,1096.2217308617212,24.23622592912221,1061.9135197334347,1216.8622556591647,55.0,141.27499840476864,64.94219653179191,63.94219653179191,1800.0,1262.4277456647399,0.6343856332703214,0.8343856332703216,0.7542148362235068,16,1.6699069573670324,11.0,84.02582974586863,191.0,1.2733333333333334,0.0,12.0,0.23466666666666672,5,2.6875,150.0,136.42857142857144,210.0,1.4,28.629999999999953,195.0,0.4975682179010512,112,116.82888545506648,70.19018540232446,-251.77550985026937,1.2,1.6,0.0,8.0,1
standard_disrupted,standard,disrupted,0.95,12,615012,S3,B1,burst,gamma,529,529,529,0,375,375.0,5430.0,0.9575316539444831,0.0012634238787113076,743.6581643565275,561.9994458033593,1834.9896027831255,655.5045522748919,1568.5746675835176,1609.05292961072,1796.2625158166622,458.0192229576619,264.56066139492134,722.9428333128857,766.5810015314861,22.0,20.715331043642013,1.0,0.0,360.0,253.1568998109641,0.6343856332703214,0.8343856332703216,2.766107435412729,16,25.719388694531393,36.0,44.56453691769472,117.0,0.78,0.0,24.0,0.42666666666666675,12,7.333333333333334,150.0,83.57142857142858,210.0,1.4,75.20999999999998,195.0,0.4278232892224483,149,20.92428155523146,102.11594950652102,-131.58115881489186,1.2,1.6,0.0,8.0,1
standard_disrupted,standard,disrupted,0.95,12,615012,S5,B3,burst,gamma,529,529,529,0,363,363.0,5547.0,0.9401597817919782,0.025895487672507364,837.8755556608753,584.4267032676103,1950.9896027831255,771.228557214564,1685.0307807073464,1718.7388712643606,1916.4486196969322,563.4785802355447,257.54057379295756,821.3821029888047,860.798392835834,18.0,16.493452672070738,1.0,0.0,180.0,126.57844990548205,0.6343856332703214,0.8343856332703216,0.5794344675488343,16,24.508471521268927,36.0,53.6802451333814,129.0,0.0,0.0,6.0,0.11333333333333334,1,0.6875,0.0,0.0,0.0,0.0,0.0,45.0,0.39563019101272223,44,18.858021392629894,84.53392850914577,-123.95959804903589,1.2,1.6,0.0,8.0,1
standard_disrupted,standard,disrupted,0.95,13,615013,S0,B0,burst,gamma,541,528,526,15,349,349.0,7201.0,0.666914683902651,0.2863734235619809,1120.442268923815,1051.844132997731,3721.940349849567,719.0279697196479,2917.064982234305,3308.3378140814734,3613.598297721743,1025.1340917576383,15.96446961208255,985.0412082328671,1131.1677519032353,55.0,138.82014426939463,63.516666666666666,62.516666666666666,1800.0,1413.3333333333333,0.6442698706099814,0.8442698706099816,0.7702932098765433,21,1.1358144702124704,10.0,77.33870295792251,180.0,1.2,0.0,12.0,0.2453333333333334,4,2.5000000000000004,150.0,128.57142857142858,210.0,1.4,33.59999999999991,195.0,0.507860920456817,125,27.035864535260544,-16.239272370553863,90.26179715554281,1.2,1.6,0.0,8.0,1
standard_disrupted,standard,disrupted,0.95,13,615013,S3,B1,burst,gamma,541,541,541,0,415,415.0,5178.0,0.9224476767794613,0.005883795047805835,551.6193249726077,449.2852074262512,1453.0836586442647,455.4397961667232,1330.5268128754706,1386.038327660447,1444.5314698732332,303.17200519441917,227.41058616845922,531.0483954294218,572.4843752882274,22.0,20.57092954318589,1.0,0.0,360.0,282.8096118299446,0.6442698706099814,0.8442698706099816,2.2509627233518184,21,23.701679860977023,36.0,31.61923151187488,94.0,0.6266666666666667,0.0,29.0,0.5500000000000003,12,7.333333333333334,150.0,67.14285714285715,210.0,1.4,88.82,195.0,0.45265996236075856,135,11.48107856360673,0.8929732567544306,23.509177645861655,1.2,1.6,0.0,8.0,1
standard_disrupted,standard,disrupted,0.95,13,615013,S5,B3,burst,gamma,541,541,541,0,395,395.0,5366.0,0.8980105187549935,0.06857597454256166,714.4899349541234,482.5123613150999,1675.7827668540467,669.146716193686,1534.122816915451,1582.3304067853437,1646.93808680205,453.62487025911423,244.02395463858645,698.114628964244,735.3549852697432,18.0,16.37530598987937,1.0,0.0,180.0,141.4048059149723,0.6442698706099814,0.8442698706099816,0.597466112138016,21,24.54686044345072,36.0,45.67747344885411,109.0,0.0,0.0,6.0,0.11600000000000002,2,1.2916666666666667,0.0,0.0,0.0,0.0,0.0,45.0,0.37934779450958933,51,2.9035936427721936,-11.14915321022761,37.15122708608146,1.2,1.6,0.0,8.0,1
standard_disrupted,standard,disrupted,0.95,14,615014,S0,B0,burst,gamma,591,500,499,92,323,323.0,7201.0,0.6590506811299592,0.28940871497346005,1287.7661611831286,1196.5747759020205,4285.354145117492,735.6127277198102,3192.624243122097,3770.6892656303594,4118.333233866771,1196.435077125828,19.845798732189373,1147.2139599153181,1303.1376063769826,55.0,145.05874221131478,67.615234375,66.615234375,1800.0,1300.78125,0.6393401015228426,0.8393401015228428,0.7582194010416667,13,1.3435633939730594,11.0,127.39383418969588,256.0,1.7066666666666668,0.19497292042771838,12.0,0.24000000000000005,4,2.2500000000000004,150.0,182.85714285714286,210.0,1.4,0.0,195.0,0.5098449238712612,105,-82.8023302739839,276.737564088872,-73.26077550701962,1.2,1.6,0.0,8.0,1
standard_disrupted,standard,disrupted,0.95,14,615014,S3,B1,burst,gamma,591,591,591,0,366,366.0,5964.0,0.9337715645362434,0.00618226780129464,980.6818747764365,735.7075017845225,2327.2800737242146,1110.013524348748,2000.6253014573376,2166.158891435935,2257.426521392503,685.1827208001251,274.50545257858516,960.0130464751569,1002.4050985341502,22.0,20.668828301279472,1.0,0.0,360.0,268.02030456852793,0.6393401015228426,0.8393401015228428,1.7943104906937397,16,27.149203688181057,36.0,67.83671416596815,188.0,1.2533333333333334,0.0,26.0,0.4813333333333334,12,7.166666666666667,150.0,134.2857142857143,210.0,1.4,28.839999999999918,195.0,0.4269606032614781,129,25.962997762295913,130.74857206773095,10.260618645593695,1.2,1.6,0.0,8.0,1
standard_disrupted,standard,disrupted,0.95,14,615014,S5,B3,burst,gamma,591,591,591,0,348,348.0,6106.0,0.9140922207767039,0.0546813812744749,1118.3603857747446,762.5831100526462,2466.061370439713,1270.013524348748,2167.695099086879,2334.5252518281404,2419.1763406883847,820.3248527798205,281.255254924703,1101.9049808009702,1140.083609532458,18.0,16.45540497377411,1.0,0.0,180.0,134.01015228426397,0.6393401015228426,0.8393401015228428,0.5930978567399888,16,27.170951367283447,36.0,79.33764532503685,206.0,0.0,0.0,5.0,0.09933333333333334,2,1.2083333333333335,0.0,0.0,0.0,0.0,0.0,45.0,0.3889626388951999,54,23.16529405859228,121.2379905439916,5.770163415389106,1.2,1.6,0.0,8.0,1
standard_disrupted,standard,disrupted,0.95,15,615015,S0,B0,burst,gamma,573,467,466,107,301,301.0,7201.0,0.6365901170981847,0.3307023493864463,1448.895471932437,1222.9060394947226,4468.390836756098,1103.0777882565787,3340.8327809199136,3820.031951441634,4349.757458069889,1348.7471364528517,20.84973695543335,1295.3918898300547,1464.5394345164661,55.0,158.1627377215985,77.0375782881002,76.0375782881002,1800.0,1262.6304801670146,0.6358638743455497,0.8358638743455498,0.7599599860821156,23,1.3196778225246493,10.0,141.389806971254,258.0,1.72,0.24343841133175947,12.0,0.23466666666666672,4,2.416666666666667,150.0,184.2857142857143,210.0,1.4,0.0,195.0,0.4686335649537372,94,34.97148579002419,106.34247412562331,-309.53175175270076,1.2,1.6,0.0,8.0,1
standard_disrupted,standard,disrupted,0.95,15,615015,S3,B1,burst,gamma,573,573,573,0,353,353.0,6069.0,0.9478810369508562,7.172057663343613e-05,1066.2471074526663,668.2701253529009,2311.4025461826604,1024.6598545146771,1933.602303476517,2132.067088366858,2281.5026442356884,756.1825350268375,289.06000987263866,1045.8289323340312,1089.3122126851374,22.0,20.418175118635354,1.0,0.0,360.0,257.5916230366492,0.6358638743455497,0.8358638743455498,1.9171393251890636,28,27.23822075782537,36.0,71.33558484349258,182.0,1.2133333333333334,0.0,24.0,0.4533333333333335,12,7.166666666666667,150.0,130.0,210.0,1.4,33.93999999999993,195.0,0.3593995343722882,137,95.45662674954986,92.83152563085332,-156.8204028374795,1.2,1.6,0.0,8.0,1
standard_disrupted,standard,disrupted,0.95,15,615015,S5,B3,burst,gamma,573,573,573,0,344,344.0,6176.0,0.9307912739070209,0.019649271075427847,1162.5996379936787,681.8383802612918,2400.3198445081257,1145.8820766948195,2038.5134196134052,2227.9451151061594,2383.510718582607,852.6677008209037,293.0952246411546,1146.3493128966134,1185.6647432261498,18.0,16.25032509706529,1.0,0.0,180.0,128.7958115183246,0.6358638743455497,0.8358638743455498,0.5862056428155905,28,27.144082888133397,36.0,79.05018617451837,192.0,0.0,0.0,6.0,0.11333333333333334,2,1.1250000000000002,0.0,0.0,0.0,0.0,0.0,45.0,0.3362029973219456,52,95.78408454498162,84.24697309427711,-165.34560637117102,1.2,1.6,0.0,8.0,1
standard_disrupted,standard,disrupted,0.95,16,615016,S0,B0,burst,gamma,594,478,477,117,312,312.0,7201.0,0.6944978672111485,0.2799654363658808,1419.4398565702631,1241.575784218415,4447.637774305833,1023.2880491468406,3308.052030186541,3828.4256738788677,4317.957472411783,1320.6852228453722,20.68469372127997,1267.6622071953088,1436.6559079891722,55.0,156.1477399545828,75.06326530612245,74.06326530612245,1800.0,1428.9795918367347,0.6437373737373736,0.8437373737373738,0.775170068027211,14,1.3407860019441744,12.0,147.87668379391752,269.0,1.7933333333333332,0.27024024441049854,12.0,0.2426666666666667,3,1.8125000000000002,150.0,192.14285714285717,210.0,1.4,0.0,195.0,0.4855382371707191,104,104.31344328536466,344.282684203665,-238.05914861650467,1.2,1.6,0.0,8.0,1
standard_disrupted,standard,disrupted,0.95,16,615016,S3,B1,burst,gamma,594,594,594,0,375,375.0,6056.0,0.963948573394884,0.0017904461791878536,1102.840763867301,804.6235377838367,2405.887944258278,968.0281531912216,2279.2247104251696,2342.4542058998604,2374.297907248138,797.7094507359877,283.8222393330807,1081.9559324933107,1125.500046578265,22.0,20.884831373990014,1.0,0.0,360.0,281.2121212121212,0.6437373737373736,0.8437373737373738,1.6833613916947254,21,27.783226019481592,36.0,78.18210335149413,185.0,1.2333333333333334,0.0,22.0,0.40933333333333344,12,7.083333333333336,150.0,132.14285714285714,210.0,1.4,30.249999999999943,195.0,0.4164019188767456,127,-9.516313287916546,307.83622135241035,-65.45124243764349,1.2,1.6,0.0,8.0,1
standard_disrupted,standard,disrupted,0.95,16,615016,S5,B3,burst,gamma,594,594,594,0,358,358.0,6231.0,0.9435411097310036,0.0318962495618647,1269.7650062915432,841.2896581855448,2580.1641133099106,1169.0281531912215,2479.1944184520958,2543.6936458986697,2570.765370529877,957.244804271341,295.46382483542226,1253.132871531006,1292.4242890025073,18.0,16.63213476053728,1.0,0.0,180.0,140.6060606060606,0.6437373737373736,0.8437373737373738,0.5937850729517397,21,28.113125802310655,36.0,91.19271501925546,203.0,0.0,0.0,6.0,0.11866666666666668,2,1.2083333333333335,0.0,0.0,0.0,0.0,0.0,45.0,0.37917989964313636,58,-13.016313287916546,323.74138831198866,-70.79243162186117,1.2,1.6,0.0,8.0,1
standard_disrupted,standard,disrupted,0.95,17,615017,S0,B0,burst,gamma,562,518,518,44,342,342.0,7201.0,0.6882695524584771,0.27842241698555736,1155.4434854885828,1134.5368541421838,3982.9452678758485,531.02034331687,3171.0762514005355,3533.800648898118,3853.274445415152,1062.8811418516698,20.24234187299365,1021.1433563191056,1176.9711752355563,55.0,138.2483596299747,62.85471698113208,61.85471698113208,1800.0,1270.188679245283,0.6339145907473309,0.833914590747331,0.7507861635220127,10,1.4218858491876127,11.0,94.68101652548258,207.0,1.38,0.0,12.0,0.2426666666666667,3,1.8125000000000002,150.0,147.85714285714286,210.0,1.4,21.27000000000004,195.0,0.5296843458019138,121,-236.46836810466516,235.37003075671737,110.65244151452134,1.2,1.6,0.0,8.0,1
standard_disrupted,standard,disrupted,0.95,17,615017,S3,B1,burst,gamma,562,562,562,0,405,405.0,5342.0,0.955793508388567,0.0019195393105654642,660.4218153030821,620.9797763647557,1762.2114592411685,412.8076744579042,1693.24913959741,1710.672122620677,1742.560629884491,415.8346266909824,223.65652210926507,639.7260242450873,681.6856698144385,22.0,20.695791057994732,1.0,0.0,360.0,251.74377224199287,0.6339145907473309,0.833914590747331,2.5747330960854096,11,23.47389107243122,36.0,43.686505708403516,120.0,0.8,0.0,25.0,0.4566666666666668,12,7.250000000000001,150.0,85.71428571428572,210.0,1.4,76.08000000000003,195.0,0.5174421582740909,141,-155.12669007956185,159.550283077804,19.6906213015983,1.2,1.6,0.0,8.0,1
standard_disrupted,standard,disrupted,0.95,17,615017,S5,B3,burst,gamma,562,562,562,0,388,388.0,5521.0,0.9301281316455676,0.0413293897882939,807.9574024916942,648.4276334127508,1943.3252486493575,582.6537727310666,1870.6723312255795,1887.9542613631952,1925.258698339527,562.2278651251462,229.0171965106216,791.4799370806076,829.2212570030505,18.0,16.477465411086598,1.0,0.0,180.0,125.87188612099644,0.6339145907473309,0.833914590747331,0.5875593119810202,11,23.25842086200652,36.0,57.16950380296994,136.0,0.0,0.0,6.0,0.11600000000000002,2,1.2916666666666667,0.0,0.0,0.0,0.0,0.0,45.0,0.4441246676234518,48,-168.436099420221,150.90710964606978,22.49527258689136,1.2,1.6,0.0,8.0,1
standard_disrupted,standard,disrupted,0.95,18,615018,S0,B0,burst,gamma,547,524,522,25,339,339.0,7201.0,0.7354826045341205,0.23053190176477847,1113.8089395073894,1108.7543871263517,3871.0099636487644,560.3583091769974,3018.326102647022,3410.813664412264,3772.9080935906945,1014.4794394916748,26.383861273347772,986.3664649028746,1126.0581500463036,55.0,130.8746579090315,57.61308411214953,56.61308411214953,1800.0,1359.252336448598,0.6412614259597806,0.8412614259597807,0.8629672897196263,19,1.8884877100402722,12.0,81.48090542980141,195.0,1.3,0.0,12.0,0.2373333333333334,7,4.145833333333334,150.0,139.2857142857143,210.0,1.4,26.309999999999945,195.0,0.5355116935206146,125,-234.79108611496463,258.0726842916381,-96.39153625302902,1.2,1.6,0.0,8.0,1
standard_disrupted,standard,disrupted,0.95,18,615018,S3,B1,burst,gamma,547,547,547,0,364,364.0,5555.0,0.9479168448824961,0.006032016085376228,808.3426942718556,720.462007270688,2044.8200122091866,601.9533804637601,1929.6193333019148,1968.536606008399,2027.1471299243744,538.6479959171938,248.50007894686593,787.5648938768568,830.7513098498731,22.0,20.77780039499877,1.0,0.0,360.0,273.78427787934186,0.6412614259597806,0.8412614259597807,2.711646861669714,19,24.418286537077034,36.0,52.98218142548596,146.0,0.9733333333333334,0.0,15.0,0.28466666666666673,12,7.333333333333335,150.0,104.28571428571429,210.0,1.4,57.33999999999999,195.0,0.49613502231549345,137,-97.92330282972262,141.99053583572845,-113.45546527788758,1.2,1.6,0.0,8.0,1
standard_disrupted,standard,disrupted,0.95,18,615018,S5,B3,burst,gamma,547,547,547,0,353,353.0,5726.0,0.9239099058698694,0.04597874425265697,951.406679646627,747.025714065958,2214.8200122091866,780.9533804637601,2103.7569301915128,2139.1500570230696,2199.1471299243744,673.7851074345614,260.66018923972433,934.8621156870826,973.8152952246445,18.0,16.54456395954445,1.0,0.0,180.0,136.89213893967093,0.6412614259597806,0.8412614259597807,0.5905316879951251,19,24.847738781211802,36.0,64.3074908328968,161.0,0.0,0.0,6.0,0.11333333333333334,2,1.2083333333333335,0.0,0.0,0.0,0.0,0.0,45.0,0.43908224380185934,60,-107.98279480833207,135.38380039883532,-118.97599852538633,1.2,1.6,0.0,8.0,1
standard_disrupted,standard,disrupted,0.95,19,615019,S0,B0,burst,gamma,522,522,522,0,345,345.0,6819.0,0.7441508505184048,0.16948384172009584,952.3271956485371,933.8002346482938,3204.410137450252,526.3702907299934,2498.407626085802,2809.493359959924,3097.0147902845406,810.6413718937479,24.822216645417797,835.8314046311198,974.3395199451937,55.0,116.49579101741743,47.57854406130268,46.57854406130268,1800.0,1355.1724137931035,0.6403448275862069,0.8403448275862071,0.7912675606641125,16,1.8605571847507332,11.0,62.00850439882698,163.0,1.0866666666666667,0.0,12.0,0.23466666666666672,4,2.2500000000000004,150.0,116.42857142857143,210.0,1.4,45.46999999999993,195.0,0.5285978705110883,126,27.217513997402648,51.88470125146421,42.70421326992755,1.2,1.6,0.0,8.0,1
standard_disrupted,standard,disrupted,0.95,19,615019,S3,B1,burst,gamma,522,522,522,0,362,362.0,5428.0,0.9067576769929524,0.009075126262626262,633.9153182539012,626.5282003942225,1837.410137450252,287.3875635369925,1621.5054157896664,1663.5833830971592,1722.723926457422,384.104973426315,228.58776788422077,613.0605574024896,655.9276425505577,22.0,20.854760851411424,1.0,0.0,360.0,271.0344827586207,0.6403448275862069,0.8403448275862071,2.9626436781609202,16,21.929637133910482,36.0,36.884509117701235,122.0,0.8133333333333334,0.0,21.0,0.3980000000000001,12,7.250000000000003,150.0,87.14285714285715,210.0,1.4,71.38,195.0,0.5363086265916348,139,12.873316387329623,15.078714899106899,43.32176831477898,1.2,1.6,0.0,8.0,1
standard_disrupted,standard,disrupted,0.95,19,615019,S5,B3,burst,gamma,522,522,522,0,350,350.0,5646.0,0.8770653601140902,0.09877108617662773,805.4823680623302,667.2772385671618,2053.410137450252,511.87029072999337,1838.8722888980762,1866.303997650893,1937.1439264574221,542.3137856868514,246.19323467782465,788.87483645663,827.4946923589869,18.0,16.60753160570026,1.0,0.0,180.0,135.51724137931035,0.6403448275862069,0.8403448275862071,0.6034482758620691,16,22.714538693111386,36.0,50.08517797060386,138.0,0.0,0.0,6.0,0.11333333333333334,2,1.2916666666666667,0.0,0.0,0.0,0.0,0.0,45.0,0.4569474604778281,55,9.079652099896748,-1.6686486244664138,49.65854643028047,1.2,1.6,0.0,8.0,1
standard_moderate,standard,moderate,0.7,0,613000,S0,B0,poisson,gamma,317,317,317,0,308,308.0,3666.0,0.6629129934915279,0.017998363785110445,62.016379873787514,25.54477129597465,186.74429741111226,53.662389055330095,93.39264798737901,113.89525138514459,163.10750324825534,2.0163798737875216,10.749848427286517,13.371906534512519,85.02176107694301,55.0,48.644473339275,1.0410094637223974,0.04100946372239748,1800.0,1408.2018927444794,0.6438801261829652,0.8438801261829653,0.721674553101998,16,0.8846468502863376,10.0,0.130624488682847,3.0,0.02,0.0,12.0,0.22666666666666674,3,1.8958333333333337,150.0,2.142857142857143,210.0,1.4,148.11,195.0,0.18974581206044028,82,-2.4302316789405864,31.601887539071974,3.64696767699629,1.2,1.6,0.0,8.0,1
standard_moderate,standard,moderate,0.7,0,613000,S3,B1,poisson,gamma,317,317,317,0,309,309.0,3641.0,0.667463467087708,0.02114222954420648,34.28767324918184,24.65920936314462,176.74429741111226,25.035532323611733,63.568503847527445,86.84153756201012,143.2103715854042,2.6252126813584993,10.350778487633848,13.58166940243083,57.29305445233734,22.0,20.70600384675101,1.0,0.0,360.0,281.6403785488959,0.6438801261829652,0.8438801261829653,0.8431256572029444,16,0.858045030203185,11.0,0.18451400329489293,6.0,0.04,0.0,6.0,0.11600000000000002,6,3.458333333333334,150.0,4.285714285714286,210.0,1.4,146.22,195.0,0.301673341610476,51,-3.4913727391382423,20.126389200201544,2.9036641055677137,1.2,1.6,0.0,8.0,1
standard_moderate,standard,moderate,0.7,0,613000,S5,B3,poisson,gamma,317,317,317,0,297,297.0,3763.0,0.6458294227240788,0.328551186680836,135.49272056779384,37.94799917446061,276.74429741111226,137.6304796985039,168.71173963190805,206.54237899766662,252.90907130977547,109.24666378545945,9.15455721973598,119.00689923863389,158.49810177094932,18.0,16.48582132915992,1.0,0.0,180.0,140.82018927444796,0.6438801261829652,0.8438801261829653,0.6481992639327024,16,0.7263549415515409,13.0,9.15807651434644,19.0,0.0,0.0,5.0,0.09133333333333334,2,1.2916666666666667,0.0,0.0,0.0,0.0,0.0,45.0,0.14060886280637264,31,-6.317742909848022,31.100226409503875,8.797017280170877,1.2,1.6,0.0,8.0,1
standard_moderate,standard,moderate,0.7,1,613001,S0,B0,poisson,gamma,354,354,354,0,329,329.0,3820.0,0.7256718064085819,0.019453895140888074,76.64257488371459,47.84440010304918,246.92629858274177,61.19228007209381,126.5120131869905,219.66182440570387,242.2575647394515,7.162348895014028,20.527693016867964,28.096821572898943,100.14081193699587,55.0,48.54575331081565,1.3361581920903955,0.3361581920903955,1800.0,1423.7288135593221,0.6449152542372881,0.8449152542372882,0.751530131826742,12,1.8563203349908401,10.0,0.6160690918607694,11.0,0.07333333333333333,0.0,12.0,0.23200000000000004,3,1.8958333333333335,150.0,7.857142857142858,210.0,1.4,142.51,195.0,0.2773743726897342,89,10.108912457805843,48.57140764193899,-15.635687346328723,1.2,1.6,0.0,8.0,1
standard_moderate,standard,moderate,0.7,1,613001,S3,B1,poisson,gamma,354,354,354,0,331,331.0,3798.0,0.7298741701203452,0.018952355883127138,49.111501437386906,48.0647589852417,276.1024110023495,32.19018683944819,92.90713287623453,174.2095912453569,251.12340599260668,6.365738725522501,21.843653477933614,28.616171864473078,72.60973849066819,22.0,20.495329572913832,1.0,0.0,360.0,284.7457627118644,0.6449152542372881,0.8449152542372882,1.1955037664783428,12,1.990260594893393,16.0,0.5454066859699921,11.0,0.07333333333333333,0.0,11.0,0.21533333333333335,11,6.729166666666668,150.0,7.857142857142858,210.0,1.4,142.51,195.0,0.40907153185743983,65,8.90207485096824,46.87842518579864,-12.006062575927253,1.2,1.6,0.0,8.0,1
standard_moderate,standard,moderate,0.7,1,613001,S5,B3,poisson,gamma,354,354,354,0,323,323.0,3913.0,0.7084292213304015,0.23028444898654404,152.56347883851683,60.400284386067945,341.92629858274177,143.49171772119644,211.8750678856692,312.6564838215763,333.92845633984285,112.97308335829085,22.87016435046136,136.25002736976919,176.06171589179814,18.0,16.31345146874768,1.0,0.0,180.0,142.3728813559322,0.6449152542372881,0.8449152542372882,0.6443032015065915,12,2.0247828308635665,20.0,10.171435871231477,24.0,0.0,0.0,5.0,0.102,2,1.375,0.0,0.0,0.0,0.0,0.0,45.0,0.19105617803034614,29,6.282844081737437,42.78778191094483,-19.819103772463592,1.2,1.6,0.0,8.0,1
standard_moderate,standard,moderate,0.7,2,613002,S0,B0,poisson,gamma,321,321,321,0,312,312.0,3700.0,0.6625118355181076,0.016572097631270828,57.58774314399658,15.743497287609179,129.5565592695425,53.68330730960599,79.25692024154682,89.18529048137316,103.0945746388386,1.1765281907255585,7.55513233188476,9.217641831021533,80.50322261364627,55.0,48.37010131297506,1.0,0.0,1800.0,1385.0467289719627,0.6423364485981308,0.842336448598131,0.6721832814122535,13,0.61659011078087,6.0,0.056471223993515264,2.0,0.013333333333333334,0.0,11.0,0.2046666666666667,2,1.2916666666666667,150.0,1.4285714285714286,210.0,1.4,148.66,195.0,0.14799762495912105,64,6.799268290829744,27.8210137374316,0.6656922239447738,1.2,1.6,0.0,8.0,1
standard_moderate,standard,moderate,0.7,2,613002,S3,B1,poisson,gamma,321,321,321,0,315,315.0,3673.0,0.6673805942440165,0.015786608600979857,29.718584265491913,12.459487624055987,66.54673321187056,24.551848277806357,49.246174187447195,57.87855463846631,64.63695349733699,1.254409810663253,7.358152621227421,9.098543740301892,52.6340637351416,22.0,20.62004052519002,1.0,0.0,360.0,277.0093457943925,0.6423364485981308,0.842336448598131,0.675947559709242,13,0.6020685900925422,6.0,0.06369080021774633,2.0,0.013333333333333334,0.0,6.0,0.12133333333333335,2,1.2916666666666667,150.0,1.4285714285714286,210.0,1.4,148.66,195.0,0.22064121874471776,30,2.967412260746464,13.0146612784152,0.9429678598430158,1.2,1.6,0.0,8.0,1
standard_moderate,standard,moderate,0.7,2,613002,S5,B3,poisson,gamma,321,321,321,0,304,304.0,3807.0,0.643896088039001,0.31442577030812324,128.84631012218972,31.79861001656115,188.4551173418954,138.3067019459295,156.25760603910476,169.00739716386852,180.42643978019507,107.6313568511617,4.313484260188617,112.43082241976153,151.76178959183943,18.0,16.415487702428198,1.0,0.0,180.0,138.50467289719626,0.6423364485981308,0.842336448598131,0.6360981308411215,13,0.3235294117647059,5.0,9.028623949579831,17.0,0.0,0.0,5.0,0.09666666666666668,2,1.2916666666666667,0.0,0.0,0.0,0.0,0.0,45.0,0.12410337458176701,24,2.8097437138756334,1.9609727538250183,0.7377206993886887,1.2,1.6,0.0,8.0,1
standard_moderate,standard,moderate,0.7,3,613003,S0,B0,poisson,gamma,317,317,317,0,313,313.0,3632.0,0.6769756633693156,0.025048169556840076,63.964717176880185,28.97129752110278,203.93319540270625,55.06197083046209,93.04839129012058,132.7437680601255,173.35685959108707,2.586168280981135,11.806654396094961,14.69566179379534,87.24029369127189,55.0,49.26905538308485,1.0599369085173502,0.05993690851735016,1800.0,1430.9148264984228,0.6453943217665614,0.8453943217665617,0.7224631966351209,8,0.985962014863749,11.0,0.18056702449766032,6.0,0.04,0.0,11.0,0.21266666666666667,3,1.729166666666667,150.0,4.285714285714286,210.0,1.4,146.34,195.0,0.2058714126745418,82,2.142554623526024,30.86431526616434,3.6143531848636385,1.2,1.6,0.0,8.0,1
standard_moderate,standard,moderate,0.7,3,613003,S3,B1,poisson,gamma,317,317,317,0,316,316.0,3607.0,0.6816664592629498,0.019308943089430895,35.37796638823666,27.47394348749968,166.36802555169186,25.670136864559026,56.443328651521675,99.14918945331176,155.09851538283874,3.1445279024322392,10.985740622791294,14.433107641942774,58.653542902628345,22.0,20.94485874629388,1.0,0.0,360.0,286.18296529968455,0.6453943217665614,0.8453943217665617,0.8485147213459517,8,0.9237804878048781,11.0,0.23087583148558757,7.0,0.04666666666666667,0.0,8.0,0.14133333333333334,7,4.062500000000001,150.0,5.0,210.0,1.4,145.55,195.0,0.3175698842712358,52,-0.9701393243915959,16.9877698758429,4.394975294993948,1.2,1.6,0.0,8.0,1
standard_moderate,standard,moderate,0.7,3,613003,S5,B3,poisson,gamma,317,317,317,0,305,305.0,3720.0,0.6609654891213984,0.3112962465287109,128.8006793219906,40.33844785982866,252.5209114383049,138.5677499611163,159.05451954246215,181.91186479153197,229.29435900432458,105.25493799706948,6.561654143052351,112.11943125684107,152.0762558363823,18.0,16.681248065149536,1.0,0.0,180.0,143.09148264984228,0.6453943217665614,0.8453943217665617,0.63886698212408,8,0.5154528352593389,10.0,8.92287019618382,19.0,0.0,0.0,4.0,0.08266666666666667,3,1.8125000000000002,0.0,0.0,0.0,0.0,0.0,45.0,0.15886872891963688,26,2.0577619549841586,13.626766696754231,3.2014486031066127,1.2,1.6,0.0,8.0,1
standard_moderate,standard,moderate,0.7,4,613004,S0,B0,poisson,gamma,362,362,362,0,355,355.0,3664.0,0.722526998552653,0.018190086402910415,64.33040920104509,21.172218876133886,132.09240386973306,58.518750324814334,93.28081156744187,107.37394266443715,127.5210518019775,2.313834615409723,13.404246504140902,15.850677804633499,86.27566983388046,55.0,48.47973139641159,1.0883977900552486,0.08839779005524862,1800.0,1422.0994475138123,0.6448066298342541,0.8448066298342543,0.7496546961325967,4,1.2709413369713507,7.0,0.1781718963165075,5.0,0.03333333333333333,0.0,12.0,0.2346666666666667,4,2.416666666666667,150.0,3.5714285714285716,210.0,1.4,146.53,195.0,0.17788088101991217,97,5.330500991941236,27.371075405088334,0.1664300280196045,1.2,1.6,0.0,8.0,1
standard_moderate,standard,moderate,0.7,4,613004,S3,B1,poisson,gamma,362,362,362,0,357,357.0,3640.0,0.7272896044206189,0.01519729012176142,36.631514173420776,19.862321595849078,117.06355709996251,28.980858150128483,67.25500639068595,77.42341064026502,99.3152545122281,2.6177020187246405,13.268593629280653,16.018892333088182,58.57677480625614,22.0,20.61262184033259,1.0,0.0,360.0,284.41988950276243,0.6448066298342541,0.8448066298342543,0.8770718232044199,4,1.2697061246910188,9.0,0.20955781378742103,5.0,0.03333333333333333,0.0,8.0,0.15733333333333335,5,3.020833333333334,150.0,3.5714285714285716,210.0,1.4,146.65,195.0,0.2814139498861208,52,2.236300348720995,11.316002941320207,-1.3871894388426895,1.2,1.6,0.0,8.0,1
standard_moderate,standard,moderate,0.7,4,613004,S5,B3,poisson,gamma,362,362,362,0,353,353.0,3744.0,0.7070925099320358,0.24877614597240766,139.41880699110033,37.43127026595766,233.31657177519992,141.88157429265425,178.42470047634652,196.9142243639113,219.17596363341968,113.02654179773016,9.850250638924257,123.00938912173731,161.3640676239357,18.0,16.40941786936303,1.0,0.0,180.0,142.20994475138122,0.6448066298342541,0.8448066298342543,0.6311003683241253,4,0.9041388518024032,10.0,10.876101468624833,26.0,0.0,0.0,5.0,0.09933333333333334,2,1.2083333333333335,0.0,0.0,0.0,0.0,0.0,45.0,0.13636158612141958,27,3.559362907077684,-0.7435026000267726,4.78791449855035,1.2,1.6,0.0,8.0,1
standard_moderate,standard,moderate,0.7,5,613005,S0,B0,poisson,gamma,330,330,330,0,327,327.0,3638.0,0.6571641690405406,0.021526060272968765,60.54891554483609,16.20029606148229,102.94791911724906,56.239227750651594,85.42362743503405,90.79721246285946,100.4565296319688,1.6489155448360941,9.493591171119354,11.433415806864545,82.28910110064088,55.0,49.11549973797154,1.0212121212121212,0.021212121212121213,1800.0,1298.1818181818182,0.6365454545454544,0.8365454545454546,0.7766414141414142,8,0.8150590821654301,8.0,0.10359989007969223,4.0,0.02666666666666667,0.0,11.0,0.21800000000000005,4,2.3333333333333335,150.0,2.857142857142857,210.0,1.4,147.44,195.0,0.14924877609371356,81,4.832336475152893,23.233846945437378,1.8505779434088936,1.2,1.6,0.0,8.0,1
standard_moderate,standard,moderate,0.7,5,613005,S3,B1,poisson,gamma,330,330,330,0,328,328.0,3609.0,0.6624433271851875,0.017359187442289935,32.70346099938155,14.720869705538943,81.56733513627341,27.672113724051314,55.13424112244561,65.02155136830325,77.77576950452597,2.1852791811997303,9.321375862387129,11.797564134495959,54.44364655518633,22.0,20.90589686488559,1.0,0.0,360.0,259.6363636363636,0.6365454545454544,0.8365454545454546,0.8641414141414142,8,0.8058171745152355,7.0,0.15346260387811633,5.0,0.03333333333333333,0.0,8.0,0.15733333333333335,5,2.7708333333333335,150.0,3.5714285714285716,210.0,1.4,147.01,195.0,0.23506959923286064,56,2.766745536089225,8.489420193845028,1.9767070835895701,1.2,1.6,0.0,8.0,1
standard_moderate,standard,moderate,0.7,5,613005,S5,B3,poisson,gamma,330,330,330,0,317,317.0,3714.0,0.6437201645056599,0.29143113503813367,130.07315796907852,36.63417012035851,192.60958987343383,138.75112988080377,168.28970962394325,174.68280822651138,186.09298975109914,107.03376402968458,6.099114686305727,113.42378780689941,151.8133435248833,18.0,16.649370162179117,1.0,0.0,180.0,129.8181818181818,0.6365454545454544,0.8365454545454546,0.6340909090909091,8,0.4971736204576043,8.0,9.46271870794078,20.0,0.0,0.0,5.0,0.09933333333333334,2,1.2916666666666667,0.0,0.0,0.0,0.0,0.0,45.0,0.1437172401508231,30,-0.7027087131640997,11.253751404036109,7.24736616689502,1.2,1.6,0.0,8.0,1
standard_moderate,standard,moderate,0.7,6,613006,S0,B0,poisson,gamma,312,312,312,0,308,308.0,3683.0,0.6226068591087766,0.019091567137169745,54.776661996529235,11.540744551935965,103.10073965993706,52.93261864012038,70.70435230841622,76.77548563558092,87.46111735281885,1.2189696888369304,4.6975865186573715,6.339633130571229,76.83131265957475,55.0,48.437028865958005,1.0,0.0,1800.0,1396.1538461538462,0.643076923076923,0.8430769230769233,0.7258279914529915,11,0.3545059717698154,5.0,0.06216069489685125,3.0,0.02,0.0,11.0,0.20733333333333337,3,1.8125000000000002,150.0,2.142857142857143,210.0,1.4,147.99,195.0,0.11517031607435246,64,5.448321737168435,24.487437533945318,-2.921021966869013,1.2,1.6,0.0,8.0,1
standard_moderate,standard,moderate,0.7,6,613006,S3,B1,poisson,gamma,312,312,312,0,309,309.0,3658.0,0.6268608004801128,0.018584312653730527,27.38884148370872,9.53214713836929,81.10073965993706,24.405863464881094,41.407011844559634,46.53582009704133,55.50489761275633,1.337559432426674,4.981393581821923,6.742029937325519,49.443492146754245,22.0,20.646811546383205,1.0,0.0,360.0,279.2307692307692,0.643076923076923,0.8430769230769233,0.7402510683760684,11,0.38289150040994807,6.0,0.0726974583219459,3.0,0.02,0.0,6.0,0.11600000000000002,3,1.8125000000000002,150.0,2.142857142857143,210.0,1.4,147.99,195.0,0.179138145560775,29,2.9020254408721406,9.393760718957012,-2.1189455001584037,1.2,1.6,0.0,8.0,1
standard_moderate,standard,moderate,0.7,6,613006,S5,B3,poisson,gamma,312,312,312,0,301,301.0,3744.0,0.6124655991873786,0.3324432576769025,114.80550815037542,41.30058965821872,192.10073965993706,132.32991402402683,151.50999574201518,155.7885878257941,166.97916331430022,95.42409789396513,2.5209420681107084,98.36811688515277,136.86015881342092,18.0,16.437391265222622,1.0,0.0,180.0,139.6153846153846,0.643076923076923,0.8430769230769233,0.6729433760683761,11,0.16555407209612816,4.0,7.909479305740988,19.0,0.0,0.0,5.0,0.09133333333333334,2,1.2916666666666667,0.0,0.0,0.0,0.0,0.0,45.0,0.19013966781091796,26,-0.13732641097971054,-1.1158411545792717,0.1734078287802845,1.2,1.6,0.0,8.0,1
standard_moderate,standard,moderate,0.7,7,613007,S0,B0,poisson,gamma,372,372,372,0,367,367.0,3634.0,0.8287203502398471,0.01265474552957359,96.5148703254211,59.270368795893084,244.7544343108375,69.03928662435914,196.02666703388405,217.6513619736755,238.27126756339536,22.541752045851208,23.99118033674788,46.85551302776038,120.80840639898432,55.0,49.65935729766072,2.620967741935484,1.6209677419354838,1800.0,1359.6774193548388,0.6406451612903226,0.8406451612903226,0.7575044802867386,10,2.405502063273728,10.0,2.2569463548830813,20.0,0.13333333333333333,0.0,12.0,0.22933333333333333,3,1.729166666666667,150.0,14.285714285714286,210.0,1.4,136.84,195.0,0.32631873518710197,87,2.883629730447552,36.90781097538061,-20.426416252089354,1.2,1.6,0.0,8.0,1
standard_moderate,standard,moderate,0.7,7,613007,S3,B1,poisson,gamma,372,372,372,0,370,370.0,3609.0,0.834459410837076,0.011357340720221607,70.24605312112003,61.95328915323802,268.54903264531663,40.02906180896973,168.61538646645462,209.32155613475385,252.20859126736454,15.43422516413078,34.29366568308625,50.050471492378314,94.53958919468324,22.0,20.195581628741706,1.0,0.0,360.0,271.93548387096774,0.6406451612903226,0.8406451612903226,2.250224014336918,10,3.482825484764543,20.0,1.5401662049861495,18.0,0.12,0.0,12.0,0.23200000000000004,12,7.250000000000001,150.0,12.857142857142858,210.0,1.4,138.42000000000002,195.0,0.4517975496602382,81,3.5630302593926046,40.65094872405855,-19.21814971756288,1.2,1.6,0.0,8.0,1
standard_moderate,standard,moderate,0.7,7,613007,S5,B3,poisson,gamma,372,372,372,0,359,359.0,3725.0,0.8084805349226635,0.16299874753981033,179.63046172327057,66.74879034613305,332.3422276699414,153.93988949685001,284.1350159171918,307.60783743501946,323.73118900574616,117.72454774477593,45.51513018254466,163.56225857248188,203.9239977968338,18.0,16.06820315078867,1.0,0.0,180.0,135.96774193548387,0.6406451612903226,0.8406451612903226,0.6097670250896058,10,4.491411701556629,26.0,11.704777241009126,24.0,0.0,0.0,5.0,0.09933333333333334,3,1.8125000000000002,0.0,0.0,0.0,0.0,0.0,45.0,0.20254473203660606,28,-3.405428943271744,21.05059616802731,-23.804473208395677,1.2,1.6,0.0,8.0,1
standard_moderate,standard,moderate,0.7,8,613008,S0,B0,poisson,gamma,303,303,303,0,298,298.0,3657.0,0.6008512852231492,0.018589393110989613,52.85937146498135,10.480174270761536,89.30059655775437,51.381418347966246,68.51342903956674,71.96264487956601,79.64231634336859,1.22240776861172,3.3599005624608584,5.176367737013169,74.62089623078612,55.0,47.68300372796819,1.0,0.0,1800.0,1318.8118811881188,0.6379207920792079,0.8379207920792081,0.7188531353135316,15,0.2381082558775287,4.0,0.05986878075451066,3.0,0.02,0.0,10.0,0.18800000000000003,3,1.8125000000000002,150.0,2.142857142857143,210.0,1.4,148.23,195.0,0.11009782288096237,69,3.410427380065137,22.01208483394162,-0.36690337296020914,1.2,1.6,0.0,8.0,1
standard_moderate,standard,moderate,0.7,8,613008,S3,B1,poisson,gamma,303,303,303,0,300,300.0,3631.0,0.6051525334103194,0.02551395007342144,25.146500177852644,6.566097285761366,49.61916353856304,23.278634274962315,34.59678457567761,37.74893092494037,44.5041542007166,1.22240776861172,2.9848315121130526,4.801298686665367,46.908024943657416,22.0,20.34520149118728,1.0,0.0,360.0,263.76237623762376,0.6379207920792079,0.8379207920792081,0.7188531353135316,15,0.20704845814977973,3.0,0.06029735682819383,3.0,0.02,0.0,6.0,0.12133333333333333,3,1.8125000000000002,150.0,2.142857142857143,210.0,1.4,148.23,195.0,0.1407724527817853,30,1.4863436104316214,9.00657635936535,0.26955108167605957,1.2,1.6,0.0,8.0,1
standard_moderate,standard,moderate,0.7,8,613008,S5,B3,poisson,gamma,303,303,303,0,292,292.0,3740.0,0.5875204494376582,0.37743918738305265,113.47983351118594,38.002509211456555,170.69573031578705,131.6801239828228,148.18777861882955,151.72126590809702,162.58301871424618,94.99798532636747,1.6971693769973857,97.28921410930549,135.24135827699075,18.0,16.190619401880497,1.0,0.0,180.0,131.88118811881188,0.6379207920792079,0.8379207920792081,0.6389576457645765,15,0.09569633787757284,3.0,7.653835872761293,15.0,0.0,0.0,4.0,0.08266666666666667,2,1.2083333333333335,0.0,0.0,0.0,0.0,0.0,45.0,0.17905920115480245,23,6.98676432845707,2.244711952585689,-0.25787603666016423,1.2,1.6,0.0,8.0,1
standard_moderate,standard,moderate,0.7,9,613009,S0,B0,poisson,gamma,343,343,343,0,333,333.0,3676.0,0.8015718672524101,0.014957846070165896,74.584258658786,27.844154631197274,175.08473488644245,64.66170183827262,115.72911370839586,124.9388281694163,149.5949801005904,3.6104977258413995,20.855348743291373,24.710744428316445,100.36309034292988,55.0,49.87351423046956,1.183673469387755,0.1836734693877551,1800.0,1285.7142857142858,0.6357142857142857,0.835714285714286,0.7461734693877552,7,1.8974707642099538,9.0,0.2912700571117759,7.0,0.04666666666666667,0.0,11.0,0.21000000000000002,4,2.416666666666667,150.0,5.0,210.0,1.4,145.55,195.0,0.20546449920964371,81,7.3440901300207315,20.902055633166555,1.431766706463904,1.2,1.6,0.0,8.0,1
standard_moderate,standard,moderate,0.7,9,613009,S3,B1,poisson,gamma,343,343,343,0,336,336.0,3639.0,0.8097197131557999,0.015018315018315019,45.40058518939825,25.723011530763667,132.83914318613188,35.33396665101964,84.69011175580272,93.35384288913932,119.1444435280955,3.875803848290379,20.165008301981274,24.285710109455323,71.17941687354212,22.0,21.11487507994293,1.0,0.0,360.0,257.14285714285717,0.6357142857142857,0.835714285714286,1.0548469387755102,7,1.853021978021978,11.0,0.3192307692307692,7.0,0.04666666666666667,0.0,7.0,0.13,7,4.062500000000001,150.0,5.0,210.0,1.4,145.55,195.0,0.3054958356719175,60,3.66068288685738,6.180660648840551,3.5308621291667492,1.2,1.6,0.0,8.0,1
standard_moderate,standard,moderate,0.7,9,613009,S5,B3,poisson,gamma,343,343,343,0,319,319.0,3752.0,0.7853396631726917,0.18998134825472954,149.0623927695732,44.14800112895857,241.83914318613188,148.26920851643354,197.64190916139046,210.53091116180906,235.3484915397996,111.98950647219709,20.0076360000573,132.24204043143806,174.84122445371705,18.0,16.82035233813512,1.0,0.0,180.0,128.57142857142858,0.6357142857142857,0.835714285714286,0.6297983479105929,7,1.7815081268318678,9.0,10.190514255262457,25.0,0.0,0.0,5.0,0.09933333333333334,3,1.729166666666667,0.0,0.0,0.0,0.0,0.0,45.0,0.16206821789973969,33,5.465708755297925,1.1681214638875304,6.14185988472687,1.2,1.6,0.0,8.0,1
standard_moderate,standard,moderate,0.7,10,613010,S0,B0,poisson,gamma,347,347,347,0,340,340.0,3635.0,0.7171623358253312,0.022643931059772644,59.02737977564027,16.127640233829563,137.87796563516076,55.449082831196165,82.27431623902307,92.3126137827137,102.46376786545815,1.5028840984068397,8.277030610078585,10.26406456439321,81.57149147357316,55.0,48.76331521124706,1.0086455331412103,0.008645533141210375,1800.0,1307.2046109510086,0.6371469740634005,0.8371469740634006,0.736011047070125,14,0.7425742574257426,7.0,0.09735973597359736,3.0,0.02,0.0,12.0,0.23466666666666672,4,2.5,150.0,2.142857142857143,210.0,1.4,147.87,195.0,0.14598526887060692,79,4.941042507265507,30.180313170189677,2.2307976159285516,1.2,1.6,0.0,8.0,1
standard_moderate,standard,moderate,0.7,10,613010,S3,B1,poisson,gamma,347,347,347,0,345,345.0,3611.0,0.7219275340700179,0.016242155777039496,31.416428766994738,14.350642857785292,85.86134864238329,25.820607333869077,50.810911802335646,63.327393003764165,79.30360029738358,1.9265152223261481,8.23345201348389,10.644117091717813,53.960540464927625,22.0,20.77231167527692,1.0,0.0,360.0,261.4409221902017,0.6371469740634005,0.8371469740634006,0.7958093179634967,14,0.7433554817275747,8.0,0.13870431893687707,4.0,0.02666666666666667,0.0,7.0,0.13533333333333336,4,2.5,150.0,2.857142857142857,210.0,1.4,147.44,195.0,0.2309907678580112,51,1.6664492843964318,14.272206306992999,2.7379269577314744,1.2,1.6,0.0,8.0,1
standard_moderate,standard,moderate,0.7,10,613010,S5,B3,poisson,gamma,347,347,347,0,337,337.0,3722.0,0.7004035060598721,0.26287044498164563,136.11383510705238,35.44591903053403,206.3227675332314,141.11571539022543,170.14671376669995,180.7672880743863,198.76360029738356,111.57493020791695,7.51468185436472,119.57376191818943,158.65794680498527,18.0,16.540073188862937,1.0,0.0,180.0,130.72046109510086,0.6371469740634005,0.8371469740634006,0.6087295869356388,14,0.6518936341659952,8.0,10.354284179425195,23.0,0.0,0.0,5.0,0.10200000000000002,2,1.2916666666666667,0.0,0.0,0.0,0.0,0.0,45.0,0.1276298657767656,32,1.2507529118034881,23.53729152117998,8.373823700534558,1.2,1.6,0.0,8.0,1
standard_moderate,standard,moderate,0.7,11,613011,S0,B0,poisson,gamma,360,360,360,0,351,351.0,3756.0,0.7322602979116632,0.01685742170171236,59.88506757476788,17.20821928229175,128.56120758739934,56.120581802940706,85.42919490624793,95.9575663974831,111.39127725582489,1.426734241434545,10.56334938465078,12.456750292751995,82.81091706855219,55.0,47.428317282015875,1.0027777777777778,0.002777777777777778,1800.0,1260.0,0.6339999999999999,0.8340000000000001,0.7328703703703705,14,0.9635347351610327,8.0,0.08863454884216129,3.0,0.02,0.0,12.0,0.22666666666666666,3,1.729166666666667,150.0,2.142857142857143,210.0,1.4,148.23,195.0,0.1544269237719118,95,4.363555866449886,27.014453037519267,-2.2407884738190162,1.2,1.6,0.0,8.0,1
standard_moderate,standard,moderate,0.7,11,613011,S3,B1,poisson,gamma,360,360,360,0,353,353.0,3731.0,0.7371655785782741,0.017595569846373706,32.08506757476788,14.37340088478858,97.56120758739934,27.306878172119468,51.254618223555966,63.281499077207734,77.00527963159963,1.8267342414345449,9.54995086497142,11.843351773072634,55.01091706855219,22.0,20.241715801695243,1.0,0.0,360.0,252.0,0.6339999999999999,0.8340000000000001,0.7732638888888889,14,0.8727224008574491,7.0,0.12781350482315113,3.0,0.02,0.0,7.0,0.13533333333333333,3,1.729166666666667,150.0,2.142857142857143,210.0,1.4,148.23,195.0,0.22982466827961723,53,-0.9525428409531784,7.209295444396066,-3.0920046733498197,1.2,1.6,0.0,8.0,1
standard_moderate,standard,moderate,0.7,11,613011,S5,B3,poisson,gamma,360,360,360,0,345,345.0,3844.0,0.715501154552437,0.23797139141742524,138.64062313032343,30.236631740842785,214.56120758739934,142.15945062894286,164.35954037641747,171.51213092350477,189.36788227410068,115.10451201921231,6.963495152148338,122.53467383802733,161.56647262410775,18.0,16.10594929229611,1.0,0.0,180.0,126.0,0.6339999999999999,0.8340000000000001,0.6288194444444445,14,0.6057217165149544,8.0,10.73003901170351,20.0,0.0,0.0,5.0,0.09133333333333334,3,1.8125000000000002,0.0,0.0,0.0,0.0,0.0,45.0,0.10072981597803299,34,-1.685014442990024,13.669311073466133,-3.935318662731248,1.2,1.6,0.0,8.0,1
standard_moderate,standard,moderate,0.7,12,613012,S0,B0,poisson,gamma,336,336,336,0,324,324.0,3683.0,0.6838309405283349,0.021353601158161418,59.110255444820744,16.07605167472043,128.40168917077222,56.33950543855667,81.49571113394177,88.80001745217339,107.09687673932943,1.5358506829159881,8.788617460875994,10.753039572363402,81.6034088814849,55.0,48.35721587245735,1.0148809523809523,0.01488095238095238,1800.0,1425.0,0.645,0.8450000000000002,0.728670634920635,12,0.75542888165038,7.0,0.09500542888165038,3.0,0.02,0.0,12.0,0.23733333333333337,3,1.8958333333333337,150.0,2.142857142857143,210.0,1.4,147.87,195.0,0.14743339151249013,91,5.126887670882553,20.161242434343364,1.3345265060884657,1.2,1.6,0.0,8.0,1
standard_moderate,standard,moderate,0.7,12,613012,S3,B1,poisson,gamma,336,336,336,0,328,328.0,3654.0,0.6892566853369045,0.021979024167806657,32.02692211148742,15.026546899411118,97.44091822466487,26.12027632981608,52.28360368597441,63.11350348934411,82.09630250637757,1.9703744924397977,9.021720793874195,11.420666714885428,54.52007554815156,22.0,20.60625539660199,1.0,0.0,360.0,285.0,0.645,0.8450000000000002,0.7979910714285716,12,0.7819425444596443,7.0,0.1357045143638851,3.0,0.02,0.0,9.0,0.1686666666666667,5,3.1041666666666674,150.0,2.142857142857143,210.0,1.4,147.99,195.0,0.24000766782143446,53,3.962458825435064,3.047955721056649,0.5292497232238382,1.2,1.6,0.0,8.0,1
standard_moderate,standard,moderate,0.7,12,613012,S5,B3,poisson,gamma,336,336,336,0,316,316.0,3774.0,0.6673465390480491,0.30657836644591613,135.37513639720171,29.566971906541706,205.44091822466487,138.938148053203,169.45596902627312,176.5586416372854,198.5572479350688,112.93466020672552,5.607695801048591,118.97092743634555,157.86828983386584,18.0,16.404208960856174,1.0,0.0,180.0,142.5,0.645,0.8450000000000002,0.6572420634920635,12,0.4580132450331126,8.0,10.007947019867549,25.0,0.0,0.0,5.0,0.09933333333333334,3,1.8958333333333337,0.0,0.0,0.0,0.0,0.0,45.0,0.11240615809929344,24,7.339310639498677,4.191731944832867,4.518008189836138,1.2,1.6,0.0,8.0,1
standard_moderate,standard,moderate,0.7,13,613013,S0,B0,poisson,gamma,343,343,343,0,334,334.0,3675.0,0.7524982776333848,0.02167210736307581,71.83664777606181,28.191454002144177,172.24265188698018,64.04719067619794,108.26189266168231,128.09994990318077,160.39729879533027,3.6442279509889293,18.826849202741567,22.855916803876266,96.0306740318664,55.0,48.980730972185555,1.2011661807580174,0.20116618075801748,1800.0,1353.9358600583091,0.6402623906705539,0.8402623906705541,0.7402210884353743,11,1.7119151251360174,9.0,0.2918933623503808,7.0,0.04666666666666667,0.0,12.0,0.2426666666666667,4,2.3333333333333335,150.0,5.0,210.0,1.4,145.67,195.0,0.21125842545241547,88,8.355888367401093,12.925132622196728,-4.20556860370769,1.2,1.6,0.0,8.0,1
standard_moderate,standard,moderate,0.7,13,613013,S3,B1,poisson,gamma,343,343,343,0,336,336.0,3647.0,0.7582740319573253,0.019097222222222224,44.67046701804432,27.55098265826216,153.92948577378183,34.68958696895618,80.50546682589356,91.67906418896969,143.2580028867467,3.6762979218344105,19.86171344202957,23.922851014009748,68.86449327384891,22.0,20.747616004034573,1.0,0.0,360.0,270.7871720116618,0.6402623906705539,0.8402623906705541,0.9673833819241983,11,1.8212719298245614,11.0,0.29714912280701755,7.0,0.04666666666666667,0.0,8.0,0.16000000000000003,7,3.979166666666667,150.0,5.0,210.0,1.4,145.67,195.0,0.32275480616754315,62,5.857196289673148,0.9049616820257853,-2.831729379868449,1.2,1.6,0.0,8.0,1
standard_moderate,standard,moderate,0.7,13,613013,S5,B3,poisson,gamma,343,343,343,0,325,325.0,3764.0,0.7347101377371376,0.22408145196989818,145.4897090005516,43.480205355424346,252.40946755636423,143.68194045961036,191.96095795821066,207.92325318593043,247.6717485630962,111.62673523961867,16.95826647112253,128.96984136088696,169.6837352563562,18.0,16.519867639664653,1.0,0.0,180.0,135.3935860058309,0.6402623906705539,0.8402623906705541,0.6205660835762877,11,1.502257636122178,13.0,10.122443559096945,22.0,0.0,0.0,5.0,0.09400000000000001,2,1.2916666666666667,0.0,0.0,0.0,0.0,0.0,45.0,0.1590248982678395,28,4.553758322558025,-1.9531579760938769,-4.867003115142154,1.2,1.6,0.0,8.0,1
standard_moderate,standard,moderate,0.7,14,613014,S0,B0,poisson,gamma,315,315,315,0,312,312.0,3666.0,0.6363483265448912,0.017271157167530225,55.828528891989464,11.985459652791002,105.08684177540454,54.37137280507807,70.33800931670817,79.99121110943501,96.5621740606739,1.1809098443704185,5.515476053444135,6.963052564481219,78.0522366390382,55.0,48.86547632750825,1.0,0.0,1800.0,1360.0,0.6406666666666666,0.8406666666666669,0.704431216931217,7,0.43086992091628035,5.0,0.05835833106081265,3.0,0.02,0.0,11.0,0.20733333333333337,3,1.8125000000000002,150.0,2.142857142857143,210.0,1.4,147.99,195.0,0.11554357998184406,74,4.230441634856923,27.672168499382956,-0.2533079056940224,1.2,1.6,0.0,8.0,1
standard_moderate,standard,moderate,0.7,14,613014,S3,B1,poisson,gamma,315,315,315,0,313,313.0,3637.0,0.6414209217812303,0.01997434487813817,27.047576511037082,8.317546603161073,67.82858388044451,24.40883808169633,37.464339549870424,42.319462785640376,55.69044167735844,1.1809098443704185,4.781809468996703,6.2293859800337845,49.27128425808582,22.0,20.8181905310033,1.0,0.0,360.0,272.0,0.6406666666666666,0.8406666666666669,0.704431216931217,7,0.36943375481033536,4.0,0.058823529411764705,3.0,0.02,0.0,7.0,0.13266666666666668,3,1.8125000000000002,150.0,2.142857142857143,210.0,1.4,147.99,195.0,0.15984873344933792,36,1.7126288759505321,10.353778280330463,-0.6323595263422739,1.2,1.6,0.0,8.0,1
standard_moderate,standard,moderate,0.7,14,613014,S5,B3,poisson,gamma,315,315,315,0,303,303.0,3721.0,0.6269450062977205,0.3415726312018628,127.90154476500535,26.863483090177894,174.58939857591463,137.3350888384016,153.84358575170265,158.32452118970912,168.30701288687064,108.08567174913233,2.971595914749098,111.32393433054808,150.12525251205406,18.0,16.577610434457245,1.0,0.0,180.0,136.0,0.6406666666666666,0.8406666666666669,0.6644841269841271,7,0.20983342289091886,4.0,9.10505104782375,17.0,0.0,0.0,5.0,0.09666666666666668,2,1.2916666666666667,0.0,0.0,0.0,0.0,0.0,45.0,0.10853660935091436,20,-0.881129754262119,13.875938239576513,4.126644075098284,1.2,1.6,0.0,8.0,1
standard_moderate,standard,moderate,0.7,15,613015,S0,B0,poisson,gamma,316,316,316,0,311,311.0,3682.0,0.6900079741057693,0.015204995927233234,60.04538155827992,19.811147609246582,155.0945490946342,54.076977130885325,88.75712360468742,99.12226344920121,135.81223029986765,1.2289258620773993,9.561405920795211,11.018179884138426,84.17164138706045,55.0,49.02720167414151,1.0,0.0,1800.0,1469.620253164557,0.6479746835443038,0.8479746835443039,0.6875000000000001,6,0.779799076839533,7.0,0.06272060819983709,3.0,0.02,0.0,11.0,0.20199999999999999,3,1.8125000000000002,150.0,2.142857142857143,210.0,1.4,147.99,195.0,0.1672178724699771,79,4.47417310378863,32.46033203370691,-4.554602930006915,1.2,1.6,0.0,8.0,1
standard_moderate,standard,moderate,0.7,15,613015,S3,B1,poisson,gamma,316,316,316,0,312,312.0,3660.0,0.6941544301096827,0.018209960848584176,31.523229659545756,16.700177943670123,130.6643770521373,25.026800172058984,52.94185787788041,63.59725660519646,92.18915983424098,1.2890524443558804,9.123448444267446,10.640348989889151,55.64948948832627,22.0,20.8828806696566,1.0,0.0,360.0,293.9240506329114,0.6479746835443038,0.8479746835443039,0.6875000000000001,6,0.7454247473367932,5.0,0.06828735318219066,3.0,0.02,0.0,7.0,0.13,3,1.8125000000000002,150.0,2.142857142857143,210.0,1.4,147.99,195.0,0.2479590131220486,41,0.9217484642080329,15.231317637250655,-3.7153872437324047,1.2,1.6,0.0,8.0,1
standard_moderate,standard,moderate,0.7,15,613015,S5,B3,poisson,gamma,316,316,316,0,297,297.0,3775.0,0.6730136039808127,0.2891949152542373,128.2289258620774,38.68260270969825,246.6643770521373,138.49364859091565,164.98589249595966,177.18083638028386,210.0163291075906,105.11183725448248,6.258701776610076,111.59838713235835,152.35518569085792,18.0,16.63053872971904,1.0,0.0,180.0,146.9620253164557,0.6479746835443038,0.8479746835443039,0.6298786919831224,6,0.4835805084745763,5.0,8.754766949152541,17.0,0.0,0.0,5.0,0.08866666666666667,2,1.2916666666666667,0.0,0.0,0.0,0.0,0.0,45.0,0.1544477041827894,26,0.9980450378833865,6.5117163083469904,-9.39479900843827,1.2,1.6,0.0,8.0,1
standard_moderate,standard,moderate,0.7,16,613016,S0,B0,poisson,gamma,324,324,324,0,321,321.0,3661.0,0.6769873099068605,0.017294738758419807,59.83531459185372,15.180229299023635,116.41914382019695,56.874657454269816,82.07752157970533,87.26332130469069,97.71707954348174,1.3229689128413766,10.10157815803475,11.906028552357608,82.7901991185104,55.0,47.92928603949612,1.0030864197530864,0.0030864197530864196,1800.0,1294.4444444444443,0.6362962962962962,0.8362962962962964,0.6826131687242799,13,0.85199344620426,6.0,0.07236482796286182,3.0,0.02,0.0,10.0,0.1906666666666667,3,1.8125000000000002,150.0,2.142857142857143,210.0,1.4,148.11,195.0,0.1420086070510207,76,5.3593462158197624,17.116506332831356,1.6126484403269146,1.2,1.6,0.0,8.0,1
standard_moderate,standard,moderate,0.7,16,613016,S3,B1,poisson,gamma,324,324,324,0,323,323.0,3631.0,0.6825791654402323,0.01606093979441997,32.44951212271792,12.588748198287195,67.25744011647959,28.994085815974586,52.5179296269892,56.383864049301415,62.291833192142846,1.443339283211747,10.082767065683038,12.007587830376263,55.4043966493746,22.0,20.441924292341657,1.0,0.0,360.0,258.8888888888889,0.6362962962962962,0.8362962962962964,0.6860853909465021,13,0.8584801762114538,6.0,0.08370044052863436,3.0,0.02,0.0,7.0,0.13533333333333336,3,1.8125000000000002,150.0,2.142857142857143,210.0,1.4,148.11,195.0,0.21579374307935795,36,2.43499137711008,1.5132700868766662,0.06575403038903715,1.2,1.6,0.0,8.0,1
standard_moderate,standard,moderate,0.7,16,613016,S5,B3,poisson,gamma,324,324,324,0,318,318.0,3686.0,0.6723969430102856,0.286050085887352,130.49889483876728,35.539847733716734,180.11790532609507,140.00530418108383,165.8002371066168,169.82740724646033,178.00434101569783,106.25815409802655,7.4895030200706305,114.22913859957868,153.45377936542397,18.0,16.26975623918863,1.0,0.0,180.0,129.44444444444446,0.6362962962962962,0.8362962962962964,0.619212962962963,13,0.6143205858421481,5.0,9.293192297260646,20.0,0.0,0.0,5.0,0.09400000000000001,2,1.2083333333333335,0.0,0.0,0.0,0.0,0.0,45.0,0.1442938467965904,25,2.671765570658465,-9.023946741602316,-5.052258391971236,1.2,1.6,0.0,8.0,1
standard_moderate,standard,moderate,0.7,17,613017,S0,B0,poisson,gamma,340,340,340,0,333,333.0,3691.0,0.6769961255925446,0.018237630913687252,55.914624802951806,13.39729878280257,110.44651625048846,53.57355409084926,75.34265480088408,81.52385935959134,96.58044757715803,1.3322718617753433,6.777425456440039,8.427344377038906,77.96876917666657,55.0,47.48728042591291,1.0,0.0,1800.0,1408.235294117647,0.6438823529411764,0.8438823529411765,0.694485294117647,9,0.5774647887323944,6.0,0.07611050920910076,2.0,0.013333333333333334,0.0,10.0,0.18800000000000003,3,1.8958333333333337,150.0,1.58,210.0,1.4,148.42,195.0,0.13058876184880774,78,5.483262982779856,25.379641181625395,-1.4713587514138808,1.2,1.6,0.0,8.0,1
standard_moderate,standard,moderate,0.7,17,613017,S3,B1,poisson,gamma,340,340,340,0,337,337.0,3660.0,0.6827286795104274,0.02258035145224438,28.361683626481227,10.582757372535609,71.86559209680127,24.832572223674788,45.04726692685079,50.17995354923611,62.36053619519731,1.391095391187108,6.386029006105422,8.09477145611606,50.41582800019599,22.0,20.266912170365167,1.0,0.0,360.0,281.6470588235294,0.6438823529411764,0.8438823529411765,0.6980392156862746,9,0.5462988254575253,5.0,0.08221797323135756,2.0,0.013333333333333334,0.0,7.0,0.13533333333333336,3,1.8958333333333337,150.0,1.58,210.0,1.4,148.42,195.0,0.19365429132251522,33,2.454866303007016,9.048315880420589,-2.5225730195045486,1.2,1.6,0.0,8.0,1
standard_moderate,standard,moderate,0.7,17,613017,S5,B3,poisson,gamma,340,340,340,0,325,325.0,3775.0,0.6619358304257613,0.3059675141242938,130.620507155893,26.593338822068368,175.86559209680127,138.48359929902796,154.97976325509845,158.66594277469073,166.24264254288198,110.72638950883417,3.449906085209249,114.49394265286695,152.67465152960776,18.0,16.126564503026042,1.0,0.0,180.0,140.8235294117647,0.6438823529411764,0.8438823529411765,0.6215686274509805,9,0.2664194915254237,4.0,9.924523305084746,20.0,0.0,0.0,5.0,0.09666666666666668,2,1.2916666666666667,0.0,0.0,0.0,0.0,0.0,45.0,0.10008097439689023,19,1.4314737933759716,3.022713470782037,-11.019841356891305,1.2,1.6,0.0,8.0,1
standard_moderate,standard,moderate,0.7,18,613018,S0,B0,poisson,gamma,314,314,314,0,298,298.0,3734.0,0.6677099046921562,0.01463632307005801,63.380282080902816,18.99914833177277,135.790621309151,58.04896726635502,93.75590855156015,99.42308437658296,114.43312906847333,1.7019381318582305,12.020145996792701,13.913166931198699,87.20731864802258,55.0,49.467115149704114,1.035031847133758,0.03503184713375796,1800.0,1375.7961783439491,0.6417197452229298,0.84171974522293,0.7358014861995755,5,0.9643908969210174,7.0,0.10066934404283802,4.0,0.02666666666666667,0.0,11.0,0.21266666666666667,4,2.3333333333333335,150.0,2.857142857142857,210.0,1.4,147.44,195.0,0.1606671293198929,83,3.564837445432552,30.010698581177415,-2.667293882173823,1.2,1.6,0.0,8.0,1
standard_moderate,standard,moderate,0.7,18,613018,S3,B1,poisson,gamma,314,314,314,0,301,301.0,3702.0,0.6734800145895768,0.014762804932937258,34.09047316370537,16.837340922774114,90.7234259297752,27.085518778779544,62.763288973125775,69.61101143445539,85.22035884660697,1.9312374949155555,10.929625277697957,13.051945575161296,57.91750973082512,22.0,21.038527588544067,1.0,0.0,360.0,275.1592356687898,0.6417197452229298,0.84171974522293,0.8164808917197454,5,0.8844180394274912,7.0,0.12098298676748583,5.0,0.03333333333333333,0.0,7.0,0.13533333333333336,5,2.854166666666667,150.0,3.5714285714285716,210.0,1.4,146.89,195.0,0.25482834118683284,45,1.1761927567878487,12.344031914510737,-1.2632854433552438,1.2,1.6,0.0,8.0,1
standard_moderate,standard,moderate,0.7,18,613018,S5,B3,poisson,gamma,314,314,314,0,288,288.0,3812.0,0.6540510081366909,0.27808374857942125,123.7306005522404,49.24775997116118,208.3237644695514,138.06376367439282,180.48873553624713,187.1609846941581,203.18851411717742,97.47582348217671,9.305808058707148,106.97271434343162,147.55763711936015,18.0,16.75788620880878,1.0,0.0,180.0,137.5796178343949,0.6417197452229298,0.84171974522293,0.6445063694267515,5,0.7246262785208497,8.0,7.985575662208235,20.0,0.0,0.0,5.0,0.09666666666666668,2,1.2916666666666667,0.0,0.0,0.0,0.0,0.0,45.0,0.2176640426931744,27,0.5949656505607521,14.40364768000886,-5.032353927613599,1.2,1.6,0.0,8.0,1
standard_moderate,standard,moderate,0.7,19,613019,S0,B0,poisson,gamma,325,325,325,0,316,316.0,3680.0,0.6678933365535005,0.016209363397627456,65.70893391912179,26.655097407759563,177.67105176543464,56.09001517990691,109.42200123691794,123.82646632374045,143.1046908398292,3.2597031498910214,14.196732756270672,17.825666675392466,88.40292196699966,55.0,47.88326724372933,1.1384615384615384,0.13846153846153847,1800.0,1284.923076923077,0.6356615384615384,0.8356615384615386,0.7175,10,1.2075522955718554,9.0,0.2447704428144526,5.0,0.03333333333333333,0.0,12.0,0.22666666666666674,3,1.8125000000000002,150.0,3.5714285714285716,210.0,1.4,146.77,195.0,0.20755161203142025,76,3.5284863753058886,33.0291781900485,-1.706089185127638,1.2,1.6,0.0,8.0,1
standard_moderate,standard,moderate,0.7,19,613019,S3,B1,poisson,gamma,325,325,325,0,321,321.0,3669.0,0.6698951966903094,0.018165304268846504,36.53354930373717,23.353213158267256,138.67105176543464,27.39480625339465,71.65662891918258,89.18988189667762,118.57852363757496,3.241241611429483,12.578077717892885,16.188550098553137,59.22753735161505,22.0,20.34499920518404,1.0,0.0,360.0,256.9846153846154,0.6356615384615384,0.8356615384615386,0.88724358974359,10,1.0686648501362397,10.0,0.2438692098092643,6.0,0.04,0.0,7.0,0.13266666666666668,6,3.458333333333334,150.0,4.285714285714286,210.0,1.4,146.22,195.0,0.30328035864766223,50,2.0772629107134364,15.34328075415106,-0.9913455953840469,1.2,1.6,0.0,8.0,1
standard_moderate,standard,moderate,0.7,19,613019,S5,B3,poisson,gamma,325,325,325,0,305,305.0,3785.0,0.6493701457616047,0.2982039091389329,129.45662622681408,42.86042524521751,227.2593020722411,137.4474432276038,177.8085737088979,195.03528257082098,218.090001005149,103.6443185345064,9.252623027926342,113.2661723316635,152.15061427469195,18.0,16.19045389515058,1.0,0.0,180.0,128.4923076923077,0.6356615384615384,0.8356615384615386,0.6528846153846154,10,0.751716851558373,9.0,8.85525620707871,22.0,0.0,0.0,5.0,0.09666666666666668,3,1.8125000000000002,0.0,0.0,0.0,0.0,0.0,45.0,0.17839309280228366,20,2.639367918005604,8.692639728510017,3.4424150883766345,1.2,1.6,0.0,8.0,1
standard_peak,standard,peak,0.95,0,614000,S0,B0,poisson,gamma,472,472,472,0,405,405.0,4271.0,0.8019969059168812,0.14731585518102372,373.1129290182272,142.74973028918663,674.8684800007122,373.123880338115,550.6051505358192,607.294441590432,659.5238936606237,270.99640359449836,14.9939577252413,286.320869794316,394.88918398905514,55.0,86.79205922391124,27.25423728813559,26.25423728813559,1800.0,1361.4406779661017,0.6407627118644067,0.8407627118644069,0.7795727401129944,13,1.6027621722846441,10.0,29.886001872659175,57.0,0.38,0.0,12.0,0.23466666666666672,4,2.416666666666667,150.0,40.714285714285715,210.0,1.4,113.85,195.0,0.21630037552668746,122,0.20365739028005692,25.783420972394083,22.07081025764012,1.2,1.6,0.0,8.0,1
standard_peak,standard,peak,0.95,0,614000,S3,B1,poisson,gamma,472,472,472,0,467,467.0,3645.0,0.939695771277268,0.005394039129639788,162.33114935721028,100.19756880665584,422.03529503328946,153.6376049571802,311.2304531139341,347.0131722962068,397.61243383042944,52.45403071314249,88.78524410704566,141.56978329476442,184.10740432803817,22.0,20.761366062445855,1.0,0.0,360.0,272.2881355932203,0.6407627118644067,0.8407627118644069,5.319650423728816,13,11.431705979155238,34.0,6.725452550740537,25.0,0.16666666666666666,0.0,12.0,0.23733333333333337,12,7.416666666666668,150.0,17.857142857142858,210.0,1.4,134.09,195.0,0.3497496897249244,168,6.206575967920202,42.89225160364629,10.79561185965747,1.2,1.6,0.0,8.0,1
standard_peak,standard,peak,0.95,0,614000,S5,B3,poisson,gamma,472,472,472,0,452,452.0,3762.0,0.910478549581961,0.05438922845247586,236.01547139110858,90.88534507539798,441.740960943564,217.31486059786408,381.4925112653468,413.4337851794274,434.94227985665276,124.97733579788824,94.17650943118838,219.48435370365289,257.79172636193647,18.0,16.531117687455698,1.0,0.0,180.0,136.14406779661016,0.6407627118644067,0.8407627118644069,0.5886299435028249,13,11.748339091150678,35.0,15.613074674461865,29.0,0.0,0.0,6.0,0.10800000000000001,2,1.1250000000000002,0.0,0.0,0.0,0.0,0.0,45.0,0.21356527493973076,44,-2.4848092644740234,13.309119489124072,14.33343726943275,1.2,1.6,0.0,8.0,1
standard_peak,standard,peak,0.95,1,614001,S0,B0,poisson,gamma,447,447,447,0,430,430.0,3724.0,0.8501667417538299,0.013691275167785235,88.12209731637063,38.8287203397994,254.69980718186832,77.46253620098105,145.2479979973554,162.55870336493336,176.58648407169593,16.05274608594557,21.443595524516336,37.764797986300835,109.37626586021636,55.0,50.357299330069786,2.440715883668904,1.4407158836689038,1800.0,1232.2147651006712,0.6321476510067114,0.8321476510067116,0.7830443698732289,10,2.516241610738255,11.0,1.8630872483221477,14.0,0.09333333333333334,0.0,12.0,0.22666666666666674,5,2.9375000000000004,150.0,10.0,210.0,1.4,141.82,195.0,0.2450187638249497,137,2.2422547207518733,2.4506406602773154,-6.02841017492284,1.2,1.6,0.0,8.0,1
standard_peak,standard,peak,0.95,1,614001,S3,B1,poisson,gamma,447,447,447,0,433,433.0,3697.0,0.8563740165043311,0.009915269515053182,58.60979306581134,37.92366346117542,181.75010589439898,46.53748321086687,112.61373452912812,134.7413595402516,166.02058520848155,11.717175616146914,26.044856554325552,38.03048854631139,79.8639616096571,22.0,20.579304519499953,1.0,0.0,360.0,246.44295302013424,0.6321476510067114,0.8321476510067116,1.987369500372856,10,3.0878853434288804,16.0,1.3526230394808005,14.0,0.09333333333333334,0.0,12.0,0.20533333333333334,12,6.416666666666667,150.0,10.0,210.0,1.4,141.82,195.0,0.3511742560920683,115,1.7243753741841061,-2.46058928624673,-2.178340704163709,1.2,1.6,0.0,8.0,1
standard_peak,standard,peak,0.95,1,614001,S5,B3,poisson,gamma,447,447,447,0,417,417.0,3813.0,0.8303280317338795,0.12593952106275128,172.03484899422293,42.14967037933329,277.6998071818683,165.00743288346484,225.2084178435914,244.20588413815585,258.1138982477453,122.88943512397688,32.494799251179934,155.65269075099576,193.28901753806872,18.0,16.382158243227234,1.0,0.0,180.0,123.22147651006712,0.6321476510067114,0.8321476510067116,0.5832867263236391,10,3.7498689040377555,15.0,14.340849501835343,26.0,0.0,0.0,6.0,0.11866666666666668,2,1.2083333333333335,0.0,0.0,0.0,0.0,0.0,45.0,0.13234596936049248,41,-4.240359008185209,-4.867755061647813,-7.428814368430466,1.2,1.6,0.0,8.0,1
standard_peak,standard,peak,0.95,2,614002,S0,B0,poisson,gamma,474,474,474,0,440,440.0,3871.0,0.9280778674918075,0.013860192837465564,173.09571293950822,88.16512698834318,359.11055633221804,148.66629581682287,302.0216501155993,316.84280533129873,332.86324919348186,84.3425483825462,29.530349214684612,114.35391025545866,195.83949460361129,55.0,58.74180268404956,8.767932489451477,7.767932489451477,1800.0,1374.6835443037974,0.6416455696202531,0.8416455696202533,0.8309599156118144,19,3.553460743801653,11.0,10.262913223140496,32.0,0.21333333333333335,0.0,12.0,0.23733333333333337,4,2.5000000000000004,150.0,22.857142857142858,210.0,1.4,128.56,195.0,0.29107638135542513,127,8.82469630236912,-19.043869375992415,3.215996742130841,1.2,1.6,0.0,8.0,1
standard_peak,standard,peak,0.95,2,614002,S3,B1,poisson,gamma,474,474,474,0,448,448.0,3795.0,0.9466589839115592,0.001141552511415525,138.54508002811582,84.96634965528875,338.98504705850496,120.04946766063767,261.1192996153024,284.20636999479575,316.4665006617674,40.37419395216644,77.42655318798356,118.28175979837785,161.2888616922189,22.0,20.263320229737968,1.0,0.0,360.0,274.9367088607595,0.6416455696202531,0.8416455696202533,4.582102672292546,19,9.607218124341411,29.0,4.9781348788198105,24.0,0.16,0.0,12.0,0.2346666666666667,12,7.333333333333334,150.0,17.142857142857142,210.0,1.4,133.92,195.0,0.34922745503771013,178,14.196655966103492,-21.24593845658643,7.79440176005204,1.2,1.6,0.0,8.0,1
standard_peak,standard,peak,0.95,2,614002,S5,B3,poisson,gamma,474,474,474,0,431,431.0,3912.0,0.9183535657879578,0.04540420819490587,252.32356104077405,87.17248123647333,407.8799381579481,233.6440643068243,371.09697959865593,382.98010225535154,402.12227459076183,122.87841336144915,112.84050937858416,236.19993539826115,275.0673427048771,18.0,16.123625642512884,1.0,0.0,180.0,137.46835443037975,0.6416455696202531,0.8416455696202533,0.5844760900140646,19,13.609251213902377,35.0,14.823409148990544,27.0,0.0,0.0,5.0,0.09933333333333334,1,0.6875,0.0,0.0,0.0,0.0,0.0,45.0,0.19593054619712058,48,7.410625421329883,-32.32836795767108,8.601413408797526,1.2,1.6,0.0,8.0,1
standard_peak,standard,peak,0.95,3,614003,S0,B0,poisson,gamma,411,411,411,0,405,405.0,3648.0,0.8008688506429897,0.01644286105782406,82.15273751558217,39.67075599344807,221.22775842082933,66.26501146995543,142.70339722583333,165.21632191512765,188.0150799677352,12.520134109256158,19.058509266959437,32.04579666088713,103.4839085812484,55.0,50.10694085469507,1.9854014598540146,0.9854014598540146,1800.0,1392.7007299270074,0.6428467153284669,0.8428467153284673,0.7753953771289539,16,2.0871471636064673,11.0,1.355713894217594,14.0,0.09333333333333334,0.0,12.0,0.22400000000000003,3,1.8125000000000002,150.0,10.0,210.0,1.4,141.22,195.0,0.25618893112621954,111,6.4912177796703645,32.88708163944462,-3.4376353994364166,1.2,1.6,0.0,8.0,1
standard_peak,standard,peak,0.95,3,614003,S3,B1,poisson,gamma,411,411,411,0,408,408.0,3618.0,0.8075077192584332,0.019250253292806486,54.64422170049704,42.25964752833004,214.89563827311656,35.79412332980385,114.82916573615648,147.87876690903357,186.21405859590976,10.52256719928049,22.911257721382313,33.90097820533434,75.97539276616324,22.0,20.743243495162698,1.0,0.0,360.0,278.54014598540147,0.6428467153284669,0.8428467153284673,1.7781326034063263,16,2.5460071843050565,14.0,1.140093948604587,15.0,0.1,0.0,12.0,0.22400000000000003,12,7.000000000000002,150.0,10.714285714285715,210.0,1.4,140.55,195.0,0.39178497435762694,91,6.973807432010929,21.997446838155668,-2.2232245791581278,1.2,1.6,0.0,8.0,1
standard_peak,standard,peak,0.95,3,614003,S5,B3,poisson,gamma,411,411,411,0,394,394.0,3734.0,0.7824284969200187,0.18697010263275324,167.02621683431698,47.81313711429064,283.22775842082933,152.2738145107901,238.70339722583333,256.24927140817874,272.40318426654454,119.52013410925616,30.522639307983447,150.50992670191116,188.3573878999832,18.0,16.516290132405842,1.0,0.0,180.0,139.27007299270073,0.6428467153284669,0.8428467153284673,0.6109590429845905,16,3.3052208835341363,18.0,13.098795180722892,22.0,0.0,0.0,5.0,0.09933333333333334,2,1.2916666666666667,0.0,0.0,0.0,0.0,0.0,45.0,0.15596727792230736,40,3.2683872294377068,17.568606881120246,0.10928977327930056,1.2,1.6,0.0,8.0,1
standard_peak,standard,peak,0.95,4,614004,S0,B0,poisson,gamma,427,427,427,0,382,382.0,4183.0,0.8988352248516321,0.033620140216698534,293.7682417576423,92.44958107924458,473.64224497812074,301.17426535205686,411.8103575248451,432.4718378764822,451.82327694690883,187.33498648832145,34.14659822203818,221.9593364667999,320.1902083673324,55.0,71.80890529084238,17.451990632318502,16.451990632318502,1800.0,1277.2833723653396,0.635152224824356,0.8351522248243561,0.8139637002341921,17,3.43546845124283,12.0,19.06668260038241,42.0,0.28,0.0,12.0,0.23466666666666672,4,2.5000000000000004,150.0,30.000000000000004,210.0,1.4,123.25,195.0,0.17633826397949126,119,11.816893724228407,33.14788073481395,4.823553098356285,1.2,1.6,0.0,8.0,1
standard_peak,standard,peak,0.95,4,614004,S3,B1,poisson,gamma,427,427,427,0,399,399.0,4021.0,0.9350389310739008,0.0007458975634012929,218.58557196841508,88.95924294622588,429.92145706566816,229.58258820603487,324.57099066306205,346.69054691795367,391.569158945954,61.51999819792331,136.1344144644593,198.1321644188229,245.00753857810525,22.0,20.45340754959222,1.0,0.0,360.0,255.45667447306792,0.635152224824356,0.8351522248243561,5.874658469945356,17,14.401292889109895,32.0,6.477374440576828,23.0,0.15333333333333332,0.0,12.0,0.23200000000000004,12,7.250000000000001,150.0,16.42857142857143,210.0,1.4,135.55,195.0,0.23069602992878613,185,10.498072387168094,42.460218155846974,12.08371569998232,1.2,1.6,0.0,8.0,1
standard_peak,standard,peak,0.95,4,614004,S5,B3,poisson,gamma,427,427,427,0,387,387.0,4113.0,0.9141289695622822,0.027467185221195917,297.1288974953472,88.61586361333931,468.92145706566816,319.82976842245716,394.6151143547686,413.7191880017473,438.7692036690853,122.96496306911767,157.40703103830467,280.8497458638626,323.5508641050373,18.0,16.279151631484545,1.0,0.0,180.0,127.72833723653396,0.635152224824356,0.8351522248243561,0.5880659640905543,17,16.287797763733593,35.0,12.710014584346135,24.0,0.0,0.0,5.0,0.09666666666666668,3,1.729166666666667,0.0,0.0,0.0,0.0,0.0,45.0,0.16507763775346995,46,2.6803691493390147,23.651968434553794,8.66643141664224,1.2,1.6,0.0,8.0,1
standard_peak,standard,peak,0.95,5,614005,S0,B0,poisson,gamma,444,444,444,0,420,420.0,3814.0,0.931460164599816,0.010222804718217562,175.14336817770382,70.33989779647365,310.7634422771851,194.40327414748128,255.94189223663903,267.0351767157179,289.1756166343919,82.26048529482094,33.09188935258834,115.70372599876062,199.15364201519233,55.0,59.439642178943195,8.225225225225225,7.225225225225225,1800.0,1370.2702702702702,0.6413513513513514,0.8413513513513515,0.839527027027027,13,3.7895150720838795,12.0,9.517693315858454,25.0,0.16666666666666666,0.0,12.0,0.2400000000000001,5,2.854166666666667,150.0,17.857142857142858,210.0,1.4,134.32999999999998,195.0,0.22665680486537143,139,3.790636999640043,12.272611941398594,0.07679913173578257,1.2,1.6,0.0,8.0,1
standard_peak,standard,peak,0.95,5,614005,S3,B1,poisson,gamma,444,444,444,0,424,424.0,3777.0,0.9405824584299359,0.0061761072878066,142.02625106058667,74.51866541244371,349.7634422771851,152.2819196111816,230.15167513909466,251.95088770588902,310.10724655860884,48.28300781734345,72.53466565094524,121.16902481964004,166.03652489807519,22.0,20.85722624094665,1.0,0.0,360.0,274.05405405405406,0.6413513513513514,0.8413513513513515,4.943412162162163,13,8.46347273689783,25.0,5.617787188988883,22.0,0.14666666666666667,0.0,12.0,0.23733333333333334,12,7.416666666666667,150.0,15.714285714285715,210.0,1.4,135.98,195.0,0.2998869449343631,158,14.049690115836029,18.443262096197344,-3.8790716326455765,1.2,1.6,0.0,8.0,1
standard_peak,standard,peak,0.95,5,614005,S5,B3,poisson,gamma,444,444,444,0,411,411.0,3890.0,0.9132666481491385,0.054570376081555724,237.4879627722984,70.09771591240337,352.9806571479295,258.44246657918376,317.2660679509026,328.147202017993,340.71783290708333,122.18390871824437,98.34315396010999,220.8784140297057,261.4982366097869,18.0,16.60954874259271,1.0,0.0,180.0,137.02702702702703,0.6413513513513514,0.8413513513513515,0.5897147147147148,13,11.165253148290928,26.0,13.887432536622976,25.0,0.0,0.0,5.0,0.09933333333333334,2,1.2916666666666667,0.0,0.0,0.0,0.0,0.0,45.0,0.16327875904663558,52,-1.6943489139172527,-5.51748093785838,0.22429059483002334,1.2,1.6,0.0,8.0,1
standard_peak,standard,peak,0.95,6,614006,S0,B0,poisson,gamma,472,472,472,0,405,405.0,4275.0,0.8996278813337277,0.042407234175241657,232.15682573174814,183.19779029953386,695.1763588138933,151.43865630021673,518.4602417756729,601.060665372605,662.9577781445416,141.2458087825956,23.69130268333426,165.11507756762475,256.6068817947758,55.0,67.04174816412338,13.930084745762711,12.930084745762711,1800.0,1254.6610169491526,0.6336440677966101,0.8336440677966104,0.7737464689265537,7,2.560102899906455,10.0,15.538821328344246,59.0,0.3933333333333333,0.0,12.0,0.2373333333333334,3,1.8125000000000002,150.0,42.142857142857146,210.0,1.4,113.10999999999999,195.0,0.4296455855207735,118,-0.4244060255989268,20.95590239043179,13.144539583168324,1.2,1.6,0.0,8.0,1
standard_peak,standard,peak,0.95,6,614006,S3,B1,poisson,gamma,472,472,472,0,415,415.0,4092.0,0.939850676907652,0.005049271113282841,183.89835115547694,149.02135303788407,518.1763588138933,123.47629768911543,410.2565965345939,442.1206600322266,474.4730179366667,53.6123342063244,109.51880073435063,163.30910104236997,208.3484072185046,22.0,20.589250113106974,1.0,0.0,360.0,250.9322033898305,0.6336440677966101,0.8336440677966104,3.373940677966102,7,12.572685072074274,36.0,6.127779135108722,27.0,0.18,0.0,12.0,0.22666666666666668,12,7.083333333333334,150.0,19.28571428571429,210.0,1.4,132.39,195.0,0.45129337270024994,151,1.2977676255833046,17.15324752317514,6.890687190629791,1.2,1.6,0.0,8.0,1
standard_peak,standard,peak,0.95,6,614006,S5,B3,poisson,gamma,472,472,472,0,398,398.0,4221.0,0.9111342540461913,0.05645033949155219,299.6843681046295,153.50631226127757,612.0497441838602,236.84497467940753,529.787201816183,557.1153216837812,587.6889239849987,151.80724946056168,131.30885699528537,283.294072557542,324.13442416765713,18.0,16.390295547087526,1.0,0.0,180.0,125.46610169491525,0.6336440677966101,0.8336440677966104,0.5838629943502825,7,14.623164377072477,36.0,16.918285172903836,42.0,0.0,0.0,5.0,0.09933333333333334,2,1.2083333333333335,0.0,0.0,0.0,0.0,0.0,45.0,0.2871787106558936,37,-2.6783548511511412,-0.9498498219576277,7.537704812099946,1.2,1.6,0.0,8.0,1
standard_peak,standard,peak,0.95,7,614007,S0,B0,poisson,gamma,436,436,436,0,395,395.0,3950.0,0.8467867304837033,0.07559267695941956,281.8622336501656,149.78281961852005,470.22947326652456,364.7398630766353,426.58581751182805,442.1970146286019,456.26032304753045,189.12828869603715,18.272144459068244,207.75823132024306,304.88279125664116,55.0,74.10400232992257,19.15366972477064,18.15366972477064,1800.0,1325.2293577981652,0.6383486238532109,0.8383486238532111,0.768922018348624,13,1.9612756264236901,11.0,20.815995950392306,44.0,0.29333333333333333,0.0,12.0,0.23466666666666672,3,1.9791666666666667,150.0,31.42857142857143,210.0,1.4,122.32,195.0,0.28616668318474825,106,-18.8674581818546,-33.04338815815399,-3.1246155656772885,1.2,1.6,0.0,8.0,1
standard_peak,standard,peak,0.95,7,614007,S3,B1,poisson,gamma,436,436,436,0,429,429.0,3670.0,0.9113741139038715,0.0069009352583310635,168.31406851255093,113.51003592690155,407.6746072835092,169.22222927609914,324.88847393553044,344.16191947922994,383.91571910843663,48.97461897126652,98.59717888454473,147.92959602094885,191.33462611902647,22.0,20.384472491602057,1.0,0.0,360.0,265.04587155963304,0.6383486238532109,0.8383486238532111,4.599675076452599,13,11.651865976573141,34.0,5.757831653500409,23.0,0.15333333333333332,0.0,12.0,0.22933333333333342,12,7.16666666666667,150.0,16.42857142857143,210.0,1.4,135.43,195.0,0.38595241310883766,152,-1.3216422586473868,17.853362011108004,11.48919932503307,1.2,1.6,0.0,8.0,1
standard_peak,standard,peak,0.95,7,614007,S5,B3,poisson,gamma,436,436,436,0,418,418.0,3778.0,0.8853279629905036,0.07338802152244862,280.458563925395,122.29736233349503,477.0294837147369,275.11369647401193,433.3443188313495,441.72972715754923,465.6569139254371,125.52049053089956,138.35752500895612,264.2358137049933,303.4791215318705,18.0,16.222750220401682,1.0,0.0,180.0,132.52293577981652,0.6383486238532109,0.8383486238532111,0.5877293577981652,13,15.906589044720826,36.0,14.424715533209843,29.0,0.0,0.0,5.0,0.09666666666666668,2,1.2083333333333335,0.0,0.0,0.0,0.0,0.0,45.0,0.24902748267844443,33,-14.59353384532153,-23.18015186837738,7.871286073666965,1.2,1.6,0.0,8.0,1
standard_peak,standard,peak,0.95,8,614008,S0,B0,poisson,gamma,456,456,456,0,424,424.0,3799.0,0.9001358352682556,0.013157894736842105,101.21089570706023,44.889968143466284,218.04786392911092,91.6658003700943,168.93060236550093,183.2121890104101,210.79378302589592,22.14072026846375,27.94914020376141,50.37933415643568,123.71429158876664,55.0,50.831561550624556,2.861842105263158,1.861842105263158,1800.0,1389.4736842105262,0.6426315789473683,0.8426315789473686,0.7690058479532165,11,3.294736842105263,10.0,2.5978947368421053,17.0,0.11333333333333333,0.0,12.0,0.23200000000000004,3,1.729166666666667,150.0,12.142857142857144,210.0,1.4,138.61,195.0,0.24942814862309937,126,7.411348220410815,25.189141061060738,1.1322743846421446,1.2,1.6,0.0,8.0,1
standard_peak,standard,peak,0.95,8,614008,S3,B1,poisson,gamma,456,456,456,0,429,429.0,3767.0,0.9077803009605551,0.005130927105449399,72.87317640881463,47.24945036029631,238.08026987936,60.670631883801434,143.10593768364743,169.91046886793185,199.5448126743116,16.125369391270766,35.93357713413615,52.34842020961743,95.37657229052103,22.0,20.524756199197196,1.0,0.0,360.0,277.89473684210526,0.6426315789473683,0.8426315789473686,2.5368238304093573,11,4.290074309978769,17.0,1.8919851380042463,15.0,0.1,0.0,12.0,0.23733333333333334,12,7.416666666666667,150.0,10.714285714285715,210.0,1.4,140.26,195.0,0.3550278077663023,131,7.828238157180721,32.34051720784973,1.4046769820447196,1.2,1.6,0.0,8.0,1
standard_peak,standard,peak,0.95,8,614008,S5,B3,poisson,gamma,456,456,456,0,418,418.0,3890.0,0.879084084816081,0.0865244581512893,188.73721149653392,50.38481096501356,317.5954995978768,183.8244863229499,259.95142345777845,272.6452249500723,300.7695729220735,122.4477378123234,49.662472200656836,172.39968369719077,211.24060737824033,18.0,16.33752779934316,1.0,0.0,180.0,138.94736842105263,0.6426315789473683,0.8426315789473686,0.5899122807017545,11,5.763042919557955,22.0,14.292469802107428,25.0,0.0,0.0,5.0,0.09933333333333334,2,1.1250000000000002,0.0,0.0,0.0,0.0,0.0,45.0,0.1486978583825913,32,6.420071829884591,11.460700694088302,2.2923393197071107,1.2,1.6,0.0,8.0,1
standard_peak,standard,peak,0.95,9,614009,S0,B0,poisson,gamma,475,475,475,0,364,364.0,5080.0,0.7983409308312229,0.1418355966673227,469.573305071585,431.4054562361826,1477.7818291988738,353.84058257985544,1146.0426291307294,1308.8338929159129,1464.351357006697,355.00909454526925,28.11335026040361,383.5519184898834,495.1924857213963,55.0,86.02138658170166,26.797894736842107,25.797894736842107,1800.0,1269.4736842105262,0.6346315789473684,0.8346315789473686,0.7682894736842106,17,2.580987994489274,11.0,33.141704388899825,101.0,0.6733333333333333,0.0,12.0,0.2373333333333334,3,1.8125000000000002,150.0,72.14285714285715,210.0,1.4,85.08999999999999,195.0,0.5015638423355588,107,25.277909066070038,112.17726583772054,58.94232202809883,1.2,1.6,0.0,8.0,1
standard_peak,standard,peak,0.95,9,614009,S3,B1,poisson,gamma,475,475,475,0,380,380.0,4299.0,0.9433419231519647,0.0037984496124031006,341.97330507158506,280.37124361359315,759.9685350296445,319.75447027039036,701.6169136977959,717.3366073776283,757.9581045538355,155.00488401895342,165.82117168310882,321.25552938627277,367.5924857213963,22.0,20.717775685312244,1.0,0.0,360.0,253.89473684210526,0.6346315789473684,0.8346315789473686,2.1240789473684214,17,18.26139534883721,36.0,17.06767441860465,67.0,0.44666666666666666,0.0,12.0,0.22400000000000003,12,7.000000000000002,150.0,47.85714285714286,210.0,1.4,106.78999999999998,195.0,0.45635308249777706,120,15.64386085886889,69.27067243112714,66.02912657750483,1.2,1.6,0.0,8.0,1
standard_peak,standard,peak,0.95,9,614009,S5,B3,poisson,gamma,475,475,475,0,364,364.0,4421.0,0.9173157552133533,0.056233981607115936,458.2301471768482,284.61524790590965,881.9685350296445,448.25009090452477,820.0436319173081,837.0912236226135,878.5906173320922,262.2764629663219,179.02875769287846,441.73469434341087,483.8493278266595,18.0,16.49545283343729,1.0,0.0,180.0,126.94736842105263,0.6346315789473684,0.8346315789473686,0.5892543859649123,17,19.176616915422887,36.0,28.119629127091812,79.0,0.0,0.0,5.0,0.09933333333333334,2,1.2916666666666667,0.0,0.0,0.0,0.0,0.0,45.0,0.3476115542150715,53,11.0304167388,60.807485617940415,69.55498864647035,1.2,1.6,0.0,8.0,1
standard_peak,standard,peak,0.95,10,614010,S0,B0,poisson,gamma,433,433,433,0,421,421.0,3692.0,0.8573624199974832,0.01534434515750519,78.98289053510841,32.009584155928806,197.4763974471466,71.30212752413604,130.59279985692166,143.31676370953804,168.94265493666612,6.458641112475609,22.94670672862417,29.87647948082265,100.9198841867299,55.0,49.10641105428575,1.3764434180138567,0.37644341801385683,1800.0,1359.353348729792,0.6406235565819861,0.8406235565819864,0.8099018475750579,17,2.631194151096669,10.0,0.7005144868670458,9.0,0.06,0.0,12.0,0.23733333333333334,4,2.3333333333333335,150.0,6.428571428571429,210.0,1.4,143.85,195.0,0.21899354265170867,126,1.9905145870535108,19.094244140484605,-0.6022903588864352,1.2,1.6,0.0,8.0,1
standard_peak,standard,peak,0.95,10,614010,S3,B1,poisson,gamma,433,433,433,0,426,426.0,3658.0,0.8653291656328794,0.012116243053657648,50.58797136651719,29.57117562043274,150.17480555450356,42.1480868009121,98.31469392453482,112.21935936680234,133.97172273328027,6.250788918480229,23.169823569047818,29.891744127250913,72.52496501813869,22.0,20.696227239266264,1.0,0.0,360.0,271.8706697459584,0.6406235565819861,0.8406235565819864,1.3006639722863742,17,2.684339983602077,13.0,0.6824268925936048,7.0,0.04666666666666667,0.0,8.0,0.15466666666666667,8,4.833333333333334,150.0,5.0,210.0,1.4,145.31,195.0,0.3128696597391505,95,-0.9576082798406773,4.933186448176919,-2.306491007838474,1.2,1.6,0.0,8.0,1
standard_peak,standard,peak,0.95,10,614010,S5,B3,poisson,gamma,433,433,433,0,406,406.0,3786.0,0.8360811769344351,0.12208432356306663,162.97827159746407,39.89012102974963,264.7452930972986,158.13390997887564,216.70695363840724,233.05355912233452,255.0563311994429,121.14917229030472,24.880145380764084,146.50044931079165,184.9152652490856,18.0,16.477822286672396,1.0,0.0,180.0,135.9353348729792,0.6406235565819861,0.8406235565819864,0.5997401847575058,17,2.7884869289675205,13.0,13.796672828096119,25.0,0.0,0.0,5.0,0.09933333333333334,3,1.8125000000000002,0.0,0.0,0.0,0.0,0.0,45.0,0.12651140172393638,43,-1.4152874607280523,-4.106123506574193,-6.176305968813693,1.2,1.6,0.0,8.0,1
standard_peak,standard,peak,0.95,11,614011,S0,B0,poisson,gamma,469,469,469,0,437,437.0,3974.0,0.8741245118033666,0.012662473794549265,90.94474843716888,46.36206122212084,282.17365441712263,79.26534792261577,154.82869962120182,193.59434299521305,246.19536151797277,15.580142893458875,24.361480141607675,40.45335011395782,113.17062221809671,55.0,50.49139832321109,2.1705756929637525,1.1705756929637527,1800.0,1335.6076759061834,0.6390405117270789,0.8390405117270792,0.8172974413646056,20,2.8163522012578617,11.0,1.7761006289308177,17.0,0.11333333333333333,0.0,12.0,0.24000000000000005,4,2.2500000000000004,150.0,12.142857142857144,210.0,1.4,139.09,195.0,0.266397100559969,123,14.67239536968124,8.172195728437174,6.82566167574322,1.2,1.6,0.0,8.0,1
standard_peak,standard,peak,0.95,11,614011,S3,B1,poisson,gamma,469,469,469,0,440,440.0,3896.0,0.8916204604614786,0.009494482935591481,63.95540941797913,52.15990723352662,317.4197699019278,47.88559552844413,132.29455416511556,169.94050114741785,280.8756615162721,12.825345452094274,29.828711459628153,43.165783990613676,86.18128319890695,22.0,20.78962542736546,1.0,0.0,360.0,267.12153518123665,0.6390405117270789,0.8390405117270792,2.028562544420754,20,3.5329740826276623,16.0,1.4801129073646395,17.0,0.11333333333333333,0.0,12.0,0.24000000000000002,12,7.500000000000001,150.0,12.142857142857144,210.0,1.4,139.09,195.0,0.39467434404622437,103,16.293519400689,-6.012343168033851,8.641341899116604,1.2,1.6,0.0,8.0,1
standard_peak,standard,peak,0.95,11,614011,S5,B3,poisson,gamma,469,469,469,0,429,429.0,4073.0,0.8528828999554202,0.10742922598592702,177.60999363972752,53.02031793182284,371.17365441712263,163.11983907733747,252.33419588750328,297.39493322779714,333.1093542511847,123.41383159281921,37.130195981990774,161.05575465370126,199.83586742065538,18.0,16.554238986026288,1.0,0.0,180.0,133.56076759061833,0.6390405117270789,0.8390405117270792,0.5876421464108033,20,4.216249386352479,24.0,14.146784486990672,25.0,0.0,0.0,5.0,0.10466666666666667,2,1.2083333333333335,0.0,0.0,0.0,0.0,0.0,45.0,0.1528231524931456,50,12.722506111652422,-14.107390935629866,9.131403988098555,1.2,1.6,0.0,8.0,1
standard_peak,standard,peak,0.95,12,614012,S0,B0,poisson,gamma,456,456,456,0,383,383.0,4241.0,0.8779941941425983,0.05972025774005972,328.39198712621516,181.3041443982981,640.8023737127596,296.8007560111603,575.8529986086719,594.7709842095136,611.8816861944291,227.2362853718292,23.60796736681509,251.26530537022316,352.89495667590535,55.0,77.12668175599192,20.49780701754386,19.49780701754386,1800.0,1298.6842105263158,0.636578947368421,0.8365789473684213,0.7871893274853802,16,2.4813767090994814,12.0,24.373644507307873,58.0,0.38666666666666666,0.0,12.0,0.2373333333333334,3,1.8125000000000002,150.0,41.42857142857143,210.0,1.4,112.69999999999999,195.0,0.31624231183543916,126,25.680006379709198,-47.62065035138403,25.15066402492556,1.2,1.6,0.0,8.0,1
standard_peak,standard,peak,0.95,12,614012,S3,B1,poisson,gamma,456,456,456,0,408,408.0,3920.0,0.9498728313065291,0.0017002465357476835,241.81523274025025,129.49777960348993,518.2051913429364,260.5804278339318,400.19435982177174,428.2816285919413,477.4359900409819,68.30426782796951,152.27596764848045,221.0012881080289,266.31820228994036,22.0,20.813944632221332,1.0,0.0,360.0,259.7368421052632,0.636578947368421,0.8365789473684213,4.6509502923976624,16,17.651109410864574,36.0,7.885743432797756,24.0,0.16,0.0,12.0,0.23200000000000004,12,7.250000000000001,150.0,17.142857142857142,210.0,1.4,134.64,195.0,0.3057281800322673,182,21.602574242614907,-19.036976881996253,14.838720278064784,1.2,1.6,0.0,8.0,1
standard_peak,standard,peak,0.95,12,614012,S5,B3,poisson,gamma,456,456,456,0,391,391.0,4038.0,0.9221221519071305,0.04258479821738054,351.80426782796957,132.46001417792328,554.7075637145049,362.2660986386245,514.9083180691684,531.8107464897117,548.8024397578931,142.37005730165373,192.43902137746483,335.2301313106976,376.3072373776597,18.0,16.574136517272,1.0,0.0,180.0,129.8684210526316,0.636578947368421,0.8365789473684213,0.5885416666666666,16,21.6699678138153,36.0,16.01733102253033,27.0,0.0,0.0,5.0,0.09933333333333334,2,1.2083333333333335,0.0,0.0,0.0,0.0,0.0,45.0,0.2114236939948988,43,17.393644321660645,-56.04332608834545,14.032391799913057,1.2,1.6,0.0,8.0,1
standard_peak,standard,peak,0.95,13,614013,S0,B0,poisson,gamma,476,476,476,0,386,386.0,4663.0,0.8078692017772671,0.13807890222984562,450.49944583214955,270.4687390662794,1062.0850745336757,398.08876008695074,846.2331800139239,910.8442761564303,1032.194208276992,340.9259164203849,18.645998797301107,360.1013269823919,474.24672707430824,55.0,90.39811884975771,30.258403361344538,29.258403361344538,1800.0,1338.6554621848738,0.6392436974789916,0.8392436974789919,0.770920868347339,21,1.8527015437392795,10.0,34.742924528301884,79.0,0.5266666666666666,0.0,12.0,0.24000000000000005,3,1.8125000000000002,150.0,56.42857142857143,210.0,1.4,98.99,195.0,0.3401304438658417,109,24.9139712948475,58.78175930220175,12.692382276240835,1.2,1.6,0.0,8.0,1
standard_peak,standard,peak,0.95,13,614013,S3,B1,poisson,gamma,476,476,476,0,435,435.0,3956.0,0.9522117657541499,0.002190211439642827,269.9616307060992,118.12434015690573,474.1501822527657,305.3879103434513,388.02206195949543,420.31710981081153,460.2766518907673,77.56037020189751,171.41047514917256,249.50025711577595,293.7089119482578,22.0,20.46137359032325,1.0,0.0,360.0,267.7310924369748,0.6392436974789916,0.8392436974789919,4.746586134453784,21,20.560525650745515,36.0,9.269396007076068,24.0,0.16,0.0,12.0,0.2373333333333334,12,7.41666666666667,150.0,17.142857142857142,210.0,1.4,134.16,195.0,0.2389226576630452,175,20.988292363405606,18.586242310155455,19.406627290485915,1.2,1.6,0.0,8.0,1
standard_peak,standard,peak,0.95,13,614013,S5,B3,poisson,gamma,476,476,476,0,424,424.0,4040.0,0.9324182026946723,0.031262888723913224,352.47213490777983,120.24429191169233,563.3773659559265,391.87599027547026,464.3989376436625,503.01662300879036,542.7137784717298,145.56457188256977,190.09248195933063,336.1864656066063,376.2194161499385,18.0,16.285669301173574,1.0,0.0,180.0,133.8655462184874,0.6392436974789916,0.8392436974789919,0.5875350140056022,21,22.332096015837664,36.0,17.087107151695125,37.0,0.0,0.0,6.0,0.11066666666666668,2,1.1250000000000002,0.0,0.0,0.0,0.0,0.0,45.0,0.1793145867716801,46,14.80721185533946,-6.8594554483405545,17.599006207864818,1.2,1.6,0.0,8.0,1
standard_peak,standard,peak,0.95,14,614014,S0,B0,poisson,gamma,449,449,449,0,395,395.0,4328.0,0.8781036057939343,0.02533302533302533,214.79131280043043,161.04722602720483,522.6333359346954,125.27848961788209,459.58978378898183,481.0018934544743,499.5378918652276,123.74899654207854,27.66144332981824,151.78460468258717,240.18982399964162,55.0,63.00670811784323,11.46325167037862,10.46325167037862,1800.0,1359.0200445434298,0.6406013363028953,0.8406013363028955,0.7956106161841129,14,2.8168168168168166,10.0,12.782859782859783,42.0,0.28,0.0,12.0,0.2373333333333334,3,1.8958333333333337,150.0,30.000000000000004,210.0,1.4,122.94,195.0,0.4124964396602433,111,-8.061094194836585,183.76757729941545,28.755931644943075,1.2,1.6,0.0,8.0,1
standard_peak,standard,peak,0.95,14,614014,S3,B1,poisson,gamma,449,449,449,0,401,401.0,4215.0,0.9016391151522629,0.0036369386464263124,169.97171369129902,139.2781422977214,453.2034215005774,97.71998411116522,375.7382021094103,398.9882781267713,426.8121457139457,42.55523262225672,106.6363189800342,149.56571641298135,195.37022489051023,22.0,20.405997278317695,1.0,0.0,360.0,271.80400890868594,0.6406013363028953,0.8406013363028955,3.420425018559763,14,11.301470588235293,35.0,4.478415559772296,23.0,0.15333333333333332,0.0,12.0,0.23200000000000004,12,7.250000000000001,150.0,16.42857142857143,210.0,1.4,135.07,195.0,0.45263686516882573,138,-5.4568846788623375,175.6925362485123,21.926340051917066,1.2,1.6,0.0,8.0,1
standard_peak,standard,peak,0.95,14,614014,S5,B3,poisson,gamma,449,449,449,0,393,393.0,4339.0,0.8758779975764842,0.061981566820276494,279.78017694296943,146.06252593738478,523.2034215005774,193.83322911655728,489.27769774293586,501.69210298681753,517.0348867054348,134.0919809518781,129.0736697708682,263.53981553343675,305.1786881421806,18.0,16.24036140953266,1.0,0.0,180.0,135.90200445434297,0.6406013363028953,0.8406013363028955,0.5889476614699332,14,13.30115207373272,36.0,13.820506912442397,27.0,0.0,0.0,5.0,0.09666666666666668,2,1.2083333333333335,0.0,0.0,0.0,0.0,0.0,45.0,0.2890621837563603,36,-14.500808075726923,145.5145395325846,16.05160874071572,1.2,1.6,0.0,8.0,1
standard_peak,standard,peak,0.95,15,614015,S0,B0,poisson,gamma,446,446,446,0,429,429.0,3755.0,0.9211811877915389,0.006922257720979766,135.77968518626076,48.8685542704007,239.60248348844334,142.74766480340645,196.01221938399965,204.9236900214271,219.1460912052333,47.52632195756123,33.1719813493824,80.91354994371491,159.0529354643663,55.0,54.86613524254585,5.325112107623318,4.325112107623318,1800.0,1331.8385650224216,0.6387892376681614,0.8387892376681617,0.8199738415545591,8,3.8812566560170394,10.0,5.58359957401491,19.0,0.12666666666666668,0.0,12.0,0.22933333333333342,3,1.8125000000000002,150.0,13.571428571428573,210.0,1.4,137.87,195.0,0.2054531316392485,133,7.482044770032246,28.495705909929598,-11.400625452330672,1.2,1.6,0.0,8.0,1
standard_peak,standard,peak,0.95,15,614015,S3,B1,poisson,gamma,446,446,446,0,434,434.0,3720.0,0.9298458858761139,0.007076950640508824,106.59134437908587,54.4410450777338,252.04479605829079,107.07492529920296,179.45470962118065,195.12282555358667,223.42897209210471,32.86264482751638,52.803563840201384,85.88145530448907,129.8645946571914,22.0,20.709889074596813,1.0,0.0,360.0,266.3677130044843,0.6387892376681614,0.8387892376681617,4.162462630792228,8,6.27008868583714,16.0,3.8785272776135447,18.0,0.12,0.0,12.0,0.23466666666666672,12,7.333333333333335,150.0,12.857142857142858,210.0,1.4,138.18,195.0,0.29322824548336834,162,8.5282702439265,32.971128336964924,-11.120625452330685,1.2,1.6,0.0,8.0,1
standard_peak,standard,peak,0.95,15,614015,S5,B3,poisson,gamma,446,446,446,0,418,418.0,3839.0,0.9010303493085986,0.06597222222222222,215.73932644186615,61.57487498375995,320.89879942353264,229.00755211094167,280.8099732206557,289.0832290800537,302.89965471494537,119.92094079164193,79.11413886151006,199.2503262899233,239.0125767199717,18.0,16.489000151942847,1.0,0.0,180.0,133.18385650224215,0.6387892376681614,0.8387892376681617,0.5902466367713004,8,9.13046875,25.0,13.869791666666666,27.0,0.0,0.0,6.0,0.10800000000000001,2,1.2083333333333335,0.0,0.0,0.0,0.0,0.0,45.0,0.15275941458173303,51,4.829522876672371,14.321358751711472,-10.01688116009322,1.2,1.6,0.0,8.0,1
standard_peak,standard,peak,0.95,16,614016,S0,B0,poisson,gamma,478,478,478,0,334,334.0,5751.0,0.6897173808696956,0.25718590635141403,844.1876092245868,567.8363401896896,2192.00479847784,689.610279708398,1647.115972015511,1894.7310991506956,2113.8008051796687,708.2315422789801,14.36732656248378,723.0507516866521,869.0866952586608,55.0,121.13685753793466,51.09205020920502,50.09205020920502,1800.0,1359.4142259414225,0.6406276150627614,0.8406276150627616,0.7560146443514645,18,1.1519471488178026,11.0,58.81415159944367,132.0,0.88,0.0,12.0,0.2426666666666667,4,2.2500000000000004,150.0,94.28571428571429,210.0,1.4,66.71999999999998,195.0,0.38108544855596027,115,-74.06890078684967,-5.888419762983631,-14.022042128625344,1.2,1.6,0.0,8.0,1
standard_peak,standard,peak,0.95,16,614016,S3,B1,poisson,gamma,478,478,478,0,405,405.0,4119.0,0.9629258191171086,0.0014563106796116505,447.3047640363022,183.1564135752845,698.2598955595913,497.80910657922664,644.2190451043061,664.2744284502065,674.8480547685806,197.34242094006788,228.83710635721107,426.63141014246725,472.2038500703764,22.0,20.673353893834943,1.0,0.0,360.0,271.88284518828453,0.6406276150627614,0.8406276150627616,2.0384414225941425,18,26.48980582524272,36.0,22.838349514563106,48.0,0.32,0.0,12.0,0.22666666666666674,12,7.083333333333336,150.0,34.285714285714285,210.0,1.4,119.15999999999998,195.0,0.22172427617178925,113,-10.52204978838597,2.565328243396152,-9.427098860511308,1.2,1.6,0.0,8.0,1
standard_peak,standard,peak,0.95,16,614016,S5,B3,poisson,gamma,478,478,478,0,388,388.0,4235.0,0.9365567456946385,0.03147623544224111,558.6687807727039,191.35767416002577,818.2598955595913,610.7621006651561,759.8215212635836,779.5047929553926,791.359379666573,300.2963958354653,241.4613943607307,542.2096730413843,583.567866806778,18.0,16.4591077313195,1.0,0.0,180.0,135.94142259414227,0.6406276150627614,0.8406276150627616,0.588476290097629,18,27.190509915014164,36.0,33.830500472143534,60.0,0.0,0.0,5.0,0.09933333333333334,2,1.2083333333333335,0.0,0.0,0.0,0.0,0.0,45.0,0.1836459817434859,52,-12.071742568723835,4.470830635740413,-11.26020883996273,1.2,1.6,0.0,8.0,1
standard_peak,standard,peak,0.95,17,614017,S0,B0,poisson,gamma,456,456,456,0,426,426.0,3852.0,0.8117513577173641,0.01773509819188511,76.6178093783177,47.69167457097691,268.8725071579065,59.92180687505265,141.40011655463968,206.28731638436,242.88194284138817,12.63973920287911,13.601090632455112,26.39872457217633,97.19463820256115,55.0,50.21908480614138,1.969298245614035,0.9692982456140351,1800.0,1350.0,0.6400000000000001,0.8400000000000002,0.7588633040935673,6,1.5491824552296911,8.0,1.4349857254087723,16.0,0.10666666666666667,0.0,12.0,0.23200000000000004,3,1.8125000000000002,150.0,11.428571428571429,210.0,1.4,140.48,195.0,0.2768196877851381,132,1.7918270564834415,33.06599497664524,2.573653145816735,1.2,1.6,0.0,8.0,1
standard_peak,standard,peak,0.95,17,614017,S3,B1,poisson,gamma,456,456,456,0,425,425.0,3818.0,0.8189782616614306,0.016234616391725583,50.34807253621244,51.719019030001824,300.43521639723485,30.741045110913888,120.07508607733348,178.14817593372607,254.7457125769216,8.784476044984373,20.60826081438556,29.550631596212032,70.92490136045588,22.0,20.797440940000413,1.0,0.0,360.0,270.0,0.6400000000000001,0.8400000000000002,1.5561951754385965,6,2.4008902854150302,18.0,0.9874312647289867,16.0,0.10666666666666667,0.0,12.0,0.22400000000000003,12,7.000000000000002,150.0,11.428571428571429,210.0,1.4,140.48,195.0,0.42419224532982747,88,0.43136711111783654,22.771331403559408,4.05531266511462,1.2,1.6,0.0,8.0,1
standard_peak,standard,peak,0.95,17,614017,S5,B3,poisson,gamma,456,456,456,0,417,417.0,3945.0,0.7926198634782067,0.17173509038688967,161.48623043094926,55.250295423503715,360.0384981756788,147.87967588219266,231.74162563288996,300.11764388282745,332.8478375610771,120.74500236077384,24.022699836969363,144.92559693458531,182.06305925519274,18.0,16.560633496363973,1.0,0.0,180.0,135.0,0.6400000000000001,0.8400000000000002,0.6013340643274855,6,2.718702483527623,24.0,13.893816523061329,30.0,0.0,0.0,5.0,0.09933333333333334,2,1.2916666666666667,0.0,0.0,0.0,0.0,0.0,45.0,0.1581938026411276,48,0.02548438448039292,17.54673743604198,3.268018359739102,1.2,1.6,0.0,8.0,1
standard_peak,standard,peak,0.95,18,614018,S0,B0,poisson,gamma,441,441,441,0,431,431.0,3685.0,0.8992856632338867,0.010309278350515464,109.52043232446454,41.37504570967162,251.08062255586452,114.79179480586117,158.5569917864857,170.7742418450129,204.49272474344227,26.64741645144866,31.01867500642285,57.910989417055184,132.0698673903156,55.0,51.60944290740935,3.383219954648526,2.383219954648526,1800.0,1265.3061224489795,0.6343537414965986,0.8343537414965987,0.799555933484505,9,3.649484536082474,11.0,3.1264243081931635,13.0,0.08666666666666667,0.0,12.0,0.2346666666666667,3,1.8125000000000002,150.0,9.285714285714286,210.0,1.4,141.84,195.0,0.2140153757447445,114,5.716408667782986,5.640668493762604,-6.93003259828761,1.2,1.6,0.0,8.0,1
standard_peak,standard,peak,0.95,18,614018,S3,B1,poisson,gamma,441,441,441,0,435,435.0,3649.0,0.9081553300493441,0.007671232876712329,81.78120329952122,44.716020608234295,245.5906598045915,82.48553111096783,137.7883275786845,160.67677152885886,199.18845813071292,18.883244115847752,42.119551635222194,61.24769371025362,104.3306383653723,22.0,20.533509589267595,1.0,0.0,360.0,253.0612244897959,0.6343537414965986,0.8343537414965987,3.0629724111866974,9,5.027671232876712,15.0,2.219178082191781,12.0,0.08,0.0,12.0,0.224,12,7.0,150.0,8.571428571428571,210.0,1.4,142.32,195.0,0.3087340661764,151,7.116603599556882,-13.956521201787723,-6.1137060676753805,1.2,1.6,0.0,8.0,1
standard_peak,standard,peak,0.95,18,614018,S5,B3,poisson,gamma,441,441,441,0,424,424.0,3775.0,0.8778514180826555,0.09772245762711865,164.0669175852355,29.459713477921213,278.91034133692204,162.78636000762174,198.58806622332804,208.26034851394516,248.32515361581952,123.49322144011079,23.984108521994838,147.7222279212893,186.61635265108657,18.0,16.344689663946212,1.0,0.0,180.0,126.53061224489795,0.6343537414965986,0.8343537414965987,0.5921674225245654,9,2.7423199152542375,9.0,14.362552966101696,24.0,0.0,0.0,6.0,0.11600000000000002,2,1.2083333333333335,0.0,0.0,0.0,0.0,0.0,45.0,0.09159242126139144,38,3.96319229351397,-3.0384884149025027,-1.2279917819610375,1.2,1.6,0.0,8.0,1
standard_peak,standard,peak,0.95,19,614019,S0,B0,poisson,gamma,472,472,472,0,391,391.0,4488.0,0.8284672270981136,0.10596272369495804,314.5269132049489,263.1662096507659,897.122822121004,227.55571835729597,744.5497311278552,794.4912951258799,849.3633621720761,213.01843862867764,25.12861110973895,238.37586329773868,338.1645575848859,55.0,76.15104990721021,19.87923728813559,18.87923728813559,1800.0,1388.135593220339,0.6425423728813558,0.842542372881356,0.7403778248587571,9,2.591000222766763,10.0,22.34595678324794,69.0,0.46,0.0,12.0,0.23733333333333337,3,1.8958333333333337,150.0,49.28571428571429,210.0,1.4,105.44999999999999,195.0,0.4572193582000099,121,57.8319519153103,-41.40393683154849,27.51352890379684,1.2,1.6,0.0,8.0,1
standard_peak,standard,peak,0.95,19,614019,S3,B1,poisson,gamma,472,472,472,0,416,416.0,3933.0,0.9453455471386456,0.0036434502626673444,212.6286081202031,162.10669838063401,499.73265638540806,182.802187449734,459.95349314337835,476.3364833796523,491.0818584129776,67.84470981511835,123.7726224099973,191.84614578443765,236.26625250014015,22.0,20.782462335765434,1.0,0.0,360.0,277.6271186440678,0.6425423728813558,0.842542372881356,2.7868114406779667,9,14.790289781392984,36.0,8.08057956278597,27.0,0.18,0.0,12.0,0.23200000000000004,12,7.250000000000001,150.0,19.28571428571429,210.0,1.4,132.63,195.0,0.42978914562988546,130,39.7277835689425,-15.535480455709603,13.465735905318837,1.2,1.6,0.0,8.0,1
standard_peak,standard,peak,0.95,19,614019,S5,B3,poisson,gamma,472,472,472,0,401,401.0,4051.0,0.9178157409781421,0.04664363277393879,317.4273369337624,167.65279599425503,614.4478071949097,309.92220717699945,570.9642955058099,588.4251160512786,603.8031460433689,161.91674371342344,138.7334013862998,300.8789586590452,341.06498131369943,18.0,16.548378274717177,1.0,0.0,180.0,138.8135593220339,0.6425423728813558,0.842542372881356,0.5874823446327684,9,16.10414610069102,36.0,18.803307008884502,39.0,0.0,0.0,6.0,0.11333333333333334,2,1.1250000000000002,0.0,0.0,0.0,0.0,0.0,45.0,0.2994590790704794,45,40.604950383422874,-26.600267927745335,11.878292982944458,1.2,1.6,0.0,8.0,1
