scenario,load_regime,replication,seed,policy,s0_distance_m,s0_turns,s3_distance_m,s3_turns,throughput_per_hour,mean_movement_starts,mean_movement_stops,mean_movement_time_seconds,mean_wait_seconds,utilization,starvation_fraction_with_upstream_demand,mean_movement_distance_m,mean_turning_angle_degrees
configured_routes,0.85,0,730000,S0,55.0,10,22.0,2,371.0,1.2163588390501319,0.21635883905013192,49.34221879996717,74.00040420090887,0.7982451329818758,0.017141842081890044,55.0,1800.0
configured_routes,0.85,0,730000,S3,55.0,10,22.0,2,373.0,1.0,0.0,20.883399393337793,46.5413012985342,0.80295201931948,0.014920039310283214,22.0,360.0
configured_routes,0.85,1,730001,S0,55.0,10,22.0,2,389.0,2.463659147869674,1.463659147869674,50.20364759060416,91.26552559500145,0.8428302918974809,0.01001274349171673,55.0,1800.0
configured_routes,0.85,1,730001,S3,55.0,10,22.0,2,391.0,1.0,0.0,20.504536730477255,64.445976722821,0.8483904697439734,0.011728055708264615,22.0,360.0
configured_routes,0.85,2,730002,S0,55.0,10,22.0,2,372.0,1.0155844155844156,0.015584415584415584,48.30694558836482,62.12293301203759,0.7646277552038288,0.01551430364989687,55.0,1800.0
configured_routes,0.85,2,730002,S3,55.0,10,22.0,2,375.0,1.0,0.0,20.585739274306967,34.65799794710253,0.7710584281314793,0.02070898896726352,22.0,360.0
configured_routes,0.85,3,730003,S0,55.0,10,22.0,2,427.0,2.4727272727272727,1.4727272727272727,50.91719809857306,99.09022233193848,0.9163390938685808,0.0065323897659227,55.0,1800.0
configured_routes,0.85,3,730003,S3,55.0,10,22.0,2,431.0,1.0,0.0,20.784697421247408,70.16976778648393,0.9221117038819955,0.005934447183420067,22.0,360.0
configured_routes,0.85,4,730004,S0,55.0,10,22.0,2,410.0,1.2224824355971897,0.2224824355971897,49.32471202300299,71.6501321278882,0.816043855759621,0.017497113420374813,55.0,1800.0
configured_routes,0.85,4,730004,S3,55.0,10,22.0,2,412.0,1.0,0.0,20.87284499655483,43.626712924141124,0.8208556930222078,0.017064236576431698,22.0,360.0
configured_routes,0.85,5,730005,S0,55.0,10,22.0,2,371.0,2.5428571428571427,1.542857142857143,50.05797910751023,93.55326360198855,0.8064013580958996,0.0168314186481432,55.0,1800.0
configured_routes,0.85,5,730005,S3,55.0,10,22.0,2,374.0,1.0,0.0,20.40033450014695,65.04157529030024,0.8120420455617302,0.01174782530714734,22.0,360.0
configured_routes,0.85,6,730006,S0,55.0,10,22.0,2,421.0,1.9441860465116279,0.9441860465116279,49.75953888378321,83.87633890613733,0.8535884700298193,0.014422210203713719,55.0,1800.0
configured_routes,0.85,6,730006,S3,55.0,10,22.0,2,425.0,1.0,0.0,20.62818764653654,55.49959472009083,0.8603352854102676,0.01171981466339602,22.0,360.0
configured_routes,0.85,7,730007,S0,55.0,10,22.0,2,400.0,1.6368038740920097,0.6368038740920097,48.804942578386175,80.28594825303446,0.8377050326942053,0.01057197072377338,55.0,1800.0
configured_routes,0.85,7,730007,S3,55.0,10,22.0,2,406.0,1.0,0.0,20.424630784381105,49.69757052906352,0.8445733439762021,0.013027238771977772,22.0,360.0
configured_routes,0.85,8,730008,S0,55.0,10,22.0,2,386.0,2.0050125313283207,1.005012531328321,49.929924975491815,99.5705834808422,0.9066257518395577,0.008781459351801557,55.0,1800.0
configured_routes,0.85,8,730008,S3,55.0,10,22.0,2,390.0,1.0,0.0,20.6610627220263,72.30742558610537,0.9130733091557034,0.005835156819839533,22.0,360.0
configured_routes,0.85,9,730009,S0,55.0,10,22.0,2,374.0,3.8513853904282116,2.8513853904282116,52.731743904412504,103.570718629856,0.8111076018708175,0.01417685628211944,55.0,1800.0
configured_routes,0.85,9,730009,S3,55.0,10,22.0,2,380.0,1.0,0.0,20.710894035316645,76.58079419660663,0.8171898227739731,0.014640242813783254,22.0,360.0
configured_routes,0.85,10,730010,S0,55.0,10,22.0,2,435.0,4.295302013422819,3.295302013422819,52.504269152002756,113.82038044534411,0.9021977166583298,0.015131045663334234,55.0,1800.0
configured_routes,0.85,10,730010,S3,55.0,10,22.0,2,438.0,1.0,0.0,20.36243249301587,82.90539163102645,0.9085806120687017,0.009886621315192743,22.0,360.0
configured_routes,0.85,11,730011,S0,55.0,10,22.0,2,369.0,1.558746736292428,0.5587467362924282,49.35783195500936,86.2925043298728,0.8169714637347405,0.022077452044878754,55.0,1800.0
configured_routes,0.85,11,730011,S3,55.0,10,22.0,2,372.0,1.0,0.0,20.691059674954136,58.53793513927229,0.8241300307773232,0.01569916027747353,22.0,360.0
configured_routes,0.85,12,730012,S0,55.0,10,22.0,2,403.0,2.4121951219512194,1.4121951219512194,50.635429880234696,82.60656893210019,0.8081157916125556,0.011432172112701413,55.0,1800.0
configured_routes,0.85,12,730012,S3,55.0,10,22.0,2,404.0,1.0,0.0,20.707098781362177,53.91632502966117,0.8138299636500662,0.011059740730668116,22.0,360.0
configured_routes,0.85,13,730013,S0,55.0,10,22.0,2,367.0,1.3657894736842104,0.36578947368421055,49.32469459298053,71.93901734825985,0.7787155647435513,0.016472078921169336,55.0,1800.0
configured_routes,0.85,13,730013,S3,55.0,10,22.0,2,371.0,1.0,0.0,20.789719942455374,44.69954366404933,0.7842519619771666,0.019870567860723727,22.0,360.0
configured_routes,0.85,14,730014,S0,55.0,10,22.0,2,418.0,1.2635294117647058,0.2635294117647059,48.72435233945421,72.07219226277468,0.8244546489937531,0.00840122199592668,55.0,1800.0
configured_routes,0.85,14,730014,S3,55.0,10,22.0,2,420.0,1.0,0.0,20.608893876958156,44.97807461571586,0.8284619752487752,0.011852988829197579,22.0,360.0
configured_routes,0.85,15,730015,S0,55.0,10,22.0,2,387.0,1.5355329949238579,0.5355329949238579,48.720012503430674,77.61576181917776,0.823061324916273,0.010638297872340425,55.0,1800.0
configured_routes,0.85,15,730015,S3,55.0,10,22.0,2,389.0,1.0,0.0,20.449395864316433,52.82134557552295,0.8307661941473174,0.013582966226138032,22.0,360.0
configured_routes,0.85,16,730016,S0,55.0,10,22.0,2,373.0,1.0918635170603674,0.09186351706036745,48.63102339727104,68.85331928771208,0.7527578697585101,0.017094017094017096,55.0,1800.0
configured_routes,0.85,16,730016,S3,55.0,10,22.0,2,376.0,1.0,0.0,20.671128519013404,41.84544527196405,0.7604327226604297,0.020483145035363276,22.0,360.0
configured_routes,0.85,17,730017,S0,55.0,10,22.0,2,378.0,1.0841836734693877,0.08418367346938775,48.67645470785209,63.71237646983676,0.765524837401541,0.018683194107608013,55.0,1800.0
configured_routes,0.85,17,730017,S3,55.0,10,22.0,2,379.0,1.0,0.0,20.693755352528587,36.40880504126533,0.7702989890447719,0.017082429501084597,22.0,360.0
configured_routes,0.85,18,730018,S0,55.0,10,22.0,2,357.0,1.318801089918256,0.3188010899182561,48.14699406825277,76.74272103002792,0.7812414420163377,0.01887648606951629,55.0,1800.0
configured_routes,0.85,18,730018,S3,55.0,10,22.0,2,361.0,1.0,0.0,20.345892995148525,48.415745553188685,0.7881076123389201,0.0165705392291495,22.0,360.0
configured_routes,0.85,19,730019,S0,55.0,10,22.0,2,390.0,1.0769230769230769,0.07692307692307693,48.10973730716877,66.77026019337178,0.8050922569273844,0.02186379928315412,55.0,1800.0
configured_routes,0.85,19,730019,S3,55.0,10,22.0,2,393.0,1.0,0.0,20.471279538252126,38.581674585431344,0.8101009455693454,0.016950680732125148,22.0,360.0
configured_routes,0.85,20,730020,S0,55.0,10,22.0,2,391.0,1.0099750623441397,0.00997506234413965,48.158492848296696,60.26551467877848,0.7856663546962179,0.013494191242180518,55.0,1800.0
configured_routes,0.85,20,730020,S3,55.0,10,22.0,2,395.0,1.0,0.0,20.529611603159083,31.647060813441808,0.7916087258284418,0.02088960922024131,22.0,360.0
configured_routes,0.85,21,730021,S0,55.0,10,22.0,2,364.0,1.1059782608695652,0.10597826086956522,48.21741140265292,67.31485915772403,0.7812215991847175,0.009782409946973852,55.0,1800.0
configured_routes,0.85,21,730021,S3,55.0,10,22.0,2,365.0,1.0,0.0,20.497497169756823,40.42627220120228,0.7870500001733849,0.011329096435479415,22.0,360.0
configured_routes,0.85,22,730022,S0,55.0,10,22.0,2,396.0,2.1265508684863526,1.1265508684863523,49.254855448844026,86.84363609165109,0.8153051317892488,0.020433882437663156,55.0,1800.0
configured_routes,0.85,22,730022,S3,55.0,10,22.0,2,397.0,1.0,0.0,20.320542675815524,59.250583982469955,0.8197325286493587,0.016743596705584216,22.0,360.0
configured_routes,0.85,23,730023,S0,55.0,10,22.0,2,379.0,1.1285347043701799,0.12853470437017994,49.10820914104559,67.39561304794493,0.7526315863577379,0.025558534405719393,55.0,1800.0
configured_routes,0.85,23,730023,S3,55.0,10,22.0,2,381.0,1.0,0.0,20.84073352788353,39.51129428187808,0.7583240997067432,0.022420313344138302,22.0,360.0
configured_routes,0.85,24,730024,S0,55.0,10,22.0,2,391.0,1.2080200501253133,0.20802005012531327,48.90467282759601,72.40859198703289,0.8024545249376053,0.016246953696181964,55.0,1800.0
configured_routes,0.85,24,730024,S3,55.0,10,22.0,2,396.0,1.0,0.0,20.713217501965726,44.07525865369957,0.8096897706542558,0.015846994535519125,22.0,360.0
configured_routes,0.85,25,730025,S0,55.0,10,22.0,2,399.0,1.1291866028708133,0.1291866028708134,48.009884385967844,66.63372425432266,0.8092212381377869,0.016503397758362015,55.0,1800.0
configured_routes,0.85,25,730025,S3,55.0,10,22.0,2,400.0,1.0,0.0,20.401025524722062,38.66960942178676,0.8154825550817559,0.01591960156527926,22.0,360.0
configured_routes,0.85,26,730026,S0,55.0,10,22.0,2,377.0,4.26044226044226,3.2604422604422605,52.897617642442135,121.43193364744289,0.8431271750132738,0.01686021505376344,55.0,1800.0
configured_routes,0.85,26,730026,S3,55.0,10,22.0,2,383.0,1.0,0.0,20.539990545920347,90.73660195211119,0.8534790499415977,0.012974573319400906,22.0,360.0
configured_routes,0.85,27,730027,S0,55.0,10,22.0,2,411.0,2.2071428571428573,1.207142857142857,50.23367863415326,89.46559456186549,0.8355795015206589,0.011817107535678575,55.0,1800.0
configured_routes,0.85,27,730027,S3,55.0,10,22.0,2,413.0,1.0,0.0,20.66532859651845,62.54892789519884,0.8413152202296145,0.012081274025260845,22.0,360.0
configured_routes,0.85,28,730028,S0,55.0,10,22.0,2,388.0,1.0962025316455697,0.09620253164556962,47.544489600800745,68.23258256204316,0.8097817796100346,0.017038245423237265,55.0,1800.0
configured_routes,0.85,28,730028,S3,55.0,10,22.0,2,393.0,1.0,0.0,20.23399837196587,40.627519270903925,0.8157703055069042,0.016890349675887886,22.0,360.0
configured_routes,0.85,29,730029,S0,55.0,10,22.0,2,395.0,1.0348258706467661,0.03482587064676617,47.87079122583113,58.894264452915635,0.7457995557179568,0.026655749636098982,55.0,1800.0
configured_routes,0.85,29,730029,S3,55.0,10,22.0,2,396.0,1.0,0.0,20.400117485357327,31.37685151759225,0.7509232130119795,0.029220481817349087,22.0,360.0
configured_routes,0.85,30,730030,S0,55.0,10,22.0,2,400.0,1.210144927536232,0.21014492753623187,48.75268817791152,73.55783194336203,0.8744732522707257,0.014754835807467387,55.0,1800.0
configured_routes,0.85,30,730030,S3,55.0,10,22.0,2,402.0,1.0,0.0,20.65119121319359,46.760730494086665,0.8813719803218277,0.011244105912223431,22.0,360.0
configured_routes,0.85,31,730031,S0,55.0,10,22.0,2,375.0,1.0442708333333333,0.044270833333333336,47.939975960494,59.882029206693765,0.7551162693085172,0.019740400216333154,55.0,1800.0
configured_routes,0.85,31,730031,S3,55.0,10,22.0,2,377.0,1.0,0.0,20.42231330086427,32.84557087336043,0.7629562742904088,0.019672131147540985,22.0,360.0
configured_routes,0.85,32,730032,S0,55.0,10,22.0,2,399.0,1.9926108374384237,0.9926108374384236,50.12991017209779,83.20754550594008,0.8298246622094384,0.012573496155585707,55.0,1800.0
configured_routes,0.85,32,730032,S3,55.0,10,22.0,2,401.0,1.0,0.0,20.74824978312483,54.59670806751644,0.8357212025804265,0.012845039628313747,22.0,360.0
configured_routes,0.85,33,730033,S0,55.0,10,22.0,2,374.0,1.4817708333333333,0.4817708333333333,50.00524800027775,74.02386929029873,0.7852719633604743,0.017715998909784682,55.0,1800.0
configured_routes,0.85,33,730033,S3,55.0,10,22.0,2,376.0,1.0,0.0,20.99467211677777,47.95095262363207,0.7913108578878273,0.019317037443925662,22.0,360.0
configured_routes,0.85,34,730034,S0,55.0,10,22.0,2,413.0,6.5874125874125875,5.5874125874125875,56.95288849722501,149.32737124154556,0.9183811723535553,0.008259269234222103,55.0,1800.0
configured_routes,0.85,34,730034,S3,55.0,10,22.0,2,418.0,1.0,0.0,20.812456098190697,118.9101218242962,0.9304090840242157,0.0016371077762619372,22.0,360.0
configured_routes,0.85,35,730035,S0,55.0,10,22.0,2,394.0,1.234256926952141,0.23425692695214106,48.3198706761632,70.39417340773281,0.7901934948460055,0.018759401822847535,55.0,1800.0
configured_routes,0.85,35,730035,S3,55.0,10,22.0,2,394.0,1.0,0.0,20.46407925283304,43.477296833425505,0.7969635595943515,0.01820615796519411,22.0,360.0
configured_routes,0.85,36,730036,S0,55.0,10,22.0,2,381.0,1.1266149870801034,0.12661498708010335,48.66621061522405,66.26443108357738,0.7481147822732538,0.018528561099060016,55.0,1800.0
configured_routes,0.85,36,730036,S3,55.0,10,22.0,2,384.0,1.0,0.0,20.665047553583165,38.81998663913292,0.7567326706044323,0.021301883342475774,22.0,360.0
configured_routes,0.85,37,730037,S0,55.0,10,22.0,2,392.0,1.434889434889435,0.4348894348894349,50.12582791566012,71.44589079122011,0.7919688152241338,0.022701072980402588,55.0,1800.0
configured_routes,0.85,37,730037,S3,55.0,10,22.0,2,396.0,1.0,0.0,21.070095294028174,41.15596450129382,0.797698493147781,0.014022865309038943,22.0,360.0
configured_routes,0.85,38,730038,S0,55.0,10,22.0,2,369.0,1.0392670157068062,0.03926701570680628,48.01540765594724,61.84472054684133,0.7406983960727356,0.028950434704669716,55.0,1800.0
configured_routes,0.85,38,730038,S3,55.0,10,22.0,2,372.0,1.0,0.0,20.45538819326895,34.13006086097745,0.7434972564087728,0.022402159244264506,22.0,360.0
configured_routes,0.85,39,730039,S0,55.0,10,22.0,2,405.0,5.130120481927711,4.130120481927711,54.176244182577456,130.05753069250224,0.9051089085549345,0.009370451237263464,55.0,1800.0
configured_routes,0.85,39,730039,S3,55.0,10,22.0,2,409.0,1.0,0.0,20.547027793512914,98.9804222587673,0.9118281663308441,0.0056823389240216295,22.0,360.0
configured_routes,0.85,40,730040,S0,55.0,10,22.0,2,391.0,4.62155388471178,3.6215538847117794,53.109092919497506,121.37394764290045,0.8419488451869787,0.012987012987012988,55.0,1800.0
configured_routes,0.85,40,730040,S3,55.0,10,22.0,2,392.0,1.0,0.0,20.415135914666173,89.44412308149694,0.8497659562564376,0.011014017840888403,22.0,360.0
configured_routes,0.85,41,730041,S0,55.0,10,22.0,2,359.0,1.032258064516129,0.03225806451612903,48.0235784155537,60.87257564887188,0.7245562830662539,0.020788141720896602,55.0,1800.0
configured_routes,0.85,41,730041,S3,55.0,10,22.0,2,364.0,1.0,0.0,20.462721688802127,34.08762941231274,0.729899910392883,0.023126650277701902,22.0,360.0
configured_routes,0.85,42,730042,S0,55.0,10,22.0,2,376.0,1.1142857142857143,0.11428571428571428,48.80186279186128,67.04940984604042,0.7879055120516512,0.013601741022850925,55.0,1800.0
configured_routes,0.85,42,730042,S3,55.0,10,22.0,2,379.0,1.0,0.0,20.7264594024588,37.96889036552094,0.7939530324292406,0.009777046783625731,22.0,360.0
configured_routes,0.85,43,730043,S0,55.0,10,22.0,2,421.0,1.432183908045977,0.432183908045977,49.6548919070158,77.21239028292126,0.8528121944802952,0.017027027027027027,55.0,1800.0
configured_routes,0.85,43,730043,S3,55.0,10,22.0,2,424.0,1.0,0.0,20.883290096139657,47.60779258177183,0.8586136379801609,0.015147392290249433,22.0,360.0
configured_routes,0.85,44,730044,S0,55.0,10,22.0,2,407.0,1.11244019138756,0.11244019138755981,48.2273176287352,64.72189453354598,0.7827197184618397,0.017476788640087382,55.0,1800.0
configured_routes,0.85,44,730044,S3,55.0,10,22.0,2,412.0,1.0,0.0,20.497711740489297,37.351081136416795,0.7898373130358934,0.01837053366400294,22.0,360.0
configured_routes,0.85,45,730045,S0,55.0,10,22.0,2,395.0,3.4841849148418493,2.4841849148418493,51.436535164706726,109.5792489645885,0.893047999913428,0.011281224818694601,55.0,1800.0
configured_routes,0.85,45,730045,S3,55.0,10,22.0,2,398.0,1.0,0.0,20.405786815274418,79.18995456069555,0.8998153460562094,0.009201623815967524,22.0,360.0
configured_routes,0.85,46,730046,S0,55.0,10,22.0,2,381.0,1.4005102040816326,0.4005102040816326,49.32283692347601,72.48358557916725,0.7822791317682244,0.019895098571170194,55.0,1800.0
configured_routes,0.85,46,730046,S3,55.0,10,22.0,2,383.0,1.0,0.0,20.768838851023062,44.917259048555,0.7882670529517974,0.016493530162201567,22.0,360.0
configured_routes,0.85,47,730047,S0,55.0,10,22.0,2,391.0,1.8104738154613467,0.8104738154613467,49.647215662090304,75.99461535300705,0.7839131643357744,0.022714981070849107,55.0,1800.0
configured_routes,0.85,47,730047,S3,55.0,10,22.0,2,395.0,1.0,0.0,20.660811451868547,47.820051761984594,0.7920521534736871,0.01621129326047359,22.0,360.0
configured_routes,0.85,48,730048,S0,55.0,10,22.0,2,353.0,2.602094240837696,1.6020942408376964,51.23104508683894,98.94110550241223,0.8265167290786,0.0115698133052853,55.0,1800.0
configured_routes,0.85,48,730048,S3,55.0,10,22.0,2,354.0,1.0,0.0,20.835203375049712,70.06414215162688,0.8384217446481504,0.007557570907797635,22.0,360.0
configured_routes,0.85,49,730049,S0,55.0,10,22.0,2,348.0,1.0817438692098094,0.08174386920980926,48.09506960096302,65.7702327713792,0.7702178564924446,0.01424802110817942,55.0,1800.0
configured_routes,0.85,49,730049,S3,55.0,10,22.0,2,351.0,1.0,0.0,20.46261639624352,38.623093806801556,0.7736882258431927,0.016255852990546868,22.0,360.0
configured_routes,0.95,0,730000,S0,55.0,10,22.0,2,392.0,2.0497630331753554,1.0497630331753554,50.18166436264618,87.2635975479902,0.8735216746971148,0.012149613815846567,55.0,1800.0
configured_routes,0.95,0,730000,S3,55.0,10,22.0,2,396.0,1.0,0.0,20.735803185816767,59.332317927137126,0.8787838534603504,0.010825912345032303,22.0,360.0
configured_routes,0.95,1,730001,S0,55.0,10,22.0,2,437.0,8.247787610619469,7.247787610619469,58.65291141082762,165.40589062050006,0.9235665883106726,0.009166891345376111,55.0,1800.0
configured_routes,0.95,1,730001,S3,55.0,10,22.0,2,440.0,1.0,0.0,20.52944775017176,127.12270477979209,0.9278191971950934,0.003340556157457566,22.0,360.0
configured_routes,0.95,2,730002,S0,55.0,10,22.0,2,399.0,1.4358353510895885,0.4358353510895884,48.59832083128852,81.76110693021091,0.8497899794283965,0.010599119734123776,55.0,1800.0
configured_routes,0.95,2,730002,S3,55.0,10,22.0,2,403.0,1.0,0.0,20.458543828883446,52.29621588904869,0.8616313152073168,0.010837887067395264,22.0,360.0
configured_routes,0.95,3,730003,S0,55.0,10,22.0,2,441.0,12.974842767295597,11.974842767295597,66.12444961458765,208.7077120143534,0.9263477537828513,0.02617397998460354,55.0,1800.0
configured_routes,0.95,3,730003,S3,55.0,10,22.0,2,455.0,1.0,0.0,20.77637104080361,160.39534304160708,0.9590800203219372,0.0028338646829613886,22.0,360.0
configured_routes,0.95,4,730004,S0,55.0,10,22.0,2,433.0,2.108459869848156,1.1084598698481563,50.5568294487959,88.69432316307069,0.8746352724260889,0.012563697065542084,55.0,1800.0
configured_routes,0.95,4,730004,S3,55.0,10,22.0,2,438.0,1.0,0.0,20.851825055006433,60.40365071187764,0.8813721709387997,0.01133244798583444,22.0,360.0
configured_routes,0.95,5,730005,S0,55.0,10,22.0,2,396.0,4.570754716981132,3.5707547169811322,53.12522423050395,122.89385837138697,0.8133682057232963,0.013734812466983624,55.0,1800.0
configured_routes,0.95,5,730005,S3,55.0,10,22.0,2,399.0,1.0,0.0,20.45105195635253,93.06602818270773,0.818370698104738,0.01070615034168565,22.0,360.0
configured_routes,0.95,6,730006,S0,55.0,10,22.0,2,453.0,9.765327695560254,8.765327695560254,61.01594688249887,167.52130221777435,0.9081915138236807,0.02929320075248589,55.0,1800.0
configured_routes,0.95,6,730006,S3,55.0,10,22.0,2,463.0,1.0,0.0,20.594488689574604,111.71791955392655,0.924844177049238,0.0049261083743842365,22.0,360.0
configured_routes,0.95,7,730007,S0,55.0,10,22.0,2,441.0,4.730263157894737,3.7302631578947367,53.39521515137558,123.56208040376347,0.9218041927747475,0.007600143061516452,55.0,1800.0
configured_routes,0.95,7,730007,S3,55.0,10,22.0,2,444.0,1.0,0.0,20.46653342897129,91.00506285990382,0.930792532682627,0.00577825929938606,22.0,360.0
configured_routes,0.95,8,730008,S0,55.0,10,22.0,2,407.0,12.82819383259912,11.82819383259912,65.67971724766046,226.79234364191112,0.9270135229121247,0.03889721805763785,55.0,1800.0
configured_routes,0.95,8,730008,S3,55.0,10,22.0,2,419.0,1.0,0.0,20.683534476156698,183.70423791503885,0.9658703771659263,0.004165581879718824,22.0,360.0
configured_routes,0.95,9,730009,S0,55.0,10,22.0,2,415.0,6.104308390022676,5.104308390022676,55.97170754864769,131.3564876529609,0.8499572294882378,0.017641351327511687,55.0,1800.0
configured_routes,0.95,9,730009,S3,55.0,10,22.0,2,422.0,1.0,0.0,20.700184153245928,101.49934479581803,0.8648326252654955,0.005833782085801472,22.0,360.0
configured_routes,0.95,10,730010,S0,55.0,10,22.0,2,451.0,6.479591836734694,5.479591836734694,56.32346295000986,143.76108606415875,0.9266451699293851,0.011216350947158525,55.0,1800.0
configured_routes,0.95,10,730010,S3,55.0,10,22.0,2,455.0,1.0,0.0,20.623221914697822,110.81414728864854,0.9376293623598217,0.004203446826397646,22.0,360.0
configured_routes,0.95,11,730011,S0,55.0,10,22.0,2,423.0,5.041284403669724,4.041284403669724,54.45554213094808,122.357466944119,0.8768721211465339,0.023088023088023088,55.0,1800.0
configured_routes,0.95,11,730011,S3,55.0,10,22.0,2,427.0,1.0,0.0,20.7102718982508,88.90104492577036,0.8830842942118772,0.012988192552225249,22.0,360.0
configured_routes,0.95,12,730012,S0,55.0,10,22.0,2,427.0,2.794582392776524,1.7945823927765236,50.965587508280414,90.68104558876188,0.8776767982448392,0.007175126229072549,55.0,1800.0
configured_routes,0.95,12,730012,S3,55.0,10,22.0,2,429.0,1.0,0.0,20.617377215501783,62.419194572960535,0.8863923220062614,0.007604222580067991,22.0,360.0
configured_routes,0.95,13,730013,S0,55.0,10,22.0,2,419.0,3.7346938775510203,2.7346938775510203,53.187567729935566,110.96604560429348,0.9063212706405013,0.009561752988047808,55.0,1800.0
configured_routes,0.95,13,730013,S3,55.0,10,22.0,2,424.0,1.0,0.0,20.96090464299463,81.06581884692386,0.9099465557230634,0.009333333333333334,22.0,360.0
configured_routes,0.95,14,730014,S0,55.0,10,22.0,2,436.0,4.103896103896104,3.103896103896104,52.44933930432451,122.0678210173314,0.9387964620136878,0.007471870604781997,55.0,1800.0
configured_routes,0.95,14,730014,S3,55.0,10,22.0,2,439.0,1.0,0.0,20.451475981470068,93.3816738311842,0.9440244454934776,0.005392026871740475,22.0,360.0
configured_routes,0.95,15,730015,S0,55.0,10,22.0,2,424.0,4.590277777777778,3.5902777777777777,53.19181942137869,118.17730755026763,0.8864861494337809,0.005793952562013398,55.0,1800.0
configured_routes,0.95,15,730015,S3,55.0,10,22.0,2,427.0,1.0,0.0,20.466366657440364,94.53841866137874,0.8903551560870653,0.006819421713038734,22.0,360.0
configured_routes,0.95,16,730016,S0,55.0,10,22.0,2,418.0,2.938534278959811,1.9385342789598108,51.71329018449481,92.08884587348189,0.8095760388445105,0.014820876523004182,55.0,1800.0
configured_routes,0.95,16,730016,S3,55.0,10,22.0,2,420.0,1.0,0.0,20.832966192001237,63.70586715007764,0.8151347867080407,0.01803533827703012,22.0,360.0
configured_routes,0.95,17,730017,S0,55.0,10,22.0,2,415.0,1.6604651162790698,0.6604651162790698,49.4517000857891,80.59334741890034,0.8421160728463892,0.008537790958928732,55.0,1800.0
configured_routes,0.95,17,730017,S3,55.0,10,22.0,2,421.0,1.0,0.0,20.66961026687378,51.33055672122592,0.8478307584655965,0.013481722765110388,22.0,360.0
configured_routes,0.95,18,730018,S0,55.0,10,22.0,2,394.0,1.5073529411764706,0.5073529411764706,48.45523153487043,86.06874851812562,0.8610799842951642,0.01265597147950089,55.0,1800.0
configured_routes,0.95,18,730018,S3,55.0,10,22.0,2,395.0,1.0,0.0,20.359827908065824,58.93394459655699,0.8668746006093981,0.01417676087931808,22.0,360.0
configured_routes,0.95,19,730019,S0,55.0,10,22.0,2,424.0,1.7006802721088434,0.7006802721088435,48.93087975022316,81.53622964794562,0.8575183175529056,0.015682081439900204,55.0,1800.0
configured_routes,0.95,19,730019,S3,55.0,10,22.0,2,430.0,1.0,0.0,20.437957342266138,51.72443826472565,0.8635197916461427,0.012023328847016599,22.0,360.0
configured_routes,0.95,20,730020,S0,55.0,10,22.0,2,409.0,1.7568181818181818,0.7568181818181818,49.224952149123844,83.551113063954,0.8741899279284293,0.009632446134347276,55.0,1800.0
configured_routes,0.95,20,730020,S3,55.0,10,22.0,2,413.0,1.0,0.0,20.523026314194993,56.251113063954,0.878868314392878,0.009938837920489297,22.0,360.0
configured_routes,0.95,21,730021,S0,55.0,10,22.0,2,409.0,2.571759259259259,1.5717592592592593,50.51149696631554,92.02568612896903,0.871439358024894,0.013431656570977087,55.0,1800.0
configured_routes,0.95,21,730021,S3,55.0,10,22.0,2,413.0,1.0,0.0,20.564978416155842,63.599760203043104,0.8793131125220629,0.012578616352201259,22.0,360.0
configured_routes,0.95,22,730022,S0,55.0,10,22.0,2,439.0,3.5580357142857144,2.5580357142857144,51.61254884575576,105.51728374018259,0.8962938961240888,0.013459801264679314,55.0,1800.0
configured_routes,0.95,22,730022,S3,55.0,10,22.0,2,441.0,1.0,0.0,20.43335882401659,73.84764088303973,0.9076082537590252,0.013172338090010977,22.0,360.0
configured_routes,0.95,23,730023,S0,55.0,10,22.0,2,433.0,2.0,1.0,50.00083769485193,85.3706717815013,0.8607045272366686,0.017401496709043368,55.0,1800.0
configured_routes,0.95,23,730023,S3,55.0,10,22.0,2,436.0,1.0,0.0,20.692335077940776,54.99112632695584,0.8670366858839138,0.009900090826521345,22.0,360.0
configured_routes,0.95,24,730024,S0,55.0,10,22.0,2,428.0,2.7886363636363636,1.7886363636363636,50.96933362336872,99.9564190872666,0.8949262543879777,0.007065217391304348,55.0,1800.0
configured_routes,0.95,24,730024,S3,55.0,10,22.0,2,431.0,1.0,0.0,20.622324358438394,75.65869181453931,0.9000624804995239,0.0073790653183930036,22.0,360.0
configured_routes,0.95,25,730025,S0,55.0,10,22.0,2,447.0,4.847280334728033,3.8472803347280333,53.7102656156293,118.11069114773993,0.8949851948405891,0.013867355727820845,55.0,1800.0
configured_routes,0.95,25,730025,S3,55.0,10,22.0,2,452.0,1.0,0.0,20.52468365210946,87.13579575025038,0.9121919157316514,0.006057413747695549,22.0,360.0
configured_routes,0.95,26,730026,S0,55.0,10,22.0,2,389.0,12.216035634743875,11.216035634743875,64.33367839072903,228.1960267842711,0.8651849077984923,0.043284886029703755,55.0,1800.0
configured_routes,0.95,26,730026,S3,55.0,10,22.0,2,398.0,1.0,0.0,20.500170688140162,183.7639555147834,0.8994751196507978,0.009660639088432003,22.0,360.0
configured_routes,0.95,27,730027,S0,55.0,10,22.0,2,461.0,5.7690721649484535,4.7690721649484535,55.16873524107071,131.96628869911993,0.9266979118686705,0.010436013089236756,55.0,1800.0
configured_routes,0.95,27,730027,S3,55.0,10,22.0,2,467.0,1.0,0.0,20.57343224075818,102.93536086406837,0.9376441422370521,0.0071588366890380315,22.0,360.0
configured_routes,0.95,28,730028,S0,55.0,10,22.0,2,422.0,4.325688073394495,3.3256880733944953,52.527741603128185,116.26076992067085,0.8870822676920231,0.01395973154362416,55.0,1800.0
configured_routes,0.95,28,730028,S3,55.0,10,22.0,2,424.0,1.0,0.0,20.35419755868247,81.89609102158829,0.8930760667980504,0.009369369369369369,22.0,360.0
configured_routes,0.95,29,730029,S0,55.0,10,22.0,2,429.0,2.541202672605791,1.5412026726057906,49.86374014677004,87.43489579585535,0.8495712490142945,0.018717535375246282,55.0,1800.0
configured_routes,0.95,29,730029,S3,55.0,10,22.0,2,436.0,1.0,0.0,20.323598508596657,59.30349267781525,0.8604365139676746,0.017142857142857144,22.0,360.0
configured_routes,0.95,30,730030,S0,55.0,10,22.0,2,440.0,1.7639198218262806,0.7639198218262806,49.50630377027717,91.69434965500216,0.9381338676530618,0.0067156729285779105,55.0,1800.0
configured_routes,0.95,30,730030,S3,55.0,10,22.0,2,443.0,1.0,0.0,20.63144801145163,63.67875945455672,0.9448219621304349,0.003198976327575176,22.0,360.0
configured_routes,0.95,31,730031,S0,55.0,10,22.0,2,419.0,1.5,0.5,48.71156926913579,75.51567136328805,0.8468060730565546,0.012644605864944848,55.0,1800.0
configured_routes,0.95,31,730031,S3,55.0,10,22.0,2,425.0,1.0,0.0,20.466627707654315,48.36658879448073,0.8523092806799929,0.01236573697987183,22.0,360.0
configured_routes,0.95,32,730032,S0,55.0,10,22.0,2,444.0,5.964912280701754,4.964912280701754,55.73502030689105,128.3942175639772,0.9048066555219594,0.013829407566024268,55.0,1800.0
configured_routes,0.95,32,730032,S3,55.0,10,22.0,2,450.0,1.0,0.0,20.686358999949405,92.18149826573162,0.9138571681616762,0.008110300081103,22.0,360.0
configured_routes,0.95,33,730033,S0,55.0,10,22.0,2,422.0,2.2972350230414746,1.2972350230414746,50.482691877206896,85.29650074662392,0.8734999949890143,0.01100884316910305,55.0,1800.0
configured_routes,0.95,33,730033,S3,55.0,10,22.0,2,426.0,1.0,0.0,20.712680437518706,59.462399364135464,0.8808924328390438,0.011375011375011375,22.0,360.0
configured_routes,0.95,34,730034,S0,55.0,10,22.0,2,395.0,22.107526881720432,21.107526881720432,79.13443228468907,323.3638292208208,0.8555943779756834,0.08415997480711698,55.0,1800.0
configured_routes,0.95,34,730034,S3,55.0,10,22.0,2,436.0,1.0,0.0,20.683407322477777,198.81114104877778,0.9523098307962785,0.0007010164738871364,22.0,360.0
configured_routes,0.95,35,730035,S0,55.0,10,22.0,2,444.0,1.4659340659340658,0.46593406593406594,48.83639052056189,80.02367407682969,0.9040986559899051,0.010854816824966078,55.0,1800.0
configured_routes,0.95,35,730035,S3,55.0,10,22.0,2,448.0,1.0,0.0,20.536314449983,51.26763012078573,0.9105229700253622,0.008198961464881116,22.0,360.0
configured_routes,0.95,36,730036,S0,55.0,10,22.0,2,434.0,2.505643340857788,1.5056433408577878,50.52203950935663,91.82964934747206,0.8643316730664715,0.012073347857661584,55.0,1800.0
configured_routes,0.95,36,730036,S3,55.0,10,22.0,2,437.0,1.0,0.0,20.607542666045134,62.21565386214475,0.8728894124037633,0.01485148514851485,22.0,360.0
configured_routes,0.95,37,730037,S0,55.0,10,22.0,2,442.0,6.481561822125814,5.481561822125814,57.35417963427281,140.73365198680926,0.9034807837760799,0.013179128563743949,55.0,1800.0
configured_routes,0.95,37,730037,S3,55.0,10,22.0,2,447.0,1.0,0.0,21.034365996876154,108.70979081544266,0.9157964978406389,0.007542711741185024,22.0,360.0
configured_routes,0.95,38,730038,S0,55.0,10,22.0,2,418.0,2.3789237668161434,1.3789237668161436,50.20226035645546,91.0704130705444,0.8718546117416895,0.014323927862628354,55.0,1800.0
configured_routes,0.95,38,730038,S3,55.0,10,22.0,2,424.0,1.0,0.0,20.55312835782882,63.28117540238297,0.8828242110506282,0.014416775884665793,22.0,360.0
configured_routes,0.95,39,730039,S0,55.0,10,22.0,2,400.0,22.027542372881356,21.027542372881356,78.62739547282365,324.78635366633387,0.8716535622883909,0.07654090979661543,55.0,1800.0
configured_routes,0.95,39,730039,S3,55.0,10,22.0,2,427.0,1.0,0.0,20.52698361285828,231.6444045137915,0.9506935220894972,0.003556007112014224,22.0,360.0
configured_routes,0.95,40,730040,S0,55.0,10,22.0,2,424.0,7.940366972477064,6.940366972477064,58.14342531901926,163.52835337332164,0.90938919329095,0.010363161214742723,55.0,1800.0
configured_routes,0.95,40,730040,S3,55.0,10,22.0,2,428.0,1.0,0.0,20.50395728357101,128.26688548341335,0.9178255459708661,0.006093678944974989,22.0,360.0
configured_routes,0.95,41,730041,S0,55.0,10,22.0,2,410.0,1.288056206088993,0.28805620608899296,48.74451099381829,74.90887283828275,0.8526781159246217,0.010228802153432033,55.0,1800.0
configured_routes,0.95,41,730041,S3,55.0,10,22.0,2,414.0,1.0,0.0,20.602731797995702,49.87374403266213,0.8584550679295311,0.01102077687443541,22.0,360.0
configured_routes,0.95,42,730042,S0,55.0,10,22.0,2,423.0,2.772935779816514,1.7729357798165137,50.744264685473816,95.98612534389144,0.8771278324042274,0.011756194610236933,55.0,1800.0
configured_routes,0.95,42,730042,S3,55.0,10,22.0,2,427.0,1.0,0.0,20.54140312189595,68.34162993104741,0.8843252708539339,0.007202771699489424,22.0,360.0
configured_routes,0.95,43,730043,S0,55.0,10,22.0,2,465.0,7.201698513800425,6.201698513800425,58.06926592065958,146.30694098429007,0.9338332511636159,0.018945634266886325,55.0,1800.0
configured_routes,0.95,43,730043,S3,55.0,10,22.0,2,469.0,1.0,0.0,20.90272123025959,104.51713206709262,0.940027833260887,0.007186290768380321,22.0,360.0
configured_routes,0.95,44,730044,S0,55.0,10,22.0,2,442.0,1.7939262472885034,0.7939262472885033,49.367115677450386,81.65866118842536,0.8658026499650449,0.011229946524064172,55.0,1800.0
configured_routes,0.95,44,730044,S3,55.0,10,22.0,2,446.0,1.0,0.0,20.558369047552826,54.35063515805659,0.8728037495604495,0.0077268643306379154,22.0,360.0
configured_routes,0.95,45,730045,S0,55.0,10,22.0,2,403.0,12.53695652173913,11.53695652173913,64.59436179480676,222.26215112090907,0.8787811261015135,0.042359074617139135,55.0,1800.0
configured_routes,0.95,45,730045,S3,55.0,10,22.0,2,418.0,1.0,0.0,20.418309935314007,172.75562938177862,0.9301532250407121,0.00655285394033454,22.0,360.0
configured_routes,0.95,46,730046,S0,55.0,10,22.0,2,417.0,2.577625570776256,1.5776255707762556,50.97471384270196,91.10115342219258,0.8807109408841647,0.01366622864651774,55.0,1800.0
configured_routes,0.95,46,730046,S3,55.0,10,22.0,2,417.0,1.0,0.0,20.746862706030555,64.35914428977247,0.8855986073108474,0.009249471458773785,22.0,360.0
configured_routes,0.95,47,730047,S0,55.0,10,22.0,2,424.0,2.804494382022472,1.804494382022472,51.28482905438027,97.90519016296469,0.8901910271071231,0.016365888181174806,55.0,1800.0
configured_routes,0.95,47,730047,S3,55.0,10,22.0,2,429.0,1.0,0.0,20.739324880179073,67.08271825285232,0.8963762132922608,0.009798681631925887,22.0,360.0
configured_routes,0.95,48,730048,S0,55.0,10,22.0,2,393.0,6.8125,5.8125,57.03805794565041,145.7489292920008,0.8861593016233617,0.014082131714309807,55.0,1800.0
configured_routes,0.95,48,730048,S3,55.0,10,22.0,2,400.0,1.0,0.0,20.715973178260167,111.84383669940819,0.9016699406221748,0.005577005577005577,22.0,360.0
configured_routes,0.95,49,730049,S0,55.0,10,22.0,2,380.0,3.8443396226415096,2.8443396226415096,51.95674360055526,112.27049139629763,0.8591463888104675,0.01604098429495255,55.0,1800.0
configured_routes,0.95,49,730049,S3,55.0,10,22.0,2,382.0,1.0,0.0,20.40498045909003,85.03700083025988,0.8703297644687966,0.010039135613408202,22.0,360.0
matched_short_route,0.85,0,730000,S0,22.0,2,22.0,2,372.0,1.0184696569920844,0.018469656992084433,20.160180395976315,45.70488968903552,0.8027368660452786,0.01518399428367274,22.0,360.0
matched_short_route,0.85,0,730000,S3,22.0,2,22.0,2,373.0,1.0,0.0,20.883399393337793,46.5413012985342,0.80295201931948,0.014920039310283214,22.0,360.0
matched_short_route,0.85,1,730001,S0,22.0,2,22.0,2,392.0,1.74937343358396,0.7493734335839599,20.841128209174,63.83695416643001,0.8486237363015054,0.012372834753918064,22.0,360.0
matched_short_route,0.85,1,730001,S3,22.0,2,22.0,2,391.0,1.0,0.0,20.504536730477255,64.445976722821,0.8483904697439734,0.011728055708264615,22.0,360.0
matched_short_route,0.85,2,730002,S0,22.0,2,22.0,2,375.0,1.0,0.0,19.835739274306967,33.93851742762201,0.7712676705814471,0.021076436001809137,22.0,360.0
matched_short_route,0.85,2,730002,S3,22.0,2,22.0,2,375.0,1.0,0.0,20.585739274306967,34.65799794710253,0.7710584281314793,0.02070898896726352,22.0,360.0
matched_short_route,0.85,3,730003,S0,22.0,2,22.0,2,432.0,1.5272727272727273,0.5272727272727272,20.799242875792864,68.86749505921121,0.9226171090362197,0.0057550013702384216,22.0,360.0
matched_short_route,0.85,3,730003,S3,22.0,2,22.0,2,431.0,1.0,0.0,20.784697421247408,70.16976778648393,0.9221117038819955,0.005934447183420067,22.0,360.0
matched_short_route,0.85,4,730004,S0,22.0,2,22.0,2,411.0,1.009367681498829,0.00936768149882904,20.136428134728128,42.99439442297016,0.820196194607889,0.016871987145152652,22.0,360.0
matched_short_route,0.85,4,730004,S3,22.0,2,22.0,2,412.0,1.0,0.0,20.87284499655483,43.626712924141124,0.8208556930222078,0.017064236576431698,22.0,360.0
matched_short_route,0.85,5,730005,S0,22.0,2,22.0,2,374.0,1.844155844155844,0.8441558441558441,20.874360474172924,64.4052116539366,0.813135852196377,0.011673850574712643,22.0,360.0
matched_short_route,0.85,5,730005,S3,22.0,2,22.0,2,374.0,1.0,0.0,20.40033450014695,65.04157529030024,0.8120420455617302,0.01174782530714734,22.0,360.0
matched_short_route,0.85,6,730006,S0,22.0,2,22.0,2,425.0,1.2930232558139534,0.2930232558139535,20.303071367466767,54.997269138695486,0.8603352854102676,0.01171981466339602,22.0,360.0
matched_short_route,0.85,6,730006,S3,22.0,2,22.0,2,425.0,1.0,0.0,20.62818764653654,55.49959472009083,0.8603352854102676,0.01171981466339602,22.0,360.0
matched_short_route,0.85,7,730007,S0,22.0,2,22.0,2,406.0,1.2106537530266344,0.2106537530266344,19.980078726269724,49.24962864044367,0.8443425862319462,0.013570127504553733,22.0,360.0
matched_short_route,0.85,7,730007,S3,22.0,2,22.0,2,406.0,1.0,0.0,20.424630784381105,49.69757052906352,0.8445733439762021,0.013027238771977772,22.0,360.0
matched_short_route,0.85,8,730008,S0,22.0,2,22.0,2,390.0,1.3383458646616542,0.3383458646616541,20.4016642257857,71.71093435803519,0.9133231240145695,0.005927952576379389,22.0,360.0
matched_short_route,0.85,8,730008,S3,22.0,2,22.0,2,390.0,1.0,0.0,20.6610627220263,72.30742558610537,0.9130733091557034,0.005835156819839533,22.0,360.0
matched_short_route,0.85,9,730009,S0,22.0,2,22.0,2,378.0,2.795969773299748,1.7959697732997482,22.56505020660128,75.4170662369089,0.8198245024820031,0.014060540927816586,22.0,360.0
matched_short_route,0.85,9,730009,S3,22.0,2,22.0,2,380.0,1.0,0.0,20.710894035316645,76.58079419660663,0.8171898227739731,0.014640242813783254,22.0,360.0
matched_short_route,0.85,10,730010,S0,22.0,2,22.0,2,438.0,3.1722595078299776,2.1722595078299776,22.762208779369338,83.54073838717856,0.9088279121808597,0.00943567410633279,22.0,360.0
matched_short_route,0.85,10,730010,S3,22.0,2,22.0,2,438.0,1.0,0.0,20.36243249301587,82.90539163102645,0.9085806120687017,0.009886621315192743,22.0,360.0
matched_short_route,0.85,11,730011,S0,22.0,2,22.0,2,373.0,1.080939947780679,0.08093994778067885,20.058422599236117,58.441329395146965,0.8239044271554296,0.013869878638561912,22.0,360.0
matched_short_route,0.85,11,730011,S3,22.0,2,22.0,2,372.0,1.0,0.0,20.691059674954136,58.53793513927229,0.8241300307773232,0.01569916027747353,22.0,360.0
matched_short_route,0.85,12,730012,S0,22.0,2,22.0,2,404.0,1.7146341463414634,0.7146341463414634,20.993318293557294,53.55778844429532,0.8140513537381103,0.011062749365252086,22.0,360.0
matched_short_route,0.85,12,730012,S3,22.0,2,22.0,2,404.0,1.0,0.0,20.707098781362177,53.91632502966117,0.8138299636500662,0.011059740730668116,22.0,360.0
matched_short_route,0.85,13,730013,S0,22.0,2,22.0,2,371.0,1.1921052631578948,0.19210526315789472,20.318272574034317,44.273227874575646,0.7844664729076855,0.017414296134208605,22.0,360.0
matched_short_route,0.85,13,730013,S3,22.0,2,22.0,2,371.0,1.0,0.0,20.789719942455374,44.69954366404933,0.7842519619771666,0.019870567860723727,22.0,360.0
matched_short_route,0.85,14,730014,S0,22.0,2,22.0,2,420.0,1.0376470588235294,0.03764705882352941,19.91348211225227,44.31219226277469,0.8286739665423394,0.010832480382122143,22.0,360.0
matched_short_route,0.85,14,730014,S3,22.0,2,22.0,2,420.0,1.0,0.0,20.608893876958156,44.97807461571586,0.8284619752487752,0.011852988829197579,22.0,360.0
matched_short_route,0.85,15,730015,S0,22.0,2,22.0,2,389.0,1.236040609137056,0.23604060913705585,20.041654747565165,51.255355727807206,0.8309949923280244,0.012668686312310658,22.0,360.0
matched_short_route,0.85,15,730015,S3,22.0,2,22.0,2,389.0,1.0,0.0,20.449395864316433,52.82134557552295,0.8307661941473174,0.013582966226138032,22.0,360.0
matched_short_route,0.85,16,730016,S0,22.0,2,22.0,2,377.0,1.0026246719160106,0.0026246719160104987,19.92493429329162,41.17090458954935,0.7606423237416478,0.020305034913634692,22.0,360.0
matched_short_route,0.85,16,730016,S3,22.0,2,22.0,2,376.0,1.0,0.0,20.671128519013404,41.84544527196405,0.7604327226604297,0.020483145035363276,22.0,360.0
matched_short_route,0.85,17,730017,S0,22.0,2,22.0,2,379.0,1.0,0.0,19.943755352528587,35.75064177595921,0.7709260981267622,0.016644052464947986,22.0,360.0
matched_short_route,0.85,17,730017,S3,22.0,2,22.0,2,379.0,1.0,0.0,20.693755352528587,36.40880504126533,0.7702989890447719,0.017082429501084597,22.0,360.0
matched_short_route,0.85,18,730018,S0,22.0,2,22.0,2,360.0,1.0544959128065394,0.05449591280653951,19.674912068718008,47.51111340060013,0.7876749427740896,0.016561442034952877,22.0,360.0
matched_short_route,0.85,18,730018,S3,22.0,2,22.0,2,361.0,1.0,0.0,20.345892995148525,48.415745553188685,0.7881076123389201,0.0165705392291495,22.0,360.0
matched_short_route,0.85,19,730019,S0,22.0,2,22.0,2,393.0,1.0,0.0,19.721279538252126,37.710706843495856,0.8103201287256142,0.015963203463203464,22.0,360.0
matched_short_route,0.85,19,730019,S3,22.0,2,22.0,2,393.0,1.0,0.0,20.471279538252126,38.581674585431344,0.8101009455693454,0.016950680732125148,22.0,360.0
matched_short_route,0.85,20,730020,S0,22.0,2,22.0,2,394.0,1.0,0.0,19.779611603159083,30.878981012943058,0.7916087258284418,0.020349360705924725,22.0,360.0
matched_short_route,0.85,20,730020,S3,22.0,2,22.0,2,395.0,1.0,0.0,20.529611603159083,31.647060813441808,0.7916087258284418,0.02088960922024131,22.0,360.0
matched_short_route,0.85,21,730021,S0,22.0,2,22.0,2,365.0,1.0081521739130435,0.008152173913043478,19.759317821930733,39.58116350555011,0.7870500001733849,0.012342267661416597,22.0,360.0
matched_short_route,0.85,21,730021,S3,22.0,2,22.0,2,365.0,1.0,0.0,20.497497169756823,40.42627220120228,0.7870500001733849,0.011329096435479415,22.0,360.0
matched_short_route,0.85,22,730022,S0,22.0,2,22.0,2,397.0,1.6377171215880892,0.6377171215880894,20.495232502118252,58.03718447874787,0.8199551610580087,0.016023900054318304,22.0,360.0
matched_short_route,0.85,22,730022,S3,22.0,2,22.0,2,397.0,1.0,0.0,20.320542675815524,59.250583982469955,0.8197325286493587,0.016743596705584216,22.0,360.0
matched_short_route,0.85,23,730023,S0,22.0,2,22.0,2,381.0,1.0,0.0,20.09073352788353,38.8120654901043,0.7585289967885335,0.02152571377105287,22.0,360.0
matched_short_route,0.85,23,730023,S3,22.0,2,22.0,2,381.0,1.0,0.0,20.84073352788353,39.51129428187808,0.7583240997067432,0.022420313344138302,22.0,360.0
matched_short_route,0.85,24,730024,S0,22.0,2,22.0,2,396.0,1.0175438596491229,0.017543859649122806,19.988656098456953,43.27074737550408,0.8099110578285259,0.015031429352282044,22.0,360.0
matched_short_route,0.85,24,730024,S3,22.0,2,22.0,2,396.0,1.0,0.0,20.713217501965726,44.07525865369957,0.8096897706542558,0.015846994535519125,22.0,360.0
matched_short_route,0.85,25,730025,S0,22.0,2,22.0,2,401.0,1.0239234449760766,0.023923444976076555,19.685714519937378,37.896882149059486,0.8154825550817559,0.01574172892209178,22.0,360.0
matched_short_route,0.85,25,730025,S3,22.0,2,22.0,2,400.0,1.0,0.0,20.401025524722062,38.66960942178676,0.8154825550817559,0.01591960156527926,22.0,360.0
matched_short_route,0.85,26,730026,S0,22.0,2,22.0,2,383.0,3.4324324324324325,2.4324324324324325,23.317017572947375,90.38279359830284,0.8543718104540889,0.011767782426778242,22.0,360.0
matched_short_route,0.85,26,730026,S3,22.0,2,22.0,2,383.0,1.0,0.0,20.539990545920347,90.73660195211119,0.8534790499415977,0.012974573319400906,22.0,360.0
matched_short_route,0.85,27,730027,S0,22.0,2,22.0,2,413.0,1.619047619047619,0.6190476190476191,20.8129476441375,61.59654694281788,0.841546287304657,0.0125423418474778,22.0,360.0
matched_short_route,0.85,27,730027,S3,22.0,2,22.0,2,413.0,1.0,0.0,20.66532859651845,62.54892789519884,0.8413152202296145,0.012081274025260845,22.0,360.0
matched_short_route,0.85,28,730028,S0,22.0,2,22.0,2,393.0,1.0025316455696203,0.002531645569620253,19.487669258041823,39.799671169638096,0.8159938042207416,0.01726027397260274,22.0,360.0
matched_short_route,0.85,28,730028,S3,22.0,2,22.0,2,393.0,1.0,0.0,20.23399837196587,40.627519270903925,0.8157703055069042,0.016890349675887886,22.0,360.0
matched_short_route,0.85,29,730029,S0,22.0,2,22.0,2,397.0,1.0,0.0,19.650117485357327,30.588294303661904,0.7511296240106085,0.029411764705882353,22.0,360.0
matched_short_route,0.85,29,730029,S3,22.0,2,22.0,2,396.0,1.0,0.0,20.400117485357327,31.37685151759225,0.7509232130119795,0.029220481817349087,22.0,360.0
matched_short_route,0.85,30,730030,S0,22.0,2,22.0,2,402.0,1.0531400966183575,0.05314009661835749,19.978244353290204,46.03126189505284,0.8813719803218277,0.010609357997823721,22.0,360.0
matched_short_route,0.85,30,730030,S3,22.0,2,22.0,2,402.0,1.0,0.0,20.65119121319359,46.760730494086665,0.8813719803218277,0.011244105912223431,22.0,360.0
matched_short_route,0.85,31,730031,S0,22.0,2,22.0,2,377.0,1.0,0.0,19.67231330086427,32.02525837336043,0.7631647892601521,0.019586407943882663,22.0,360.0
matched_short_route,0.85,31,730031,S3,22.0,2,22.0,2,377.0,1.0,0.0,20.42231330086427,32.84557087336043,0.7629562742904088,0.019672131147540985,22.0,360.0
matched_short_route,0.85,32,730032,S0,22.0,2,22.0,2,401.0,1.2832512315270936,0.2832512315270936,20.408964068839115,53.69276718081693,0.8359496665505141,0.012939675596865319,22.0,360.0
matched_short_route,0.85,32,730032,S3,22.0,2,22.0,2,401.0,1.0,0.0,20.74824978312483,54.59670806751644,0.8357212025804265,0.012845039628313747,22.0,360.0
matched_short_route,0.85,33,730033,S0,22.0,2,22.0,2,377.0,1.1484375,0.1484375,20.45990649177777,46.898869290298734,0.7913108578878273,0.019042387622448045,22.0,360.0
matched_short_route,0.85,33,730033,S3,22.0,2,22.0,2,376.0,1.0,0.0,20.99467211677777,47.95095262363207,0.7913108578878273,0.019317037443925662,22.0,360.0
matched_short_route,0.85,34,730034,S0,22.0,2,22.0,2,419.0,4.491841491841492,3.491841491841492,25.125626261360864,118.56047147464582,0.9299016342919965,0.001636214889555495,22.0,360.0
matched_short_route,0.85,34,730034,S3,22.0,2,22.0,2,418.0,1.0,0.0,20.812456098190697,118.9101218242962,0.9304090840242157,0.0016371077762619372,22.0,360.0
matched_short_route,0.85,35,730035,S0,22.0,2,22.0,2,394.0,1.0201511335012594,0.020151133501259445,19.743298396409863,42.90802731201493,0.7969635595943515,0.018295403837572513,22.0,360.0
matched_short_route,0.85,35,730035,S3,22.0,2,22.0,2,394.0,1.0,0.0,20.46407925283304,43.477296833425505,0.7969635595943515,0.01820615796519411,22.0,360.0
matched_short_route,0.85,36,730036,S0,22.0,2,22.0,2,384.0,1.0051679586563307,0.00516795865633075,19.922541093634845,38.11456028254378,0.7567326706044323,0.02066191259828122,22.0,360.0
matched_short_route,0.85,36,730036,S3,22.0,2,22.0,2,384.0,1.0,0.0,20.665047553583165,38.81998663913292,0.7567326706044323,0.021301883342475774,22.0,360.0
matched_short_route,0.85,37,730037,S0,22.0,2,22.0,2,396.0,1.0245700245700247,0.02457002457002457,20.35572182965471,40.16333550866483,0.797698493147781,0.01339764201500536,22.0,360.0
matched_short_route,0.85,37,730037,S3,22.0,2,22.0,2,396.0,1.0,0.0,21.070095294028174,41.15596450129382,0.797698493147781,0.014022865309038943,22.0,360.0
matched_short_route,0.85,38,730038,S0,22.0,2,22.0,2,372.0,1.0,0.0,19.70538819326895,33.45728599186751,0.7447032535805632,0.02225826800036046,22.0,360.0
matched_short_route,0.85,38,730038,S3,22.0,2,22.0,2,372.0,1.0,0.0,20.45538819326895,34.13006086097745,0.7434972564087728,0.022402159244264506,22.0,360.0
matched_short_route,0.85,39,730039,S0,22.0,2,22.0,2,409.0,3.093975903614458,2.093975903614458,22.833292853753875,97.821386114189,0.9120789441543674,0.005683901723505684,22.0,360.0
matched_short_route,0.85,39,730039,S3,22.0,2,22.0,2,409.0,1.0,0.0,20.547027793512914,98.9804222587673,0.9118281663308441,0.0056823389240216295,22.0,360.0
matched_short_route,0.85,40,730040,S0,22.0,2,22.0,2,393.0,2.9849624060150375,1.9849624060150375,22.543331403387977,90.39901029954206,0.8497659562564376,0.011014017840888403,22.0,360.0
matched_short_route,0.85,40,730040,S3,22.0,2,22.0,2,392.0,1.0,0.0,20.415135914666173,89.44412308149694,0.8497659562564376,0.011014017840888403,22.0,360.0
matched_short_route,0.85,41,730041,S0,22.0,2,22.0,2,364.0,1.0,0.0,19.712721688802127,33.219349842420264,0.7300993365979085,0.02185792349726776,22.0,360.0
matched_short_route,0.85,41,730041,S3,22.0,2,22.0,2,364.0,1.0,0.0,20.462721688802127,34.08762941231274,0.729899910392883,0.023126650277701902,22.0,360.0
matched_short_route,0.85,42,730042,S0,22.0,2,22.0,2,379.0,1.0,0.0,19.9764594024588,36.922137118767694,0.7941707327397504,0.009871126953660542,22.0,360.0
matched_short_route,0.85,42,730042,S3,22.0,2,22.0,2,379.0,1.0,0.0,20.7264594024588,37.96889036552094,0.7939530324292406,0.009777046783625731,22.0,360.0
matched_short_route,0.85,43,730043,S0,22.0,2,22.0,2,424.0,1.0367816091954023,0.0367816091954023,20.186623429472988,47.244574190967235,0.8588473379360618,0.01478860460896389,22.0,360.0
matched_short_route,0.85,43,730043,S3,22.0,2,22.0,2,424.0,1.0,0.0,20.883290096139657,47.60779258177183,0.8586136379801609,0.015147392290249433,22.0,360.0
matched_short_route,0.85,44,730044,S0,22.0,2,22.0,2,412.0,1.0023923444976077,0.0023923444976076554,19.75118064001083,36.63577013163211,0.7896197269992444,0.017998163452708906,22.0,360.0
matched_short_route,0.85,44,730044,S3,22.0,2,22.0,2,412.0,1.0,0.0,20.497711740489297,37.351081136416795,0.7898373130358934,0.01837053366400294,22.0,360.0
matched_short_route,0.85,45,730045,S0,22.0,2,22.0,2,397.0,2.708029197080292,1.7080291970802919,22.132429151040846,80.0585676993817,0.9000589344011082,0.009204114780725501,22.0,360.0
matched_short_route,0.85,45,730045,S3,22.0,2,22.0,2,398.0,1.0,0.0,20.405786815274418,79.18995456069555,0.8998153460562094,0.009201623815967524,22.0,360.0
matched_short_route,0.85,46,730046,S0,22.0,2,22.0,2,383.0,1.135204081632653,0.13520408163265307,20.214884769390405,44.376442722024386,0.7884826031440184,0.01613344271260596,22.0,360.0
matched_short_route,0.85,46,730046,S3,22.0,2,22.0,2,383.0,1.0,0.0,20.768838851023062,44.917259048555,0.7882670529517974,0.016493530162201567,22.0,360.0
matched_short_route,0.85,47,730047,S0,22.0,2,22.0,2,395.0,1.1820448877805487,0.18204488778054864,20.17477653915034,46.91980238542599,0.7922686203098374,0.015213628495946069,22.0,360.0
matched_short_route,0.85,47,730047,S3,22.0,2,22.0,2,395.0,1.0,0.0,20.660811451868547,47.820051761984594,0.7920521534736871,0.01621129326047359,22.0,360.0
matched_short_route,0.85,48,730048,S0,22.0,2,22.0,2,356.0,2.0287958115183247,1.0287958115183247,21.576957301751282,68.08508456000384,0.8377513647883571,0.007906894100923951,22.0,360.0
matched_short_route,0.85,48,730048,S3,22.0,2,22.0,2,354.0,1.0,0.0,20.835203375049712,70.06414215162688,0.8384217446481504,0.007557570907797635,22.0,360.0
matched_short_route,0.85,49,730049,S0,22.0,2,22.0,2,351.0,1.013623978201635,0.013623978201634877,19.73237116463589,37.75933358881791,0.7738933393707228,0.01670201484623542,22.0,360.0
matched_short_route,0.85,49,730049,S3,22.0,2,22.0,2,351.0,1.0,0.0,20.46261639624352,38.623093806801556,0.7736882258431927,0.016255852990546868,22.0,360.0
matched_short_route,0.95,0,730000,S0,22.0,2,22.0,2,397.0,1.6706161137440758,0.6706161137440758,20.95819655074568,59.23279186078641,0.8797054935793439,0.010924663520363573,22.0,360.0
matched_short_route,0.95,0,730000,S3,22.0,2,22.0,2,396.0,1.0,0.0,20.735803185816767,59.332317927137126,0.8787838534603504,0.010825912345032303,22.0,360.0
matched_short_route,0.95,1,730001,S0,22.0,2,22.0,2,440.0,5.462389380530974,4.462389380530974,26.249912351941664,126.86828000103102,0.9280705705890774,0.0031608416869863634,22.0,360.0
matched_short_route,0.95,1,730001,S3,22.0,2,22.0,2,440.0,1.0,0.0,20.52944775017176,127.12270477979209,0.9278191971950934,0.003340556157457566,22.0,360.0
matched_short_route,0.95,2,730002,S0,22.0,2,22.0,2,403.0,1.0242130750605327,0.024213075060532687,19.743652787721217,51.72720862512617,0.8604558291019863,0.010641200545702592,22.0,360.0
matched_short_route,0.95,2,730002,S3,22.0,2,22.0,2,403.0,1.0,0.0,20.458543828883446,52.29621588904869,0.8616313152073168,0.010837887067395264,22.0,360.0
matched_short_route,0.95,3,730003,S0,22.0,2,22.0,2,453.0,8.484276729559749,7.484276729559748,30.878572298665247,160.45194681519197,0.9583162188722515,0.002831607822316609,22.0,360.0
matched_short_route,0.95,3,730003,S3,22.0,2,22.0,2,455.0,1.0,0.0,20.77637104080361,160.39534304160708,0.9590800203219372,0.0028338646829613886,22.0,360.0
matched_short_route,0.95,4,730004,S0,22.0,2,22.0,2,438.0,1.4642082429501084,0.4642082429501085,20.774927007284088,59.752891492788706,0.8818406121670426,0.011072725662148994,22.0,360.0
matched_short_route,0.95,4,730004,S3,22.0,2,22.0,2,438.0,1.0,0.0,20.851825055006433,60.40365071187764,0.8813721709387997,0.01133244798583444,22.0,360.0
matched_short_route,0.95,5,730005,S0,22.0,2,22.0,2,400.0,3.7169811320754715,2.7169811320754715,23.64067459786196,93.5023489374247,0.8208013170390221,0.01028101439342015,22.0,360.0
matched_short_route,0.95,5,730005,S3,22.0,2,22.0,2,399.0,1.0,0.0,20.45105195635253,93.06602818270773,0.818370698104738,0.01070615034168565,22.0,360.0
matched_short_route,0.95,6,730006,S0,22.0,2,22.0,2,464.0,5.27906976744186,4.27906976744186,26.0491398523653,109.43673562157983,0.924844177049238,0.0038314176245210726,22.0,360.0
matched_short_route,0.95,6,730006,S3,22.0,2,22.0,2,463.0,1.0,0.0,20.594488689574604,111.71791955392655,0.924844177049238,0.0049261083743842365,22.0,360.0
matched_short_route,0.95,7,730007,S0,22.0,2,22.0,2,444.0,3.067982456140351,2.067982456140351,22.715107990374793,89.64102777218453,0.9285290544891266,0.0054940106277582635,22.0,360.0
matched_short_route,0.95,7,730007,S3,22.0,2,22.0,2,444.0,1.0,0.0,20.46653342897129,91.00506285990382,0.930792532682627,0.00577825929938606,22.0,360.0
matched_short_route,0.95,8,730008,S0,22.0,2,22.0,2,418.0,10.151982378854626,9.151982378854626,33.2039089254959,182.2504934216468,0.9686444174136613,0.004090513489991297,22.0,360.0
matched_short_route,0.95,8,730008,S3,22.0,2,22.0,2,419.0,1.0,0.0,20.683534476156698,183.70423791503885,0.9658703771659263,0.004165581879718824,22.0,360.0
matched_short_route,0.95,9,730009,S0,22.0,2,22.0,2,424.0,4.700680272108843,3.7006802721088436,25.31617054780375,99.67621554411735,0.8648326252654955,0.005744031592173757,22.0,360.0
matched_short_route,0.95,9,730009,S3,22.0,2,22.0,2,422.0,1.0,0.0,20.700184153245928,101.49934479581803,0.8648326252654955,0.005833782085801472,22.0,360.0
matched_short_route,0.95,10,730010,S0,22.0,2,22.0,2,453.0,5.106122448979592,4.106122448979592,25.827099465718234,111.40190239068936,0.9421440501157357,0.004308160162189559,22.0,360.0
matched_short_route,0.95,10,730010,S3,22.0,2,22.0,2,455.0,1.0,0.0,20.623221914697822,110.81414728864854,0.9376293623598217,0.004203446826397646,22.0,360.0
matched_short_route,0.95,11,730011,S0,22.0,2,22.0,2,427.0,3.227064220183486,2.227064220183486,23.189515017516854,88.30471465054102,0.8833249822179308,0.012628327428000364,22.0,360.0
matched_short_route,0.95,11,730011,S3,22.0,2,22.0,2,427.0,1.0,0.0,20.7102718982508,88.90104492577036,0.8830842942118772,0.012988192552225249,22.0,360.0
matched_short_route,0.95,12,730012,S0,22.0,2,22.0,2,429.0,2.056433408577878,1.0564334085778782,21.399205657939714,62.552377417204326,0.8878219870417554,0.007706093189964158,22.0,360.0
matched_short_route,0.95,12,730012,S3,22.0,2,22.0,2,429.0,1.0,0.0,20.617377215501783,62.419194572960535,0.8863923220062614,0.007604222580067991,22.0,360.0
matched_short_route,0.95,13,730013,S0,22.0,2,22.0,2,424.0,2.6689342403628116,1.6689342403628118,22.63085929152071,80.61910682878327,0.9128677324669576,0.008917424647761726,22.0,360.0
matched_short_route,0.95,13,730013,S3,22.0,2,22.0,2,424.0,1.0,0.0,20.96090464299463,81.06581884692386,0.9099465557230634,0.009333333333333334,22.0,360.0
matched_short_route,0.95,14,730014,S0,22.0,2,22.0,2,440.0,2.658008658008658,1.658008658008658,22.10558853558262,93.51587296538334,0.9447760573131381,0.005307855626326964,22.0,360.0
matched_short_route,0.95,14,730014,S3,22.0,2,22.0,2,439.0,1.0,0.0,20.451475981470068,93.3816738311842,0.9440244454934776,0.005392026871740475,22.0,360.0
matched_short_route,0.95,15,730015,S0,22.0,2,22.0,2,427.0,3.2824074074074074,2.2824074074074074,23.025857398181103,92.50832606878615,0.8905980906453428,0.0067303319690768535,22.0,360.0
matched_short_route,0.95,15,730015,S3,22.0,2,22.0,2,427.0,1.0,0.0,20.466366657440364,94.53841866137874,0.8903551560870653,0.006819421713038734,22.0,360.0
matched_short_route,0.95,16,730016,S0,22.0,2,22.0,2,420.0,1.9905437352245863,0.9905437352245863,21.51925460807689,64.05338488057409,0.8151347867080404,0.017852238396045043,22.0,360.0
matched_short_route,0.95,16,730016,S3,22.0,2,22.0,2,420.0,1.0,0.0,20.832966192001237,63.70586715007764,0.8151347867080407,0.01803533827703012,22.0,360.0
matched_short_route,0.95,17,730017,S0,22.0,2,22.0,2,419.0,1.1441860465116278,0.14418604651162792,20.12868003431564,51.225905558435215,0.8478307584655965,0.01311979732175172,22.0,360.0
matched_short_route,0.95,17,730017,S3,22.0,2,22.0,2,421.0,1.0,0.0,20.66961026687378,51.33055672122592,0.8478307584655965,0.013481722765110388,22.0,360.0
matched_short_route,0.95,18,730018,S0,22.0,2,22.0,2,395.0,1.0931372549019607,0.09313725490196079,19.744876927673666,58.708454400478566,0.8664081628366732,0.013900098645861357,22.0,360.0
matched_short_route,0.95,18,730018,S3,22.0,2,22.0,2,395.0,1.0,0.0,20.359827908065824,58.93394459655699,0.8668746006093981,0.01417676087931808,22.0,360.0
matched_short_route,0.95,19,730019,S0,22.0,2,22.0,2,430.0,1.0634920634920635,0.06349206349206349,19.780020834329626,51.078179761324286,0.8660842402714417,0.011879049676025918,22.0,360.0
matched_short_route,0.95,19,730019,S3,22.0,2,22.0,2,430.0,1.0,0.0,20.437957342266138,51.72443826472565,0.8635197916461427,0.012023328847016599,22.0,360.0
matched_short_route,0.95,20,730020,S0,22.0,2,22.0,2,413.0,1.4931818181818182,0.49318181818181817,20.48813995055863,55.996567609408544,0.878868314392878,0.009938837920489297,22.0,360.0
matched_short_route,0.95,20,730020,S3,22.0,2,22.0,2,413.0,1.0,0.0,20.523026314194993,56.251113063954,0.878868314392878,0.009938837920489297,22.0,360.0
matched_short_route,0.95,21,730021,S0,22.0,2,22.0,2,413.0,1.5532407407407407,0.5532407407407407,20.617177490229917,62.571982425265325,0.8814212153491003,0.012076007813887409,22.0,360.0
matched_short_route,0.95,21,730021,S3,22.0,2,22.0,2,413.0,1.0,0.0,20.564978416155842,63.599760203043104,0.8793131125220629,0.012578616352201259,22.0,360.0
matched_short_route,0.95,22,730022,S0,22.0,2,22.0,2,441.0,2.7879464285714284,1.7879464285714286,22.27588114544516,73.7003194544683,0.9078573913527005,0.011894958367645713,22.0,360.0
matched_short_route,0.95,22,730022,S3,22.0,2,22.0,2,441.0,1.0,0.0,20.43335882401659,73.84764088303973,0.9076082537590252,0.013172338090010977,22.0,360.0
matched_short_route,0.95,23,730023,S0,22.0,2,22.0,2,436.0,1.1727272727272726,0.17272727272727273,20.19278962339532,54.08203541786493,0.8672730000528655,0.009630235304806032,22.0,360.0
matched_short_route,0.95,23,730023,S3,22.0,2,22.0,2,436.0,1.0,0.0,20.692335077940776,54.99112632695584,0.8670366858839138,0.009900090826521345,22.0,360.0
matched_short_route,0.95,24,730024,S0,22.0,2,22.0,2,431.0,1.9068181818181817,0.9068181818181819,21.18721072207476,74.48141908726657,0.8998165617890048,0.007468123861566485,22.0,360.0
matched_short_route,0.95,24,730024,S3,22.0,2,22.0,2,431.0,1.0,0.0,20.622324358438394,75.65869181453931,0.9000624804995239,0.0073790653183930036,22.0,360.0
matched_short_route,0.95,25,730025,S0,22.0,2,22.0,2,451.0,3.1317991631799162,2.1317991631799162,22.865792438720334,87.96843173351398,0.9126726492840791,0.006148440931049627,22.0,360.0
matched_short_route,0.95,25,730025,S3,22.0,2,22.0,2,452.0,1.0,0.0,20.52468365210946,87.13579575025038,0.9121919157316514,0.006057413747695549,22.0,360.0
matched_short_route,0.95,26,730026,S0,22.0,2,22.0,2,397.0,10.037861915367483,9.037861915367483,32.85507046542302,182.29624950142036,0.8976961824549496,0.010135970333745364,22.0,360.0
matched_short_route,0.95,26,730026,S3,22.0,2,22.0,2,398.0,1.0,0.0,20.500170688140162,183.7639555147834,0.8994751196507978,0.009660639088432003,22.0,360.0
matched_short_route,0.95,27,730027,S0,22.0,2,22.0,2,467.0,4.065979381443299,3.065979381443299,24.26910234385096,101.93123715272817,0.9371409792951486,0.005992308380287989,22.0,360.0
matched_short_route,0.95,27,730027,S3,22.0,2,22.0,2,467.0,1.0,0.0,20.57343224075818,102.93536086406837,0.9376441422370521,0.0071588366890380315,22.0,360.0
matched_short_route,0.95,28,730028,S0,22.0,2,22.0,2,425.0,2.873853211009174,1.8738532110091743,22.321284714645778,81.86398092984517,0.8930760667980504,0.0090990990990991,22.0,360.0
matched_short_route,0.95,28,730028,S3,22.0,2,22.0,2,424.0,1.0,0.0,20.35419755868247,81.89609102158829,0.8930760667980504,0.009369369369369369,22.0,360.0
matched_short_route,0.95,29,730029,S0,22.0,2,22.0,2,437.0,1.712694877505568,0.7126948775055679,20.607006080979733,58.933782210109236,0.8599685038975263,0.016226996645816335,22.0,360.0
matched_short_route,0.95,29,730029,S3,22.0,2,22.0,2,436.0,1.0,0.0,20.323598508596657,59.30349267781525,0.8604365139676746,0.017142857142857144,22.0,360.0
matched_short_route,0.95,30,730030,S0,22.0,2,22.0,2,444.0,1.1158129175946547,0.11581291759465479,20.04937674196388,63.33800221624937,0.9450811014508218,0.0031084293289449626,22.0,360.0
matched_short_route,0.95,30,730030,S3,22.0,2,22.0,2,443.0,1.0,0.0,20.63144801145163,63.67875945455672,0.9448219621304349,0.003198976327575176,22.0,360.0
matched_short_route,0.95,31,730031,S0,22.0,2,22.0,2,425.0,1.1926605504587156,0.1926605504587156,19.99598550581945,47.84135943668256,0.8525401336812605,0.012098230408089564,22.0,360.0
matched_short_route,0.95,31,730031,S3,22.0,2,22.0,2,425.0,1.0,0.0,20.466627707654315,48.36658879448073,0.8523092806799929,0.01236573697987183,22.0,360.0
matched_short_route,0.95,32,730032,S0,22.0,2,22.0,2,450.0,3.530701754385965,2.530701754385965,23.605876543809053,91.47535791485443,0.9141042901649649,0.007751937984496124,22.0,360.0
matched_short_route,0.95,32,730032,S3,22.0,2,22.0,2,450.0,1.0,0.0,20.686358999949405,92.18149826573162,0.9138571681616762,0.008110300081103,22.0,360.0
matched_short_route,0.95,33,730033,S0,22.0,2,22.0,2,426.0,1.6612903225806452,0.6612903225806451,20.921551405260637,58.49465742865159,0.8811329823837841,0.011469142545057346,22.0,360.0
matched_short_route,0.95,33,730033,S3,22.0,2,22.0,2,426.0,1.0,0.0,20.712680437518706,59.462399364135464,0.8808924328390438,0.011375011375011375,22.0,360.0
matched_short_route,0.95,34,730034,S0,22.0,2,22.0,2,434.0,12.286021505376343,11.286021505376343,36.29813850527348,198.77458190899281,0.9548198725221516,0.0006150061500615006,22.0,360.0
matched_short_route,0.95,34,730034,S3,22.0,2,22.0,2,436.0,1.0,0.0,20.683407322477777,198.81114104877778,0.9523098307962785,0.0007010164738871364,22.0,360.0
matched_short_route,0.95,35,730035,S0,22.0,2,22.0,2,448.0,1.0395604395604396,0.03956043956043956,19.843677087345643,50.91817957133518,0.9105229700253622,0.008198961464881116,22.0,360.0
matched_short_route,0.95,35,730035,S3,22.0,2,22.0,2,448.0,1.0,0.0,20.536314449983,51.26763012078573,0.9105229700253622,0.008198961464881116,22.0,360.0
matched_short_route,0.95,36,730036,S0,22.0,2,22.0,2,437.0,1.4424379232505644,0.44243792325056436,20.49907765475845,61.18630848968425,0.873129547042664,0.014305364511691884,22.0,360.0
matched_short_route,0.95,36,730036,S3,22.0,2,22.0,2,437.0,1.0,0.0,20.607542666045134,62.21565386214475,0.8728894124037633,0.01485148514851485,22.0,360.0
matched_short_route,0.95,37,730037,S0,22.0,2,22.0,2,449.0,4.321041214750542,3.3210412147505424,25.09987575826444,108.07421597813247,0.9147988981697885,0.006535947712418301,22.0,360.0
matched_short_route,0.95,37,730037,S3,22.0,2,22.0,2,447.0,1.0,0.0,21.034365996876154,108.70979081544266,0.9157964978406389,0.007542711741185024,22.0,360.0
matched_short_route,0.95,38,730038,S0,22.0,2,22.0,2,422.0,1.4439461883408071,0.4439461883408072,20.44685033092299,62.81256553691212,0.880746434403281,0.014208507670850768,22.0,360.0
matched_short_route,0.95,38,730038,S3,22.0,2,22.0,2,424.0,1.0,0.0,20.55312835782882,63.28117540238297,0.8828242110506282,0.014416775884665793,22.0,360.0
matched_short_route,0.95,39,730039,S0,22.0,2,22.0,2,424.0,15.900423728813559,14.900423728813559,41.38259801963794,233.60415027650333,0.9470851205633478,0.006916329284750338,22.0,360.0
matched_short_route,0.95,39,730039,S3,22.0,2,22.0,2,427.0,1.0,0.0,20.52698361285828,231.6444045137915,0.9506935220894972,0.003556007112014224,22.0,360.0
matched_short_route,0.95,40,730040,S0,22.0,2,22.0,2,428.0,5.14908256880734,4.14908256880734,25.770127008341653,126.92514236414729,0.9160758785357365,0.005809731299927378,22.0,360.0
matched_short_route,0.95,40,730040,S3,22.0,2,22.0,2,428.0,1.0,0.0,20.50395728357101,128.26688548341335,0.9178255459708661,0.006093678944974989,22.0,360.0
matched_short_route,0.95,41,730041,S0,22.0,2,22.0,2,413.0,1.0327868852459017,0.03278688524590164,19.900272781602258,48.995523892146906,0.8579900326814652,0.011466233297219212,22.0,360.0
matched_short_route,0.95,41,730041,S3,22.0,2,22.0,2,414.0,1.0,0.0,20.602731797995702,49.87374403266213,0.8584550679295311,0.01102077687443541,22.0,360.0
matched_short_route,0.95,42,730042,S0,22.0,2,22.0,2,427.0,1.8990825688073394,0.8990825688073395,21.095072846666596,68.70860240811163,0.8845672203124438,0.007204742362061103,22.0,360.0
matched_short_route,0.95,42,730042,S3,22.0,2,22.0,2,427.0,1.0,0.0,20.54140312189595,68.34162993104741,0.8843252708539339,0.007202771699489424,22.0,360.0
matched_short_route,0.95,43,730043,S0,22.0,2,22.0,2,469.0,4.176220806794055,3.1762208067940554,24.75824140011097,104.7294462921457,0.9402877248376802,0.007096120173255921,22.0,360.0
matched_short_route,0.95,43,730043,S3,22.0,2,22.0,2,469.0,1.0,0.0,20.90272123025959,104.51713206709262,0.940027833260887,0.007186290768380321,22.0,360.0
matched_short_route,0.95,44,730044,S0,22.0,2,22.0,2,447.0,1.119305856832972,0.1193058568329718,19.981362539960635,53.715060320746396,0.874926212069513,0.00747545708367108,22.0,360.0
matched_short_route,0.95,44,730044,S3,22.0,2,22.0,2,446.0,1.0,0.0,20.558369047552826,54.35063515805659,0.8728037495604495,0.0077268643306379154,22.0,360.0
matched_short_route,0.95,45,730045,S0,22.0,2,22.0,2,417.0,10.728260869565217,9.728260869565217,33.774288196183576,171.44475981656123,0.9287118719027355,0.006973140495867769,22.0,360.0
matched_short_route,0.95,45,730045,S3,22.0,2,22.0,2,418.0,1.0,0.0,20.418309935314007,172.75562938177862,0.9301532250407121,0.00655285394033454,22.0,360.0
matched_short_route,0.95,46,730046,S0,22.0,2,22.0,2,419.0,1.6986301369863013,0.6986301369863014,21.00987640466069,63.00297990621083,0.8855986073108474,0.009249471458773785,22.0,360.0
matched_short_route,0.95,46,730046,S3,22.0,2,22.0,2,417.0,1.0,0.0,20.746862706030555,64.35914428977247,0.8855986073108474,0.009249471458773785,22.0,360.0
matched_short_route,0.95,47,730047,S0,22.0,2,22.0,2,427.0,1.651685393258427,0.651685393258427,20.93426870040379,67.7950778034141,0.8954190576987826,0.008987364299697456,22.0,360.0
matched_short_route,0.95,47,730047,S3,22.0,2,22.0,2,429.0,1.0,0.0,20.739324880179073,67.08271825285232,0.8963762132922608,0.009798681631925887,22.0,360.0
matched_short_route,0.95,48,730048,S0,22.0,2,22.0,2,399.0,4.967592592592593,3.9675925925925926,25.71898243751942,110.30448484755634,0.9025992577472685,0.00515331100231899,22.0,360.0
matched_short_route,0.95,48,730048,S3,22.0,2,22.0,2,400.0,1.0,0.0,20.715973178260167,111.84383669940819,0.9016699406221748,0.005577005577005577,22.0,360.0
matched_short_route,0.95,49,730049,S0,22.0,2,22.0,2,382.0,3.07311320754717,2.07311320754717,22.660994610033427,83.83888762271272,0.8696638656436484,0.010031454560911332,22.0,360.0
matched_short_route,0.95,49,730049,S3,22.0,2,22.0,2,382.0,1.0,0.0,20.40498045909003,85.03700083025988,0.8703297644687966,0.010039135613408202,22.0,360.0
matched_mid_route,0.85,0,730000,S0,38.5,6,38.5,6,372.0,1.1055408970976253,0.10554089709762533,34.733983239132684,60.52547016396956,0.8001639914746207,0.013710826210826211,38.5,1080.0
matched_mid_route,0.85,0,730000,S3,38.5,6,38.5,6,372.0,1.0,0.0,35.33094893834114,61.512277551832355,0.8001639914746207,0.014868233618233619,38.5,1080.0
matched_mid_route,0.85,1,730001,S0,38.5,6,38.5,6,391.0,2.117794486215539,1.117794486215539,35.538741283347726,77.76677872783354,0.8460648379738419,0.009685672514619883,38.5,1080.0
matched_mid_route,0.85,1,730001,S3,38.5,6,38.5,6,391.0,1.0,0.0,34.66793927833519,78.38081381555283,0.8460648379738419,0.010964912280701754,38.5,1080.0
matched_mid_route,0.85,2,730002,S0,38.5,6,38.5,6,373.0,1.0051948051948052,0.005194805194805195,34.06757619756966,47.67358236268694,0.768348571530855,0.01883391907722808,38.5,1080.0
matched_mid_route,0.85,2,730002,S3,38.5,6,38.5,6,373.0,1.0,0.0,34.81004373003719,48.58527067437526,0.7671042823461897,0.02150247413405308,38.5,1080.0
matched_mid_route,0.85,3,730003,S0,38.5,6,38.5,6,431.0,1.9886363636363635,0.9886363636363636,35.84174321445569,84.0174950592112,0.9188400193431129,0.006823144104803494,38.5,1080.0
matched_mid_route,0.85,3,730003,S3,38.5,6,38.5,6,431.0,1.0,0.0,35.15822048718296,85.43567687739302,0.9178380127789437,0.006815703380588877,38.5,1080.0
matched_mid_route,0.85,4,730004,S0,38.5,6,38.5,6,410.0,1.063231850117096,0.06323185011709602,34.65416492664074,57.591584118520515,0.8195377550617762,0.013736508786013736,38.5,1080.0
matched_mid_route,0.85,4,730004,S3,38.5,6,38.5,6,410.0,1.0,0.0,35.31247874397095,59.017813626717235,0.8166966908442287,0.026933333333333333,38.5,1080.0
matched_mid_route,0.85,5,730005,S0,38.5,6,38.5,6,372.0,2.0961038961038962,1.096103896103896,35.324936024607815,78.6026142513392,0.8094288772735188,0.0148386520067936,38.5,1080.0
matched_mid_route,0.85,5,730005,S3,38.5,6,38.5,6,372.0,1.0,0.0,34.485585375257166,79.91949736822232,0.8087782109734596,0.01786352268667381,38.5,1080.0
matched_mid_route,0.85,6,730006,S0,38.5,6,38.5,6,424.0,1.5488372093023255,0.5488372093023256,34.93014233492731,69.474013324742,0.8570649367825881,0.01420943071771201,38.5,1080.0
matched_mid_route,0.85,6,730006,S3,38.5,6,38.5,6,424.0,1.0,0.0,34.88432838143894,71.1647109991606,0.8568322915771639,0.025063336952587768,38.5,1080.0
matched_mid_route,0.85,7,730007,S0,38.5,6,38.5,6,403.0,1.4067796610169492,0.4067796610169492,34.3679343811415,64.22541556538313,0.8411251675582263,0.010978043912175649,38.5,1080.0
matched_mid_route,0.85,7,730007,S3,38.5,6,38.5,6,403.0,1.0,0.0,34.52810387266693,65.38037924577054,0.8406675368903491,0.018317011244105914,38.5,1080.0
matched_mid_route,0.85,8,730008,S0,38.5,6,38.5,6,388.0,1.694235588972431,0.6942355889724311,35.19850136755605,85.84376643823569,0.9095901957147824,0.008719346049046322,38.5,1080.0
matched_mid_route,0.85,8,730008,S3,38.5,6,38.5,6,388.0,1.0,0.0,34.94185976354603,86.7034155610427,0.9088472687920641,0.010436518740357564,38.5,1080.0
matched_mid_route,0.85,9,730009,S0,38.5,6,38.5,6,377.0,3.322418136020151,2.322418136020151,37.646570859033346,89.31127278602729,0.8150071576490426,0.013176638176638177,38.5,1080.0
matched_mid_route,0.85,9,730009,S3,38.5,6,38.5,6,376.0,1.0,0.0,35.02906456180413,89.9258823578157,0.8137031461968042,0.017955555555555554,38.5,1080.0
matched_mid_route,0.85,10,730010,S0,38.5,6,38.5,6,437.0,3.4675615212527964,2.4675615212527964,37.24722106859433,97.33044755943806,0.9061149930400213,0.007960199004975124,38.5,1080.0
matched_mid_route,0.85,10,730010,S3,38.5,6,38.5,6,437.0,1.0,0.0,34.41925686277777,98.14252809635082,0.9061149930400213,0.0114880144730891,38.5,1080.0
matched_mid_route,0.85,11,730011,S0,38.5,6,38.5,6,372.0,1.2584856396866841,0.2584856396866841,34.61915860871542,72.1462902306561,0.8207588962091039,0.02108899190982638,38.5,1080.0
matched_mid_route,0.85,11,730011,S3,38.5,6,38.5,6,371.0,1.0,0.0,34.99435443116973,72.16717795911563,0.8205351342417623,0.02535441657579062,38.5,1080.0
matched_mid_route,0.85,12,730012,S0,38.5,6,38.5,6,403.0,2.0439024390243903,1.0439024390243903,35.78608140396916,67.91144698088068,0.8109628120166107,0.011291779584462511,38.5,1080.0
matched_mid_route,0.85,12,730012,S3,38.5,6,38.5,6,403.0,1.0,0.0,35.022422867383796,68.74315429795385,0.8109628120166107,0.015898825654923215,38.5,1080.0
matched_mid_route,0.85,13,730013,S0,38.5,6,38.5,6,370.0,1.2657894736842106,0.2657894736842105,34.802404636139,57.952175242996695,0.7821132874149167,0.01890737205708572,38.5,1080.0
matched_mid_route,0.85,13,730013,S3,38.5,6,38.5,6,370.0,1.0,0.0,35.1670098992969,58.47849103247038,0.7819000613278352,0.0297164667393675,38.5,1080.0
matched_mid_route,0.85,14,730014,S0,38.5,6,38.5,6,420.0,1.143529411764706,0.14352941176470588,34.30868193173559,58.319251086304085,0.8271923017234897,0.008343976160068114,38.5,1080.0
matched_mid_route,0.85,14,730014,S3,38.5,6,38.5,6,420.0,1.0,0.0,34.85056428467677,59.89807461571585,0.8271923017234897,0.013367390378884632,38.5,1080.0
matched_mid_route,0.85,15,730015,S0,38.5,6,38.5,6,389.0,1.3934010152284264,0.3934010152284264,34.391874234634976,64.1563709562336,0.8271224827694783,0.01160453216374269,38.5,1080.0
matched_mid_route,0.85,15,730015,S3,38.5,6,38.5,6,389.0,1.0,0.0,34.57144276255376,65.78581258059909,0.8268958117684453,0.015803416461130905,38.5,1080.0
matched_mid_route,0.85,16,730016,S0,38.5,6,38.5,6,374.0,1.041994750656168,0.04199475065616798,34.2703672967249,55.761455770651715,0.75667955868788,0.020473448496481125,38.5,1080.0
matched_mid_route,0.85,16,730016,S3,38.5,6,38.5,6,374.0,1.0,0.0,34.95947490827346,56.42812243731838,0.75647213556324,0.023940058479532164,38.5,1080.0
matched_mid_route,0.85,17,730017,S0,38.5,6,38.5,6,379.0,1.0051020408163265,0.00510204081632653,34.2564698261087,49.69962136779595,0.768423768351939,0.019565413398250835,38.5,1080.0
matched_mid_route,0.85,17,730017,S3,38.5,6,38.5,6,379.0,1.0,0.0,34.99907186692502,50.485335653510234,0.7688396946135639,0.027424447451511052,38.5,1080.0
matched_mid_route,0.85,18,730018,S0,38.5,6,38.5,6,359.0,1.1525885558583107,0.15258855585831063,33.86156614750447,62.0124757984203,0.7838021897093713,0.018483110261312937,38.5,1080.0
matched_mid_route,0.85,18,730018,S3,38.5,6,38.5,6,359.0,1.0,0.0,34.390312741509916,63.90075917716689,0.7846595068433164,0.021602406343997814,38.5,1080.0
matched_mid_route,0.85,19,730019,S0,38.5,6,38.5,6,391.0,1.0,0.0,33.859739191941216,51.76033463505913,0.8074799665057617,0.018064168239417634,38.5,1080.0
matched_mid_route,0.85,19,730019,S3,38.5,6,38.5,6,391.0,1.0,0.0,34.609739191941216,52.3856448087564,0.8072623169191024,0.021024258760107817,38.5,1080.0
matched_mid_route,0.85,20,730020,S0,38.5,6,38.5,6,391.0,1.0,0.0,33.96182030552839,45.33783388077349,0.7873550518583803,0.019613111230521226,38.5,1080.0
matched_mid_route,0.85,20,730020,S3,38.5,6,38.5,6,391.0,1.0,0.0,34.71182030552839,46.16825782092312,0.7871435678261863,0.021577580804011103,38.5,1080.0
matched_mid_route,0.85,21,730021,S0,38.5,6,38.5,6,364.0,1.0543478260869565,0.05434782608695652,33.98442439490052,53.46159828815881,0.784232915921663,0.01183920704845815,38.5,1080.0
matched_mid_route,0.85,21,730021,S3,38.5,6,38.5,6,364.0,1.0,0.0,34.655620047074436,54.48333741859359,0.7840170521958382,0.01743279199926599,38.5,1080.0
matched_mid_route,0.85,22,730022,S0,38.5,6,38.5,6,396.0,1.8883374689826302,0.8883374689826302,34.88403901270198,72.35232095517466,0.8172915276165642,0.016152319075979065,38.5,1080.0
matched_mid_route,0.85,22,730022,S3,38.5,6,38.5,6,396.0,1.0,0.0,34.345949682677166,73.02477753085705,0.8170703391111199,0.019576003608479928,38.5,1080.0
matched_mid_route,0.85,23,730023,S0,38.5,6,38.5,6,379.0,1.0205655526992288,0.02056555269922879,34.53610372521006,52.979160605785545,0.7554671197831976,0.021887334050950842,38.5,1080.0
matched_mid_route,0.85,23,730023,S3,38.5,6,38.5,6,379.0,1.0,0.0,35.25628367379618,53.76836369061845,0.7554671197831976,0.028435593828489415,38.5,1080.0
matched_mid_route,0.85,24,730024,S0,38.5,6,38.5,6,393.0,1.0802005012531328,0.08020050125313283,34.39942135525706,57.70433133540382,0.8061655496720829,0.014961915125136017,38.5,1080.0
matched_mid_route,0.85,24,730024,S3,38.5,6,38.5,6,393.0,1.0,0.0,35.03313062844001,58.932401510842425,0.8061655496720829,0.02149075081610446,38.5,1080.0
matched_mid_route,0.85,25,730025,S0,38.5,6,38.5,6,399.0,1.0454545454545454,0.045454545454545456,33.80270375917271,52.16004004379633,0.8126638171886257,0.01586457502437295,38.5,1080.0
matched_mid_route,0.85,25,730025,S3,38.5,6,38.5,6,399.0,1.0,0.0,34.48679466826361,53.353819948102554,0.8124477980984639,0.016569200779727095,38.5,1080.0
matched_mid_route,0.85,26,730026,S0,38.5,6,38.5,6,381.0,3.742014742014742,2.742014742014742,37.955904831281984,106.31891153442078,0.8543718104540889,0.012988145048814504,38.5,1080.0
matched_mid_route,0.85,26,730026,S3,38.5,6,38.5,6,381.0,1.0,0.0,34.72998345536061,105.80048401599326,0.8501477499808577,0.018908838580969728,38.5,1080.0
matched_mid_route,0.85,27,730027,S0,38.5,6,38.5,6,412.0,1.819047619047619,0.819047619047619,35.38694409152634,75.20368979996074,0.8378643784731353,0.011484823625922888,38.5,1080.0
matched_mid_route,0.85,27,730027,S3,38.5,6,38.5,6,412.0,1.0,0.0,34.94932504390729,76.01083265710359,0.8376353286157069,0.012848551120831055,38.5,1080.0
matched_mid_route,0.85,28,730028,S0,38.5,6,38.5,6,391.0,1.040506329113924,0.04050632911392405,33.503231328155465,54.11359522027101,0.8128759239644398,0.014283114992721979,38.5,1080.0
matched_mid_route,0.85,28,730028,S3,38.5,6,38.5,6,391.0,1.0,0.0,34.19449715094027,55.13384838482797,0.8126541297150633,0.018099135970895863,38.5,1080.0
matched_mid_route,0.85,29,730029,S0,38.5,6,38.5,6,395.0,1.0,0.0,33.73520559937533,44.76491121908479,0.7480453249796314,0.023086047997080025,38.5,1080.0
matched_mid_route,0.85,29,730029,S3,38.5,6,38.5,6,395.0,1.0,0.0,34.48520559937532,45.849488333512646,0.747840605405198,0.027732165663200147,38.5,1080.0
matched_mid_route,0.85,30,730030,S0,38.5,6,38.5,6,402.0,1.108695652173913,0.10869565217391304,34.332193318740956,59.57715561485961,0.8780280215888994,0.013550135501355014,38.5,1080.0
matched_mid_route,0.85,30,730030,S3,38.5,6,38.5,6,402.0,1.0,0.0,34.92458462308878,61.38633435882096,0.8780280215888994,0.01906052393857272,38.5,1080.0
matched_mid_route,0.85,31,730031,S0,38.5,6,38.5,6,376.0,1.015625,0.015625,33.79670452651247,45.965362540027094,0.7592223936658228,0.02048214609389161,38.5,1080.0
matched_mid_route,0.85,31,730031,S3,38.5,6,38.5,6,376.0,1.0,0.0,34.52404827651247,46.733591706693765,0.7590160271549052,0.02419135634683338,38.5,1080.0
matched_mid_route,0.85,32,730032,S0,38.5,6,38.5,6,399.0,1.5911330049261083,0.5911330049261084,35.20157997761131,68.52774255027506,0.832989343568995,0.011350222464360302,38.5,1080.0
matched_mid_route,0.85,32,730032,S3,38.5,6,38.5,6,399.0,1.0,0.0,35.09443712046845,70.07207752564452,0.8327624946192212,0.017066085693536674,38.5,1080.0
matched_mid_route,0.85,33,730033,S0,38.5,6,38.5,6,374.0,1.2578125,0.2578125,35.14950432936109,60.664494290298734,0.7869879359654686,0.01638896476372576,38.5,1080.0
matched_mid_route,0.85,33,730033,S3,38.5,6,38.5,6,374.0,1.0,0.0,35.5256762043611,61.2842859569654,0.7867730293745441,0.020389586746768613,38.5,1080.0
matched_mid_route,0.85,34,730034,S0,38.5,6,38.5,6,417.0,5.142191142191142,4.142191142191142,40.46297532801088,131.33203324620757,0.9266166556925953,0.0026268115942028984,38.5,1080.0
matched_mid_route,0.85,34,730034,S3,38.5,6,38.5,6,417.0,1.0,0.0,35.206798171833725,130.77259268676704,0.9258618769885286,0.0019006244909041542,38.5,1080.0
matched_mid_route,0.85,35,730035,S0,38.5,6,38.5,6,394.0,1.1007556675062973,0.10075566750629723,33.99323441034194,56.99870741277059,0.79356408826577,0.020083533280014217,38.5,1080.0
matched_mid_route,0.85,35,730035,S3,38.5,6,38.5,6,394.0,1.0,0.0,34.59713869245781,57.5604202591182,0.7933525839778526,0.02203269367448472,38.5,1080.0
matched_mid_route,0.85,36,730036,S0,38.5,6,38.5,6,381.0,1.0310077519379846,0.031007751937984496,34.24379445908061,52.062880695980475,0.7523990501837361,0.018998272884283247,38.5,1080.0
matched_mid_route,0.85,36,730036,S3,38.5,6,38.5,6,381.0,1.0,0.0,34.94883321877053,52.96468948151019,0.7521939250337405,0.024536532170119956,38.5,1080.0
matched_mid_route,0.85,37,730037,S0,38.5,6,38.5,6,394.0,1.2063882063882063,0.20638820638820637,35.206929663812204,56.32304066836999,0.7953542015569112,0.016208032772286045,38.5,1080.0
matched_mid_route,0.85,37,730037,S3,38.5,6,38.5,6,394.0,1.0,0.0,35.657666764549305,57.1313944767238,0.7983402457569103,0.021542862250826852,38.5,1080.0
matched_mid_route,0.85,38,730038,S0,38.5,6,38.5,6,371.0,1.013089005235602,0.013089005235602094,33.850908395812276,47.64576766726017,0.7424952385429928,0.027403414195867025,38.5,1080.0
matched_mid_route,0.85,38,730038,S3,38.5,6,38.5,6,371.0,1.0,0.0,34.581929338220654,48.51487761490415,0.7418953231873158,0.03402459825837149,38.5,1080.0
matched_mid_route,0.85,39,730039,S0,38.5,6,38.5,6,405.0,4.240963855421687,3.2409638554216866,38.69169622900904,115.03825358406851,0.909327952000351,0.006580751302440362,38.5,1080.0
matched_mid_route,0.85,39,730039,S3,38.5,6,38.5,6,406.0,1.0,0.0,34.7422986386476,115.89849454792393,0.9090786844696491,0.008315058479532164,38.5,1080.0
matched_mid_route,0.85,40,730040,S0,38.5,6,38.5,6,391.0,3.7719298245614037,2.7719298245614037,37.780786096279826,104.30627846996812,0.8462994103375236,0.011422355180853957,38.5,1080.0
matched_mid_route,0.85,40,730040,S3,38.5,6,38.5,6,391.0,1.0,0.0,34.5114878506658,105.24863435969243,0.8460693126185629,0.014047489577669024,38.5,1080.0
matched_mid_route,0.85,41,730041,S0,38.5,6,38.5,6,362.0,1.0,0.0,33.84476295540372,47.41558640156005,0.7267238433365092,0.021394252560964555,38.5,1080.0
matched_mid_route,0.85,41,730041,S3,38.5,6,38.5,6,362.0,1.0,0.0,34.59476295540372,48.21128532629123,0.7265262566471846,0.03054196121080297,38.5,1080.0
matched_mid_route,0.85,42,730042,S0,38.5,6,38.5,6,377.0,1.0155844155844156,0.015584415584415584,34.3289013569003,51.57668257331314,0.7919990873125157,0.013490110290766567,38.5,1080.0
matched_mid_route,0.85,42,730042,S3,38.5,6,38.5,6,377.0,1.0,0.0,35.0563039543029,52.05979945643003,0.7917825758069628,0.01694915254237288,38.5,1080.0
matched_mid_route,0.85,43,730043,S0,38.5,6,38.5,6,423.0,1.160919540229885,0.16091954022988506,34.81409100157773,61.59859717947298,0.8548916606819537,0.01661699629729974,38.5,1080.0
matched_mid_route,0.85,43,730043,S3,38.5,6,38.5,6,422.0,1.0,0.0,35.330757668244395,63.35491901855344,0.8555870714688425,0.02856109906001446,38.5,1080.0
matched_mid_route,0.85,44,730044,S0,38.5,6,38.5,6,409.0,1.0239234449760766,0.023923444976076555,33.94068454107158,50.45155960531632,0.7861545828324896,0.014993600292558055,38.5,1080.0
matched_mid_route,0.85,44,730044,S3,38.5,6,38.5,6,410.0,1.0,0.0,34.65599554585627,51.678832332589046,0.7861545828324896,0.01910769793380874,38.5,1080.0
matched_mid_route,0.85,45,730045,S0,38.5,6,38.5,6,396.0,3.0632603406326036,2.0632603406326036,36.73685442064751,94.70820273587805,0.8961772786193244,0.01087151841868823,38.5,1080.0
matched_mid_route,0.85,45,730045,S3,38.5,6,38.5,6,396.0,1.0,0.0,34.49512692673023,96.23375018113352,0.8952120903817161,0.014449829474062108,38.5,1080.0
matched_mid_route,0.85,46,730046,S0,38.5,6,38.5,6,381.0,1.2729591836734695,0.2729591836734694,34.776258805616884,58.493789660799905,0.7848342078654532,0.015514425694066412,38.5,1080.0
matched_mid_route,0.85,46,730046,S3,38.5,6,38.5,6,381.0,1.0,0.0,35.13046798929035,58.92746313018766,0.7852616774775804,0.020697167755991286,38.5,1080.0
matched_mid_route,0.85,47,730047,S0,38.5,6,38.5,6,393.0,1.5087281795511223,0.5087281795511222,34.92907590111908,61.605587921585595,0.7888192875411415,0.01832199546485261,38.5,1080.0
matched_mid_route,0.85,47,730047,S3,38.5,6,38.5,6,394.0,1.0,0.0,34.94142004076995,62.40109914353073,0.7886047012278822,0.023757707653246283,38.5,1080.0
matched_mid_route,0.85,48,730048,S0,38.5,6,38.5,6,354.0,2.167539267015707,1.1675392670157068,36.18953784350977,83.65576518827609,0.8333094169368812,0.009102156238953694,38.5,1080.0
matched_mid_route,0.85,48,730048,S3,38.5,6,38.5,6,353.0,1.0,0.0,35.24660590633699,84.17670759665306,0.8357466420329476,0.010280953647079677,38.5,1080.0
matched_mid_route,0.85,49,730049,S0,38.5,6,38.5,6,349.0,1.0354223433242506,0.035422343324250684,33.89594109124632,51.97459244440374,0.7726642869524527,0.013675666137286041,38.5,1080.0
matched_mid_route,0.85,49,730049,S3,38.5,6,38.5,6,349.0,1.0,0.0,34.59457869342616,52.76750797573889,0.7730735371044403,0.015713276836158193,38.5,1080.0
matched_mid_route,0.95,0,730000,S0,38.5,6,38.5,6,394.0,1.7867298578199051,0.7867298578199052,35.463413869018204,73.32994825889068,0.874888331815285,0.011125597566275533,38.5,1080.0
matched_mid_route,0.95,0,730000,S3,38.5,6,38.5,6,394.0,1.0,0.0,35.07265557517935,74.533739728085,0.8742044691275711,0.013201320132013201,38.5,1080.0
matched_mid_route,0.95,1,730001,S0,38.5,6,38.5,6,438.0,6.592920353982301,5.592920353982301,42.07126807607491,140.74659858510182,0.9283220802288035,0.004516711833785004,38.5,1080.0
matched_mid_route,0.95,1,730001,S3,38.5,6,38.5,6,438.0,1.0,0.0,34.711533562800575,142.36385522226996,0.9238156623636151,0.006202804746494067,38.5,1080.0
matched_mid_route,0.95,2,730002,S0,38.5,6,38.5,6,400.0,1.1476997578692494,0.14769975786924938,34.05161634945644,66.92575584062254,0.855785783896548,0.01013116236996834,38.5,1080.0
matched_mid_route,0.95,2,730002,S3,38.5,6,38.5,6,400.0,1.0,0.0,34.587451700546026,67.7514217001867,0.857414522473839,0.011509878557186878,38.5,1080.0
matched_mid_route,0.95,3,730003,S0,38.5,6,38.5,6,451.0,9.645702306079665,8.645702306079665,46.92991766522183,175.6553011128859,0.9519982058258891,0.005537974683544304,38.5,1080.0
matched_mid_route,0.95,3,730003,S3,38.5,6,38.5,6,452.0,1.0,0.0,35.143649321406315,179.82720886969932,0.9547678382681226,0.004760645331922771,38.5,1080.0
matched_mid_route,0.95,4,730004,S0,38.5,6,38.5,6,435.0,1.6550976138828633,0.6550976138828634,35.4755853863914,74.40148151448066,0.878804614296764,0.011299435028248588,38.5,1080.0
matched_mid_route,0.95,4,730004,S3,38.5,6,38.5,6,435.0,1.0,0.0,35.27569384626125,76.04356394398175,0.8783393921610855,0.018793012175754367,38.5,1080.0
matched_mid_route,0.95,5,730005,S0,38.5,6,38.5,6,397.0,4.080188679245283,3.080188679245283,38.29061450852258,106.9834810128964,0.8166963775130256,0.011441994392665,38.5,1080.0
matched_mid_route,0.95,5,730005,S3,38.5,6,38.5,6,397.0,1.0,0.0,34.574340923616916,107.59668856006621,0.8131841024626074,0.01508978421608571,38.5,1080.0
matched_mid_route,0.95,6,730006,S0,38.5,6,38.5,6,463.0,6.190274841437632,5.190274841437632,41.60125372684013,123.18937832771091,0.9225718326338836,0.006461006461006461,38.5,1080.0
matched_mid_route,0.95,6,730006,S3,38.5,6,38.5,6,463.0,1.0,0.0,34.82535520675556,124.39445232348258,0.9215654821210569,0.009271884374147804,38.5,1080.0
matched_mid_route,0.95,7,730007,S0,38.5,6,38.5,6,442.0,3.7741228070175437,2.7741228070175437,37.873911570875194,103.976554087974,0.9245321578327304,0.004304546677428033,38.5,1080.0
matched_mid_route,0.95,7,730007,S3,38.5,6,38.5,6,443.0,1.0,0.0,34.601433500699756,105.57523829850031,0.9247809555070664,0.00511302475780409,38.5,1080.0
matched_mid_route,0.95,8,730008,S0,38.5,6,38.5,6,414.0,11.008810572687224,10.008810572687224,48.743960663670684,199.15357712208734,0.9583849441214988,0.01136657194523379,38.5,1080.0
matched_mid_route,0.95,8,730008,S3,38.5,6,38.5,6,415.0,1.0,0.0,34.98118533327422,200.3870572982988,0.9638628523497851,0.00857365549493375,38.5,1080.0
matched_mid_route,0.95,9,730009,S0,38.5,6,38.5,6,421.0,5.1020408163265305,4.1020408163265305,40.208281451853836,113.88709989785886,0.8618160370904349,0.007333869957964404,38.5,1080.0
matched_mid_route,0.95,9,730009,S3,38.5,6,38.5,6,422.0,1.0,0.0,35.01032226818037,114.74197518130556,0.8599701125129988,0.009013833110218653,38.5,1080.0
matched_mid_route,0.95,10,730010,S0,38.5,6,38.5,6,451.0,5.520408163265306,4.520408163265306,40.680230187455884,124.61210647232201,0.938576223619463,0.0053016914920474625,38.5,1080.0
matched_mid_route,0.95,10,730010,S3,38.5,6,38.5,6,456.0,1.0,0.0,34.87563835072119,124.36720851313834,0.9383393290652936,0.005805148914689551,38.5,1080.0
matched_mid_route,0.95,11,730011,S0,38.5,6,38.5,6,425.0,4.01605504587156,3.0160550458715596,38.65125563845265,104.21526510925659,0.8797283821274672,0.01185305826999638,38.5,1080.0
matched_mid_route,0.95,11,730011,S3,38.5,6,38.5,6,425.0,1.0,0.0,35.02797582193889,103.11205410008228,0.8787742298691945,0.02051699204627621,38.5,1080.0
matched_mid_route,0.95,12,730012,S0,38.5,6,38.5,6,429.0,2.440180586907449,1.440180586907449,36.203671978143916,76.46659863616595,0.8844932490078549,0.008480628459203714,38.5,1080.0
matched_mid_route,0.95,12,730012,S3,38.5,6,38.5,6,428.0,1.0,0.0,34.86541012712812,77.2498943472269,0.8840197515512125,0.01293718772305496,38.5,1080.0
matched_mid_route,0.95,13,730013,S0,38.5,6,38.5,6,420.0,3.0997732426303855,2.0997732426303855,37.76125432705466,94.55107961789892,0.9094615095846182,0.009950248756218905,38.5,1080.0
matched_mid_route,0.95,13,730013,S3,38.5,6,38.5,6,421.0,1.0,0.0,35.46658312524061,95.10663517345448,0.9063212706405013,0.012660469234174413,38.5,1080.0
matched_mid_route,0.95,14,730014,S0,38.5,6,38.5,6,439.0,3.393939393939394,2.393939393939394,37.29629508878474,108.43578638529677,0.9427744131239153,0.006885593220338983,38.5,1080.0
matched_mid_route,0.95,14,730014,S3,38.5,6,38.5,6,439.0,1.0,0.0,34.57508296757261,110.29725824676862,0.9425248038008749,0.009884387962227518,38.5,1080.0
matched_mid_route,0.95,15,730015,S0,38.5,6,38.5,6,425.0,4.016203703703703,3.0162037037037037,38.22463702089102,105.42730755026763,0.8869679353845601,0.007336956521739131,38.5,1080.0
matched_mid_route,0.95,15,730015,S3,38.5,6,38.5,6,425.0,1.0,0.0,34.60114165052064,108.67036310582318,0.8869679353845601,0.011322463768115942,38.5,1080.0
matched_mid_route,0.95,16,730016,S0,38.5,6,38.5,6,419.0,2.3191489361702127,1.3191489361702127,36.40545679344898,77.73660001059773,0.8126795614468717,0.02053669222343921,38.5,1080.0
matched_mid_route,0.95,16,730016,S3,38.5,6,38.5,6,419.0,1.0,0.0,35.24269083600217,78.49310119263083,0.8124570923635304,0.02418103841591386,38.5,1080.0
matched_mid_route,0.95,17,730017,S0,38.5,6,38.5,6,417.0,1.2697674418604652,0.26976744186046514,34.59798075772679,65.52125439564452,0.8441644632938534,0.01108108108108108,38.5,1080.0
matched_mid_route,0.95,17,730017,S3,38.5,6,38.5,6,417.0,1.0,0.0,34.95681796702912,66.59567300029569,0.8462228431826762,0.019687528221800775,38.5,1080.0
matched_mid_route,0.95,18,730018,S0,38.5,6,38.5,6,395.0,1.2598039215686274,0.25980392156862747,34.0414145253897,72.1153171455766,0.8640834830329794,0.01395224040783472,38.5,1080.0
matched_mid_route,0.95,18,730018,S3,38.5,6,38.5,6,395.0,1.0,0.0,34.41469883911518,72.57119949851779,0.8638517009828096,0.015379113018597998,38.5,1080.0
matched_mid_route,0.95,19,730019,S0,38.5,6,38.5,6,426.0,1.2630385487528344,0.26303854875283444,34.18283124465734,66.38883735769618,0.8630551589898897,0.012644605864944848,38.5,1080.0
matched_mid_route,0.95,19,730019,S3,38.5,6,38.5,6,427.0,1.0,0.0,34.551425348965736,66.6314677431837,0.862591026072982,0.019180783364703774,38.5,1080.0
matched_mid_route,0.95,20,730020,S0,38.5,6,38.5,6,411.0,1.5227272727272727,0.5227272727272727,34.70825059529578,69.676113063954,0.8759662854146949,0.009313351960037254,38.5,1080.0
matched_mid_route,0.95,20,730020,S3,38.5,6,38.5,6,412.0,1.0,0.0,34.700296049841235,69.88520397304491,0.8746333415363058,0.016823061966353876,38.5,1080.0
matched_mid_route,0.95,21,730021,S0,38.5,6,38.5,6,412.0,1.9189814814814814,0.9189814814814815,35.35623537642088,77.53957501785791,0.876517945012059,0.010860927152317882,38.5,1080.0
matched_mid_route,0.95,21,730021,S3,38.5,6,38.5,6,411.0,1.0,0.0,34.77371222827272,78.42614909193199,0.8744332035995039,0.017529950669485553,38.5,1080.0
matched_mid_route,0.95,22,730022,S0,38.5,6,38.5,6,440.0,3.25,2.25,37.05587794202904,88.93692659732544,0.9033937385134903,0.00837658199034872,38.5,1080.0
matched_mid_route,0.95,22,730022,S3,38.5,6,38.5,6,440.0,1.0,0.0,34.54337794202903,89.33424802589687,0.9031470444286969,0.01356271618423448,38.5,1080.0
matched_mid_route,0.95,23,730023,S0,38.5,6,38.5,6,435.0,1.4522727272727274,0.45227272727272727,34.90238184094181,69.70930814513765,0.8639762794444648,0.01067969952031858,38.5,1080.0
matched_mid_route,0.95,23,730023,S3,38.5,6,38.5,6,433.0,1.0,0.0,34.99658638639635,70.74112632695584,0.8637417581959728,0.016286644951140065,38.5,1080.0
matched_mid_route,0.95,24,730024,S0,38.5,6,38.5,6,430.0,2.356818181818182,1.356818181818182,36.09145399090356,87.1836918145393,0.8983438669251931,0.00745590107292235,38.5,1080.0
matched_mid_route,0.95,24,730024,S3,38.5,6,38.5,6,430.0,1.0,0.0,34.874067627267195,88.49278272363023,0.8983438669251931,0.007637752318603383,38.5,1080.0
matched_mid_route,0.95,25,730025,S0,38.5,6,38.5,6,449.0,3.776150627615063,2.776150627615063,37.97861480123339,101.54374554104537,0.9078879958146999,0.004805591961555264,38.5,1080.0
matched_mid_route,0.95,25,730025,S3,38.5,6,38.5,6,448.0,1.0,0.0,34.70319639119156,102.67972880464369,0.9088409089564629,0.005160500306131374,38.5,1080.0
matched_mid_route,0.95,26,730026,S0,38.5,6,38.5,6,394.0,10.828507795100222,9.828507795100222,48.1616350071406,199.85304237447158,0.8884710198263448,0.018840225103988254,38.5,1080.0
matched_mid_route,0.95,26,730026,S3,38.5,6,38.5,6,397.0,1.0,0.0,34.660298704245285,197.09803123861414,0.8992523670208695,0.01634472511144131,38.5,1080.0
matched_mid_route,0.95,27,730027,S0,38.5,6,38.5,6,465.0,4.635051546391753,3.6350515463917525,39.309331163594855,115.11680416303744,0.9336339026551774,0.005880780539962577,38.5,1080.0
matched_mid_route,0.95,27,730027,S3,38.5,6,38.5,6,465.0,1.0,0.0,34.788506421326815,115.12917529705807,0.9333844013450077,0.010956707642971674,38.5,1080.0
matched_mid_route,0.95,28,730028,S0,38.5,6,38.5,6,423.0,3.3555045871559632,2.3555045871559632,37.07032737907047,96.04058643443233,0.8904288459048199,0.009970358393963891,38.5,1080.0
matched_mid_route,0.95,28,730028,S3,38.5,6,38.5,6,423.0,1.0,0.0,34.404845727694315,97.36627450782682,0.8901889674441774,0.014457614942528736,38.5,1080.0
matched_mid_route,0.95,29,730029,S0,38.5,6,38.5,6,434.0,2.1425389755011137,1.1425389755011135,35.25797890452077,72.61084234373955,0.8564745906910087,0.01832791621524016,38.5,1080.0
matched_mid_route,0.95,29,730029,S3,38.5,6,38.5,6,433.0,1.0,0.0,34.35129739004415,73.43712296734756,0.8541610450651551,0.024761390239510173,38.5,1080.0
matched_mid_route,0.95,30,730030,S0,38.5,6,38.5,6,442.0,1.3140311804008908,0.31403118040089084,34.595379231621635,76.81907125856563,0.9417233385869627,0.004828277307096657,38.5,1080.0
matched_mid_route,0.95,30,730030,S3,38.5,6,38.5,6,442.0,1.0,0.0,34.890034020040346,80.54067482204002,0.9399251761837688,0.008274231678486997,38.5,1080.0
matched_mid_route,0.95,31,730031,S0,38.5,6,38.5,6,422.0,1.2775229357798166,0.2775229357798165,34.25400674527578,61.91704751007705,0.8481752017114561,0.014281864726488817,38.5,1080.0
matched_mid_route,0.95,31,730031,S3,38.5,6,38.5,6,422.0,1.0,0.0,34.601598488395055,62.63723099631558,0.8474900844241287,0.02046311254711901,38.5,1080.0
matched_mid_route,0.95,32,730032,S0,38.5,6,38.5,6,447.0,4.24780701754386,3.2478070175438596,38.94544842535006,107.24948072187196,0.9104114368516133,0.008977466558937068,38.5,1080.0
matched_mid_route,0.95,32,730032,S3,38.5,6,38.5,6,447.0,1.0,0.0,34.98612824991146,111.89641054643337,0.910166307224028,0.014270328486806677,38.5,1080.0
matched_mid_route,0.95,33,730033,S0,38.5,6,38.5,6,424.0,1.9539170506912442,0.9539170506912442,35.66537048916003,71.68820581574836,0.8772998862124576,0.009334783396773608,38.5,1080.0
matched_mid_route,0.95,33,730033,S3,38.5,6,38.5,6,424.0,1.0,0.0,35.032190765657724,72.23889705998799,0.8777771984465228,0.014236488937250635,38.5,1080.0
matched_mid_route,0.95,34,730034,S0,38.5,6,38.5,6,425.0,14.567741935483872,13.567741935483872,53.90418862078772,226.82834534985304,0.940931583467284,0.010562770562770564,38.5,1080.0
matched_mid_route,0.95,34,730034,S3,38.5,6,38.5,6,430.0,1.0,0.0,34.98096281433612,222.1917862100681,0.9488178617991208,0.0034049240440020955,38.5,1080.0
matched_mid_route,0.95,35,730035,S0,38.5,6,38.5,6,446.0,1.164835164835165,0.16483516483516483,34.21256127648124,65.45224550540111,0.9065587883871565,0.010612244897959184,38.5,1080.0
matched_mid_route,0.95,35,730035,S3,38.5,6,38.5,6,446.0,1.0,0.0,34.723550287470246,66.24345429660991,0.9063121728299239,0.011606819006166122,38.5,1080.0
matched_mid_route,0.95,36,730036,S0,38.5,6,38.5,6,435.0,1.8329571106094809,0.8329571106094809,35.30598747596273,75.00572158223503,0.867876921930567,0.013216662109196973,38.5,1080.0
matched_mid_route,0.95,36,730036,S3,38.5,6,38.5,6,435.0,1.0,0.0,34.84819966557898,76.57457034070005,0.8676396674412475,0.018771642063058137,38.5,1080.0
matched_mid_route,0.95,37,730037,S0,38.5,6,38.5,6,445.0,5.125813449023862,4.125813449023862,40.827569995617864,122.42996435123442,0.9093507184838829,0.007940804908861216,38.5,1080.0
matched_mid_route,0.95,37,730037,S3,38.5,6,38.5,6,445.0,1.0,0.0,35.59514049453326,124.55577780025828,0.9093507184838829,0.015881609817722433,38.5,1080.0
matched_mid_route,0.95,38,730038,S0,38.5,6,38.5,6,420.0,1.7937219730941705,0.7937219730941704,35.15387148718698,76.55471800327983,0.8766200846325213,0.013881658858233559,38.5,1080.0
matched_mid_route,0.95,38,730038,S3,38.5,6,38.5,6,418.0,1.0,0.0,34.75297462620044,77.83498706157579,0.8814379390625875,0.019802843932652883,38.5,1080.0
matched_mid_route,0.95,39,730039,S0,38.5,6,38.5,6,417.0,17.103813559322035,16.103813559322035,57.30775098351894,255.23974349684235,0.9329213351112539,0.017281488866733134,38.5,1080.0
matched_mid_route,0.95,39,730039,S3,38.5,6,38.5,6,425.0,1.0,0.0,34.70722132250199,244.37109942904573,0.9480446799560162,0.005150287065180682,38.5,1080.0
matched_mid_route,0.95,40,730040,S0,38.5,6,38.5,6,425.0,6.5504587155963305,5.5504587155963305,41.965090383863945,142.4526652999271,0.9130919180193334,0.006424176619616359,38.5,1080.0
matched_mid_route,0.95,40,730040,S3,38.5,6,38.5,6,425.0,1.0,0.0,34.666925246249264,144.27605979533996,0.9135878940747486,0.010139416983523447,38.5,1080.0
matched_mid_route,0.95,41,730041,S0,38.5,6,38.5,6,412.0,1.1217798594847774,0.12177985948477751,34.2663614427454,61.9276082012804,0.8549795413387232,0.01178587494376968,38.5,1080.0
matched_mid_route,0.95,41,730041,S3,38.5,6,38.5,6,412.0,1.0,0.0,34.83978064649248,63.03767845889164,0.855903593801667,0.017292623615239124,38.5,1080.0
matched_mid_route,0.95,42,730042,S0,38.5,6,38.5,6,427.0,2.279816513761468,1.2798165137614679,35.838189408272044,82.24988681178135,0.8804720016998863,0.007806826434277415,38.5,1080.0
matched_mid_route,0.95,42,730042,S3,38.5,6,38.5,6,427.0,1.0,0.0,34.73245546331792,82.60539139893731,0.8804720016998863,0.010076252723311547,38.5,1080.0
matched_mid_route,0.95,43,730043,S0,38.5,6,38.5,6,467.0,5.1252653927813165,4.1252653927813165,40.596396972487184,118.95874565520302,0.9374367973367942,0.007166482910694598,38.5,1080.0
matched_mid_route,0.95,43,730043,S3,38.5,6,38.5,6,467.0,1.0,0.0,35.36476215295428,123.14133588874867,0.9371784791231439,0.012400110223201984,38.5,1080.0
matched_mid_route,0.95,44,730044,S0,38.5,6,38.5,6,445.0,1.403470715835141,0.403470715835141,34.5971783711784,68.19228374807828,0.8695225324568389,0.009308986752595776,38.5,1080.0
matched_mid_route,0.95,44,730044,S3,38.5,6,38.5,6,446.0,1.0,0.0,34.76214583321744,68.89293450729737,0.868822621644558,0.011716304445040694,38.5,1080.0
matched_mid_route,0.95,45,730045,S0,38.5,6,38.5,6,411.0,10.756521739130434,9.756521739130434,47.91399890853865,190.6273685122134,0.9168720979111147,0.011898691143974164,38.5,1080.0
matched_mid_route,0.95,45,730045,S3,38.5,6,38.5,6,416.0,1.0,0.0,34.51704238679951,190.2686728600395,0.925127956780909,0.009433153245862276,38.5,1080.0
matched_mid_route,0.95,46,730046,S0,38.5,6,38.5,6,418.0,2.0547945205479454,1.0547945205479452,35.87146179034799,77.16736346785467,0.8830316548258884,0.010979358805445762,38.5,1080.0
matched_mid_route,0.95,46,730046,S3,38.5,6,38.5,6,417.0,1.0,0.0,35.09200973555347,79.56234063680444,0.8821019031493147,0.012810388698780381,38.5,1080.0
matched_mid_route,0.95,47,730047,S0,38.5,6,38.5,6,426.0,1.9887640449438202,0.9887640449438202,35.762526405481914,81.28496544386357,0.8935108657804048,0.010566506837151483,38.5,1080.0
matched_mid_route,0.95,47,730047,S3,38.5,6,38.5,6,426.0,1.0,0.0,35.07881854031337,81.90743735397592,0.8927973889112696,0.014195723538284091,38.5,1080.0
matched_mid_route,0.95,48,730048,S0,38.5,6,38.5,6,396.0,5.719907407407407,4.719907407407407,41.131818802696024,127.30911447718599,0.8984323465804434,0.005727964435325297,38.5,1080.0
matched_mid_route,0.95,48,730048,S3,38.5,6,38.5,6,398.0,1.0,0.0,35.037953061955285,126.62624410681562,0.8970519127572724,0.006231327358087921,38.5,1080.0
matched_mid_route,0.95,49,730049,S0,38.5,6,38.5,6,381.0,3.259433962264151,2.259433962264151,37.019895048690564,97.43558573592027,0.8659096031459486,0.011511765701709836,38.5,1080.0
matched_mid_route,0.95,49,730049,S3,38.5,6,38.5,6,382.0,1.0,0.0,34.49371580340755,99.02756686799573,0.86723093010904,0.01364869447270261,38.5,1080.0
matched_long_route,0.85,0,730000,S0,55.0,10,55.0,10,371.0,1.2163588390501319,0.21635883905013192,49.34221879996717,74.00040420090887,0.7982451329818758,0.017141842081890044,55.0,1800.0
matched_long_route,0.85,0,730000,S3,55.0,10,55.0,10,371.0,1.0,0.0,49.77849848334447,76.24578678666084,0.7982451329818758,0.03606004085620393,55.0,1800.0
matched_long_route,0.85,1,730001,S0,55.0,10,55.0,10,389.0,2.463659147869674,1.463659147869674,50.20364759060416,91.26552559500145,0.8428302918974809,0.01001274349171673,55.0,1800.0
matched_long_route,0.85,1,730001,S3,55.0,10,55.0,10,389.0,1.0,0.0,48.83134182619314,96.48607697344757,0.8426001989977,0.02575302575302575,55.0,1800.0
matched_long_route,0.85,2,730002,S0,55.0,10,55.0,10,372.0,1.0155844155844156,0.015584415584415584,48.30694558836482,62.12293301203759,0.7646277552038288,0.01551430364989687,55.0,1800.0
matched_long_route,0.85,2,730002,S3,55.0,10,55.0,10,372.0,1.0,0.0,49.03434818576741,64.92553041463499,0.7652453866700677,0.03760545683001257,55.0,1800.0
matched_long_route,0.85,3,730003,S0,55.0,10,55.0,10,427.0,2.4727272727272727,1.4727272727272727,50.91719809857306,99.09022233193848,0.9163390938685808,0.0065323897659227,55.0,1800.0
matched_long_route,0.85,3,730003,S3,55.0,10,55.0,10,427.0,1.0,0.0,49.53174355311852,105.82885869557484,0.9140998726237214,0.019730292334147886,55.0,1800.0
matched_long_route,0.85,4,730004,S0,55.0,10,55.0,10,410.0,1.2224824355971897,0.2224824355971897,49.32471202300299,71.6501321278882,0.816043855759621,0.017497113420374813,55.0,1800.0
matched_long_route,0.85,4,730004,S3,55.0,10,55.0,10,408.0,1.0,0.0,49.75211249138707,76.35739208104978,0.8125796207656826,0.04775802600159194,55.0,1800.0
matched_long_route,0.85,5,730005,S0,55.0,10,55.0,10,371.0,2.5428571428571427,1.542857142857143,50.05797910751023,93.55326360198855,0.8064013580958996,0.0168314186481432,55.0,1800.0
matched_long_route,0.85,5,730005,S3,55.0,10,55.0,10,370.0,1.0,0.0,48.57083625036738,97.03378308250802,0.8038243098143681,0.03399911229471815,55.0,1800.0
matched_long_route,0.85,6,730006,S0,55.0,10,55.0,10,421.0,1.9441860465116279,0.9441860465116279,49.75953888378321,83.87633890613733,0.8535884700298193,0.014422210203713719,55.0,1800.0
matched_long_route,0.85,6,730006,S3,55.0,10,55.0,10,423.0,1.0,0.0,49.14046911634135,94.76936216195128,0.8526661702242766,0.04808211777417612,55.0,1800.0
matched_long_route,0.85,7,730007,S0,55.0,10,55.0,10,400.0,1.6368038740920097,0.6368038740920097,48.804942578386175,80.28594825303446,0.8377050326942053,0.01057197072377338,55.0,1800.0
matched_long_route,0.85,7,730007,S3,55.0,10,55.0,10,399.0,1.0,0.0,48.631576960952756,84.67577876150904,0.8363447538860415,0.033649075327018496,55.0,1800.0
matched_long_route,0.85,8,730008,S0,55.0,10,55.0,10,386.0,2.0050125313283207,1.005012531328321,49.929924975491815,99.5705834808422,0.9066257518395577,0.008781459351801557,55.0,1800.0
matched_long_route,0.85,8,730008,S3,55.0,10,55.0,10,387.0,1.0,0.0,49.22265680506574,103.6908842327219,0.9061335554487654,0.01972493666304741,55.0,1800.0
matched_long_route,0.85,9,730009,S0,55.0,10,55.0,10,374.0,3.8513853904282116,2.8513853904282116,52.731743904412504,103.570718629856,0.8111076018708175,0.01417685628211944,55.0,1800.0
matched_long_route,0.85,9,730009,S3,55.0,10,55.0,10,373.0,1.0,0.0,49.34723508829161,109.03419470038497,0.8089572635837793,0.041799222340049486,55.0,1800.0
matched_long_route,0.85,10,730010,S0,55.0,10,55.0,10,435.0,4.295302013422819,3.295302013422819,52.504269152002756,113.82038044534411,0.9021977166583298,0.015131045663334234,55.0,1800.0
matched_long_route,0.85,10,730010,S3,55.0,10,55.0,10,433.0,1.0,0.0,48.47608123253968,112.65706948337544,0.9031738570063507,0.026147326661256874,55.0,1800.0
matched_long_route,0.85,11,730011,S0,55.0,10,55.0,10,369.0,1.558746736292428,0.5587467362924282,49.35783195500936,86.2925043298728,0.8169714637347405,0.022077452044878754,55.0,1800.0
matched_long_route,0.85,11,730011,S3,55.0,10,55.0,10,369.0,1.0,0.0,49.29764918738533,89.49354871629578,0.8132188252901338,0.049265964153832296,55.0,1800.0
matched_long_route,0.85,12,730012,S0,55.0,10,55.0,10,403.0,2.4121951219512194,1.4121951219512194,50.635429880234696,82.60656893210019,0.8081157916125556,0.011432172112701413,55.0,1800.0
matched_long_route,0.85,12,730012,S3,55.0,10,55.0,10,402.0,1.0,0.0,49.33774695340542,85.3407152735636,0.807897617802725,0.04409647228221742,55.0,1800.0
matched_long_route,0.85,13,730013,S0,55.0,10,55.0,10,367.0,1.3657894736842104,0.36578947368421055,49.32469459298053,71.93901734825985,0.7787155647435513,0.016472078921169336,55.0,1800.0
matched_long_route,0.85,13,730013,S3,55.0,10,55.0,10,366.0,1.0,0.0,49.54429985613843,74.60480682194407,0.7785041870115362,0.05175533840028954,55.0,1800.0
matched_long_route,0.85,14,730014,S0,55.0,10,55.0,10,418.0,1.2635294117647058,0.2635294117647059,48.72435233945421,72.07219226277468,0.8244546489937531,0.00840122199592668,55.0,1800.0
matched_long_route,0.85,14,730014,S3,55.0,10,55.0,10,418.0,1.0,0.0,49.09223469239538,79.42748638042174,0.8242448107018229,0.0255366081275982,55.0,1800.0
matched_long_route,0.85,15,730015,S0,55.0,10,55.0,10,387.0,1.5355329949238579,0.5355329949238579,48.720012503430674,77.61576181917776,0.823061324916273,0.010638297872340425,55.0,1800.0
matched_long_route,0.85,15,730015,S3,55.0,10,55.0,10,387.0,1.0,0.0,48.69348966079109,82.55231004252802,0.823061324916273,0.029459901800327332,55.0,1800.0
matched_long_route,0.85,16,730016,S0,55.0,10,55.0,10,373.0,1.0918635170603674,0.09186351706036745,48.63102339727104,68.85331928771208,0.7527578697585101,0.017094017094017096,55.0,1800.0
matched_long_route,0.85,16,730016,S3,55.0,10,55.0,10,373.0,1.0,0.0,49.24782129753351,71.5304846420428,0.7517325934444836,0.04458367384000726,55.0,1800.0
matched_long_route,0.85,17,730017,S0,55.0,10,55.0,10,378.0,1.0841836734693877,0.08418367346938775,48.67645470785209,63.71237646983676,0.765524837401541,0.018683194107608013,55.0,1800.0
matched_long_route,0.85,17,730017,S3,55.0,10,55.0,10,378.0,1.0,0.0,49.30438838132146,66.42921320453064,0.7663508690577606,0.057099181728261846,55.0,1800.0
matched_long_route,0.85,18,730018,S0,55.0,10,55.0,10,357.0,1.318801089918256,0.3188010899182561,48.14699406825277,76.74272103002792,0.7812414420163377,0.01887648606951629,55.0,1800.0
matched_long_route,0.85,18,730018,S3,55.0,10,55.0,10,355.0,1.0,0.0,48.4347324878713,81.84898806000068,0.7812414420163377,0.04319811235139305,55.0,1800.0
matched_long_route,0.85,19,730019,S0,55.0,10,55.0,10,390.0,1.0769230769230769,0.07692307692307693,48.10973730716877,66.77026019337178,0.8050922569273844,0.02186379928315412,55.0,1800.0
matched_long_route,0.85,19,730019,S3,55.0,10,55.0,10,388.0,1.0,0.0,48.74819884563031,71.49978872935193,0.8016443243495369,0.05308708065667381,55.0,1800.0
matched_long_route,0.85,20,730020,S0,55.0,10,55.0,10,391.0,1.0099750623441397,0.00997506234413965,48.158492848296696,60.26551467877848,0.7856663546962179,0.013494191242180518,55.0,1800.0
matched_long_route,0.85,20,730020,S3,55.0,10,55.0,10,389.0,1.0,0.0,48.8940290078977,62.58471667379094,0.7825194934624546,0.04530485091232755,55.0,1800.0
matched_long_route,0.85,21,730021,S0,55.0,10,55.0,10,364.0,1.1059782608695652,0.10597826086956522,48.21741140265292,67.31485915772403,0.7812215991847175,0.009782409946973852,55.0,1800.0
matched_long_route,0.85,21,730021,S3,55.0,10,55.0,10,364.0,1.0,0.0,48.813742924392045,71.77681567946316,0.7812215991847175,0.03547266410678369,55.0,1800.0
matched_long_route,0.85,22,730022,S0,55.0,10,55.0,10,396.0,2.1265508684863526,1.1265508684863523,49.254855448844026,86.84363609165109,0.8153051317892488,0.020433882437663156,55.0,1800.0
matched_long_route,0.85,22,730022,S3,55.0,10,55.0,10,396.0,1.0,0.0,48.371356689538814,90.20591897006301,0.8150850170128477,0.04310655147588193,55.0,1800.0
matched_long_route,0.85,23,730023,S0,55.0,10,55.0,10,379.0,1.1285347043701799,0.12853470437017994,49.10820914104559,67.39561304794493,0.7526315863577379,0.025558534405719393,55.0,1800.0
matched_long_route,0.85,23,730023,S3,55.0,10,55.0,10,378.0,1.0,0.0,49.67183381970882,70.5961271867624,0.7524298625340026,0.05012061109622085,55.0,1800.0
matched_long_route,0.85,24,730024,S0,55.0,10,55.0,10,391.0,1.2080200501253133,0.20802005012531327,48.90467282759601,72.40859198703289,0.8024545249376053,0.016246953696181964,55.0,1800.0
matched_long_route,0.85,24,730024,S3,55.0,10,55.0,10,391.0,1.0,0.0,49.35304375491431,76.36598547074216,0.8024545249376053,0.044047296687426664,55.0,1800.0
matched_long_route,0.85,25,730025,S0,55.0,10,55.0,10,399.0,1.1291866028708133,0.1291866028708134,48.009884385967844,66.63372425432266,0.8092212381377869,0.016503397758362015,55.0,1800.0
matched_long_route,0.85,25,730025,S3,55.0,10,55.0,10,398.0,1.0,0.0,48.57256381180516,69.10740846484896,0.8068713348591396,0.032206969376979935,55.0,1800.0
matched_long_route,0.85,26,730026,S0,55.0,10,55.0,10,377.0,4.26044226044226,3.2604422604422605,52.897617642442135,121.43193364744289,0.8431271750132738,0.01686021505376344,55.0,1800.0
matched_long_route,0.85,26,730026,S3,55.0,10,55.0,10,378.0,1.0,0.0,48.91997636480087,125.52775674326598,0.8455273817744401,0.03329882677708765,55.0,1800.0
matched_long_route,0.85,27,730027,S0,55.0,10,55.0,10,411.0,2.2071428571428573,1.207142857142857,50.23367863415326,89.46559456186549,0.8355795015206589,0.011817107535678575,55.0,1800.0
matched_long_route,0.85,27,730027,S3,55.0,10,55.0,10,410.0,1.0,0.0,49.23332149129612,95.6203564666274,0.8346690362506827,0.03849995459911014,55.0,1800.0
matched_long_route,0.85,28,730028,S0,55.0,10,55.0,10,388.0,1.0962025316455697,0.09620253164556962,47.544489600800745,68.23258256204316,0.8097817796100346,0.017038245423237265,55.0,1800.0
matched_long_route,0.85,28,730028,S3,55.0,10,55.0,10,385.0,1.0,0.0,48.15499592991467,73.95156990381531,0.8084629167767935,0.045783568584871516,55.0,1800.0
matched_long_route,0.85,29,730029,S0,55.0,10,55.0,10,395.0,1.0348258706467661,0.03482587064676617,47.87079122583113,58.894264452915635,0.7457995557179568,0.026655749636098982,55.0,1800.0
matched_long_route,0.85,29,730029,S3,55.0,10,55.0,10,392.0,1.0,0.0,48.57029371339331,61.56590624396041,0.7441747200845843,0.058460421205519246,55.0,1800.0
matched_long_route,0.85,30,730030,S0,55.0,10,55.0,10,400.0,1.210144927536232,0.21014492753623187,48.75268817791152,73.55783194336203,0.8744732522707257,0.014754835807467387,55.0,1800.0
matched_long_route,0.85,30,730030,S3,55.0,10,55.0,10,399.0,1.0,0.0,49.19797803298398,78.73899136365188,0.8742372907887314,0.04488217305270732,55.0,1800.0
matched_long_route,0.85,31,730031,S0,55.0,10,55.0,10,375.0,1.0442708333333333,0.044270833333333336,47.939975960494,59.882029206693765,0.7551162693085172,0.019740400216333154,55.0,1800.0
matched_long_route,0.85,31,730031,S3,55.0,10,55.0,10,375.0,1.0,0.0,48.62578325216068,62.574737540027094,0.7551162693085172,0.05056787452677123,55.0,1800.0
matched_long_route,0.85,32,730032,S0,55.0,10,55.0,10,399.0,1.9926108374384237,0.9926108374384236,50.12991017209779,83.20754550594008,0.8298246622094384,0.012573496155585707,55.0,1800.0
matched_long_route,0.85,32,730032,S3,55.0,10,55.0,10,399.0,1.0,0.0,49.44062445781207,85.75680658968392,0.8293745267810634,0.03534942591085797,55.0,1800.0
matched_long_route,0.85,33,730033,S0,55.0,10,55.0,10,374.0,1.4817708333333333,0.4817708333333333,50.00524800027775,74.02386929029873,0.7852719633604743,0.017715998909784682,55.0,1800.0
matched_long_route,0.85,33,730033,S3,55.0,10,55.0,10,374.0,1.0,0.0,50.05668029194442,76.82074429029873,0.7857002545867413,0.03772384328697391,55.0,1800.0
matched_long_route,0.85,34,730034,S0,55.0,10,55.0,10,413.0,6.5874125874125875,5.5874125874125875,56.95288849722501,149.32737124154556,0.9183811723535553,0.008259269234222103,55.0,1800.0
matched_long_route,0.85,34,730034,S3,55.0,10,55.0,10,412.0,1.0,0.0,49.60114024547674,145.52084443501877,0.9154226289795304,0.01029082774049217,55.0,1800.0
matched_long_route,0.85,35,730035,S0,55.0,10,55.0,10,394.0,1.234256926952141,0.23425692695214106,48.3198706761632,70.39417340773281,0.7901934948460055,0.018759401822847535,55.0,1800.0
matched_long_route,0.85,35,730035,S3,55.0,10,55.0,10,394.0,1.0,0.0,48.730198132082585,73.78460161931972,0.7899837831966303,0.042285916489738146,55.0,1800.0
matched_long_route,0.85,36,730036,S0,55.0,10,55.0,10,381.0,1.1266149870801034,0.12661498708010335,48.66621061522405,66.26443108357738,0.7481147822732538,0.018528561099060016,55.0,1800.0
matched_long_route,0.85,36,730036,S3,55.0,10,55.0,10,381.0,1.0,0.0,49.232618883957905,68.40138198797014,0.7479119861815556,0.04563115568808168,55.0,1800.0
matched_long_route,0.85,37,730037,S0,55.0,10,55.0,10,392.0,1.434889434889435,0.4348894348894349,50.12582791566012,71.44589079122011,0.7919688152241338,0.022701072980402588,55.0,1800.0
matched_long_route,0.85,37,730037,S3,55.0,10,55.0,10,392.0,1.0,0.0,50.24523823507044,77.09208243741176,0.7934463689838802,0.05490405117270789,55.0,1800.0
matched_long_route,0.85,38,730038,S0,55.0,10,55.0,10,369.0,1.0392670157068062,0.03926701570680628,48.01540765594724,61.84472054684133,0.7406983960727356,0.028950434704669716,55.0,1800.0
matched_long_route,0.85,38,730038,S3,55.0,10,55.0,10,368.0,1.0,0.0,48.70847048317236,64.77142211752195,0.7379205290636227,0.06393427984641487,55.0,1800.0
matched_long_route,0.85,39,730039,S0,55.0,10,55.0,10,405.0,5.130120481927711,4.130120481927711,54.176244182577456,130.05753069250224,0.9051089085549345,0.009370451237263464,55.0,1800.0
matched_long_route,0.85,39,730039,S3,55.0,10,55.0,10,404.0,1.0,0.0,48.93756948378227,139.42620539129743,0.9041218759392806,0.019174845510723373,55.0,1800.0
matched_long_route,0.85,40,730040,S0,55.0,10,55.0,10,391.0,4.62155388471178,3.6215538847117794,53.109092919497506,121.37394764290045,0.8419488451869787,0.012987012987012988,55.0,1800.0
matched_long_route,0.85,40,730040,S3,55.0,10,55.0,10,391.0,1.0,0.0,48.60783978666544,124.47921080079519,0.8417211067922842,0.025516184293571362,55.0,1800.0
matched_long_route,0.85,41,730041,S0,55.0,10,55.0,10,359.0,1.032258064516129,0.03225806451612903,48.0235784155537,60.87257564887188,0.7245562830662539,0.020788141720896602,55.0,1800.0
matched_long_route,0.85,41,730041,S3,55.0,10,55.0,10,359.0,1.0,0.0,48.726804222005306,62.859134788656824,0.7233794185025296,0.05711965349214943,55.0,1800.0
matched_long_route,0.85,42,730042,S0,55.0,10,55.0,10,376.0,1.1142857142857143,0.11428571428571428,48.80186279186128,67.04940984604042,0.7879055120516512,0.013601741022850925,55.0,1800.0
matched_long_route,0.85,42,730042,S3,55.0,10,55.0,10,376.0,1.0,0.0,49.386148506146995,69.84940984604042,0.787691232608613,0.042425890671743266,55.0,1800.0
matched_long_route,0.85,43,730043,S0,55.0,10,55.0,10,421.0,1.432183908045977,0.432183908045977,49.6548919070158,77.21239028292126,0.8528121944802952,0.017027027027027027,55.0,1800.0
matched_long_route,0.85,43,730043,S3,55.0,10,55.0,10,421.0,1.0,0.0,49.77822524034913,83.79629832889827,0.8516613008305243,0.0614484930274404,55.0,1800.0
matched_long_route,0.85,44,730044,S0,55.0,10,55.0,10,407.0,1.11244019138756,0.11244019138755981,48.2273176287352,64.72189453354598,0.7827197184618397,0.017476788640087382,55.0,1800.0
matched_long_route,0.85,44,730044,S3,55.0,10,55.0,10,406.0,1.0,0.0,48.814279351223234,68.29605721297182,0.7795266818077936,0.04759314658689149,55.0,1800.0
matched_long_route,0.85,45,730045,S0,55.0,10,55.0,10,395.0,3.4841849148418493,2.4841849148418493,51.436535164706726,109.5792489645885,0.893047999913428,0.011281224818694601,55.0,1800.0
matched_long_route,0.85,45,730045,S3,55.0,10,55.0,10,395.0,1.0,0.0,48.58446703818605,109.96854336848145,0.8873279166473692,0.02624321679565875,55.0,1800.0
matched_long_route,0.85,46,730046,S0,55.0,10,55.0,10,381.0,1.4005102040816326,0.4005102040816326,49.32283692347601,72.48358557916725,0.7822791317682244,0.019895098571170194,55.0,1800.0
matched_long_route,0.85,46,730046,S3,55.0,10,55.0,10,381.0,1.0,0.0,49.49209712755765,75.9733814975346,0.7820669595057432,0.04203959858963927,55.0,1800.0
matched_long_route,0.85,47,730047,S0,55.0,10,55.0,10,391.0,1.8104738154613467,0.8104738154613467,49.647215662090304,75.99461535300705,0.7839131643357744,0.022714981070849107,55.0,1800.0
matched_long_route,0.85,47,730047,S3,55.0,10,55.0,10,391.0,1.0,0.0,49.22202862967135,77.705338545027,0.7834894274901875,0.04207207207207207,55.0,1800.0
matched_long_route,0.85,48,730048,S0,55.0,10,55.0,10,353.0,2.602094240837696,1.6020942408376964,51.23104508683894,98.94110550241223,0.8265167290786,0.0115698133052853,55.0,1800.0
matched_long_route,0.85,48,730048,S3,55.0,10,55.0,10,350.0,1.0,0.0,49.658008437624275,101.7578594291138,0.8313258716439873,0.02221634488230627,55.0,1800.0
matched_long_route,0.85,49,730049,S0,55.0,10,55.0,10,348.0,1.0817438692098094,0.08174386920980926,48.09506960096302,65.7702327713792,0.7702178564924446,0.01424802110817942,55.0,1800.0
matched_long_route,0.85,49,730049,S3,55.0,10,55.0,10,347.0,1.0,0.0,48.72654099060879,68.65306655884514,0.768595491339222,0.029225908372827805,55.0,1800.0
matched_long_route,0.95,0,730000,S0,55.0,10,55.0,10,392.0,2.0497630331753554,1.0497630331753554,50.18166436264618,87.2635975479902,0.8735216746971148,0.012149613815846567,55.0,1800.0
matched_long_route,0.95,0,730000,S3,55.0,10,55.0,10,390.0,1.0,0.0,49.409507964541916,93.29203356694755,0.8712533763987582,0.029689258201332988,55.0,1800.0
matched_long_route,0.95,1,730001,S0,55.0,10,55.0,10,437.0,8.247787610619469,7.247787610619469,58.65291141082762,165.40589062050006,0.9235665883106726,0.009166891345376111,55.0,1800.0
matched_long_route,0.95,1,730001,S3,55.0,10,55.0,10,437.0,1.0,0.0,48.89361937542939,156.6227047797921,0.9195995908843717,0.017718120805369126,55.0,1800.0
matched_long_route,0.95,2,730002,S0,55.0,10,55.0,10,399.0,1.4358353510895885,0.4358353510895884,48.59832083128852,81.76110693021091,0.8497899794283965,0.010599119734123776,55.0,1800.0
matched_long_route,0.95,2,730002,S3,55.0,10,55.0,10,398.0,1.0,0.0,48.71635957220861,84.69088901253537,0.8504775117742124,0.030924128011506652,55.0,1800.0
matched_long_route,0.95,3,730003,S0,55.0,10,55.0,10,441.0,12.974842767295597,11.974842767295597,66.12444961458765,208.7077120143534,0.9263477537828513,0.02617397998460354,55.0,1800.0
matched_long_route,0.95,3,730003,S3,55.0,10,55.0,10,447.0,1.0,0.0,49.510927602009026,206.7643157879383,0.9475005765070267,0.010411198600174977,55.0,1800.0
matched_long_route,0.95,4,730004,S0,55.0,10,55.0,10,433.0,2.108459869848156,1.1084598698481563,50.5568294487959,88.69432316307069,0.8746352724260889,0.012563697065542084,55.0,1800.0
matched_long_route,0.95,4,730004,S3,55.0,10,55.0,10,435.0,1.0,0.0,49.699562637516074,95.83749019127026,0.8727949036256131,0.041907767841486934,55.0,1800.0
matched_long_route,0.95,5,730005,S0,55.0,10,55.0,10,396.0,4.570754716981132,3.5707547169811322,53.12522423050395,122.89385837138697,0.8133682057232963,0.013734812466983624,55.0,1800.0
matched_long_route,0.95,5,730005,S3,55.0,10,55.0,10,395.0,1.0,0.0,48.69762989088131,124.13914139025489,0.817067856420241,0.03244636494579638,55.0,1800.0
matched_long_route,0.95,6,730006,S0,55.0,10,55.0,10,453.0,9.765327695560254,8.765327695560254,61.01594688249887,167.52130221777435,0.9081915138236807,0.02929320075248589,55.0,1800.0
matched_long_route,0.95,6,730006,S3,55.0,10,55.0,10,460.0,1.0,0.0,49.05622172393651,140.73694703807033,0.9170639410957709,0.018453188602442334,55.0,1800.0
matched_long_route,0.95,7,730007,S0,55.0,10,55.0,10,441.0,4.730263157894737,3.7302631578947367,53.39521515137558,123.56208040376347,0.9218041927747475,0.007600143061516452,55.0,1800.0
matched_long_route,0.95,7,730007,S3,55.0,10,55.0,10,438.0,1.0,0.0,48.73633357242821,126.89322075464067,0.9159077906887683,0.02105543710021322,55.0,1800.0
matched_long_route,0.95,8,730008,S0,55.0,10,55.0,10,407.0,12.82819383259912,11.82819383259912,65.67971724766046,226.79234364191112,0.9270135229121247,0.03889721805763785,55.0,1800.0
matched_long_route,0.95,8,730008,S3,55.0,10,55.0,10,411.0,1.0,0.0,49.278836190391736,218.76591192384942,0.9578900383925439,0.011963163783458129,55.0,1800.0
matched_long_route,0.95,9,730009,S0,55.0,10,55.0,10,415.0,6.104308390022676,5.104308390022676,55.97170754864769,131.3564876529609,0.8499572294882378,0.017641351327511687,55.0,1800.0
matched_long_route,0.95,9,730009,S3,55.0,10,55.0,10,418.0,1.0,0.0,49.32046038311481,133.34514978448016,0.8583614030561333,0.029128808123997863,55.0,1800.0
matched_long_route,0.95,10,730010,S0,55.0,10,55.0,10,451.0,6.479591836734694,5.479591836734694,56.32346295000986,143.76108606415875,0.9266451699293851,0.011216350947158525,55.0,1800.0
matched_long_route,0.95,10,730010,S3,55.0,10,55.0,10,453.0,1.0,0.0,49.128054786744556,148.74271871722,0.9310544507279471,0.019784623090408213,55.0,1800.0
matched_long_route,0.95,11,730011,S0,55.0,10,55.0,10,423.0,5.041284403669724,4.041284403669724,54.45554213094808,122.357466944119,0.8768721211465339,0.023088023088023088,55.0,1800.0
matched_long_route,0.95,11,730011,S3,55.0,10,55.0,10,422.0,1.0,0.0,49.34567974562699,120.18544859549515,0.8723874454259998,0.040646029609690444,55.0,1800.0
matched_long_route,0.95,12,730012,S0,55.0,10,55.0,10,427.0,2.794582392776524,1.7945823927765236,50.965587508280414,90.68104558876188,0.8776767982448392,0.007175126229072549,55.0,1800.0
matched_long_route,0.95,12,730012,S3,55.0,10,55.0,10,428.0,1.0,0.0,49.113443038754454,92.04899141268963,0.8802499445083503,0.02087775408670931,55.0,1800.0
matched_long_route,0.95,13,730013,S0,55.0,10,55.0,10,419.0,3.7346938775510203,2.7346938775510203,53.187567729935566,110.96604560429348,0.9063212706405013,0.009561752988047808,55.0,1800.0
matched_long_route,0.95,13,730013,S3,55.0,10,55.0,10,415.0,1.0,0.0,49.97226160748658,116.89801839340913,0.8993936699951206,0.03672465296081532,55.0,1800.0
matched_long_route,0.95,14,730014,S0,55.0,10,55.0,10,436.0,4.103896103896104,3.103896103896104,52.44933930432451,122.0678210173314,0.9387964620136878,0.007471870604781997,55.0,1800.0
matched_long_route,0.95,14,730014,S3,55.0,10,55.0,10,436.0,1.0,0.0,48.69868995367516,124.32323227274264,0.9358349589789444,0.01962846126883982,55.0,1800.0
matched_long_route,0.95,15,730015,S0,55.0,10,55.0,10,424.0,4.590277777777778,3.5902777777777777,53.19181942137869,118.17730755026763,0.8864861494337809,0.005793952562013398,55.0,1800.0
matched_long_route,0.95,15,730015,S3,55.0,10,55.0,10,424.0,1.0,0.0,48.73591664360091,122.42267792063801,0.8862454526785721,0.019368268621594714,55.0,1800.0
matched_long_route,0.95,16,730016,S0,55.0,10,55.0,10,418.0,2.938534278959811,1.9385342789598108,51.71329018449481,92.08884587348189,0.8095760388445105,0.014820876523004182,55.0,1800.0
matched_long_route,0.95,16,730016,S3,55.0,10,55.0,10,418.0,1.0,0.0,49.65241548000309,95.74369220917929,0.80935526544968,0.04399600036360331,55.0,1800.0
matched_long_route,0.95,17,730017,S0,55.0,10,55.0,10,415.0,1.6604651162790698,0.6604651162790698,49.4517000857891,80.59334741890034,0.8421160728463892,0.008537790958928732,55.0,1800.0
matched_long_route,0.95,17,730017,S3,55.0,10,55.0,10,415.0,1.0,0.0,49.24402566718445,84.89334741890033,0.8391747754398865,0.039315780046569944,55.0,1800.0
matched_long_route,0.95,18,730018,S0,55.0,10,55.0,10,394.0,1.5073529411764706,0.5073529411764706,48.45523153487043,86.06874851812562,0.8610799842951642,0.01265597147950089,55.0,1800.0
matched_long_route,0.95,18,730018,S3,55.0,10,55.0,10,393.0,1.0,0.0,48.469569770164554,89.1667877338119,0.859012841094669,0.02765181826264782,55.0,1800.0
matched_long_route,0.95,19,730019,S0,55.0,10,55.0,10,424.0,1.7006802721088434,0.7006802721088435,48.93087975022316,81.53622964794562,0.8575183175529056,0.015682081439900204,55.0,1800.0
matched_long_route,0.95,19,730019,S3,55.0,10,55.0,10,424.0,1.0,0.0,48.66489335566533,86.6609462012336,0.8527315326861828,0.04279638490164806,55.0,1800.0
matched_long_route,0.95,20,730020,S0,55.0,10,55.0,10,409.0,1.7568181818181818,0.7568181818181818,49.224952149123844,83.551113063954,0.8741899279284293,0.009632446134347276,55.0,1800.0
matched_long_route,0.95,20,730020,S3,55.0,10,55.0,10,409.0,1.0,0.0,48.877565785487484,90.34202215486309,0.8733044481331106,0.03519878450240567,55.0,1800.0
matched_long_route,0.95,21,730021,S0,55.0,10,55.0,10,409.0,2.571759259259259,1.5717592592592593,50.51149696631554,92.02568612896903,0.871439358024894,0.013431656570977087,55.0,1800.0
matched_long_route,0.95,21,730021,S3,55.0,10,55.0,10,405.0,1.0,0.0,48.982446040389604,97.2594824252653,0.8684659428925257,0.04094488188976378,55.0,1800.0
matched_long_route,0.95,22,730022,S0,55.0,10,55.0,10,439.0,3.5580357142857144,2.5580357142857144,51.61254884575576,105.51728374018259,0.8962938961240888,0.013459801264679314,55.0,1800.0
matched_long_route,0.95,22,730022,S3,55.0,10,55.0,10,438.0,1.0,0.0,48.65339706004147,107.65121231161116,0.8979974142541102,0.036564394967870395,55.0,1800.0
matched_long_route,0.95,23,730023,S0,55.0,10,55.0,10,433.0,2.0,1.0,50.00083769485193,85.3706717815013,0.8607045272366686,0.017401496709043368,55.0,1800.0
matched_long_route,0.95,23,730023,S3,55.0,10,55.0,10,431.0,1.0,0.0,49.30083769485192,90.02294450877403,0.8604717785813855,0.033080944654768345,55.0,1800.0
matched_long_route,0.95,24,730024,S0,55.0,10,55.0,10,428.0,2.7886363636363636,1.7886363636363636,50.96933362336872,99.9564190872666,0.8949262543879777,0.007065217391304348,55.0,1800.0
matched_long_route,0.95,24,730024,S3,55.0,10,55.0,10,429.0,1.0,0.0,49.125810896095985,110.2086918145393,0.8963877561643325,0.026764652513155508,55.0,1800.0
matched_long_route,0.95,25,730025,S0,55.0,10,55.0,10,447.0,4.847280334728033,3.8472803347280333,53.7102656156293,118.11069114773993,0.8949851948405891,0.013867355727820845,55.0,1800.0
matched_long_route,0.95,25,730025,S3,55.0,10,55.0,10,444.0,1.0,0.0,48.88170913027365,128.17136060380687,0.9010386847120396,0.019424210891432536,55.0,1800.0
matched_long_route,0.95,26,730026,S0,55.0,10,55.0,10,389.0,12.216035634743875,11.216035634743875,64.33367839072903,228.1960267842711,0.8651849077984923,0.043284886029703755,55.0,1800.0
matched_long_route,0.95,26,730026,S3,55.0,10,55.0,10,395.0,1.0,0.0,48.82042672035042,218.05571498026225,0.8924013413689533,0.03637257311378717,55.0,1800.0
matched_long_route,0.95,27,730027,S0,55.0,10,55.0,10,461.0,5.7690721649484535,4.7690721649484535,55.16873524107071,131.96628869911993,0.9266979118686705,0.010436013089236756,55.0,1800.0
matched_long_route,0.95,27,730027,S3,55.0,10,55.0,10,463.0,1.0,0.0,49.00358060189544,133.5353608640684,0.9291631896336842,0.025095326771304424,55.0,1800.0
matched_long_route,0.95,28,730028,S0,55.0,10,55.0,10,422.0,4.325688073394495,3.3256880733944953,52.527741603128185,116.26076992067085,0.8870822676920231,0.01395973154362416,55.0,1800.0
matched_long_route,0.95,28,730028,S3,55.0,10,55.0,10,420.0,1.0,0.0,48.455493896706166,119.27453138856077,0.8851812073808697,0.028395392445754085,55.0,1800.0
matched_long_route,0.95,29,730029,S0,55.0,10,55.0,10,429.0,2.541202672605791,1.5412026726057906,49.86374014677004,87.43489579585535,0.8495712490142945,0.018717535375246282,55.0,1800.0
matched_long_route,0.95,29,730029,S3,55.0,10,55.0,10,429.0,1.0,0.0,48.378996271491644,91.5440271989734,0.8500280077503237,0.04686379928315412,55.0,1800.0
matched_long_route,0.95,30,730030,S0,55.0,10,55.0,10,440.0,1.7639198218262806,0.7639198218262806,49.50630377027717,91.69434965500216,0.9381338676530618,0.0067156729285779105,55.0,1800.0
matched_long_route,0.95,30,730030,S3,55.0,10,55.0,10,438.0,1.0,0.0,49.14862002862906,101.15314698239636,0.9338118417045247,0.017434507678410118,55.0,1800.0
matched_long_route,0.95,31,730031,S0,55.0,10,55.0,10,419.0,1.5,0.5,48.71156926913579,75.51567136328805,0.8468060730565546,0.012644605864944848,55.0,1800.0
matched_long_route,0.95,31,730031,S3,55.0,10,55.0,10,419.0,1.0,0.0,48.73656926913579,79.5179649412697,0.8438547382174836,0.045308310991957104,55.0,1800.0
matched_long_route,0.95,32,730032,S0,55.0,10,55.0,10,444.0,5.964912280701754,4.964912280701754,55.73502030689105,128.3942175639772,0.9048066555219594,0.013829407566024268,55.0,1800.0
matched_long_route,0.95,32,730032,S3,55.0,10,55.0,10,443.0,1.0,0.0,49.285897499873506,135.0170245815211,0.9038389478689947,0.027094474153297684,55.0,1800.0
matched_long_route,0.95,33,730033,S0,55.0,10,55.0,10,422.0,2.2972350230414746,1.2972350230414746,50.482691877206896,85.29650074662392,0.8734999949890143,0.01100884316910305,55.0,1800.0
matched_long_route,0.95,33,730033,S3,55.0,10,55.0,10,422.0,1.0,0.0,49.351701093796756,88.25041779731518,0.8706716086048081,0.03795646699046591,55.0,1800.0
matched_long_route,0.95,34,730034,S0,55.0,10,55.0,10,395.0,22.107526881720432,21.107526881720432,79.13443228468907,323.3638292208208,0.8555943779756834,0.08415997480711698,55.0,1800.0
matched_long_route,0.95,34,730034,S3,55.0,10,55.0,10,425.0,1.0,0.0,49.27851830619445,237.73587223157347,0.9428908371548785,0.004685059864653826,55.0,1800.0
matched_long_route,0.95,35,730035,S0,55.0,10,55.0,10,444.0,1.4659340659340658,0.46593406593406594,48.83639052056189,80.02367407682969,0.9040986559899051,0.010854816824966078,55.0,1800.0
matched_long_route,0.95,35,730035,S3,55.0,10,55.0,10,444.0,1.0,0.0,48.9107861249575,88.88960814276375,0.9018959251009202,0.03889189676953619,55.0,1800.0
matched_long_route,0.95,36,730036,S0,55.0,10,55.0,10,434.0,2.505643340857788,1.5056433408577878,50.52203950935663,91.82964934747206,0.8643316730664715,0.012073347857661584,55.0,1800.0
matched_long_route,0.95,36,730036,S3,55.0,10,55.0,10,431.0,1.0,0.0,49.088856665112836,97.78224528426664,0.862452691168501,0.03804347826086957,55.0,1800.0
matched_long_route,0.95,37,730037,S0,55.0,10,55.0,10,442.0,6.481561822125814,5.481561822125814,57.35417963427281,140.73365198680926,0.9034807837760799,0.013179128563743949,55.0,1800.0
matched_long_route,0.95,37,730037,S3,55.0,10,55.0,10,442.0,1.0,0.0,50.15591499219038,143.5080554575251,0.9010572838195986,0.030221745350500717,55.0,1800.0
matched_long_route,0.95,38,730038,S0,55.0,10,55.0,10,418.0,2.3789237668161434,1.3789237668161436,50.20226035645546,91.0704130705444,0.8718546117416895,0.014323927862628354,55.0,1800.0
matched_long_route,0.95,38,730038,S3,55.0,10,55.0,10,419.0,1.0,0.0,48.95282089457205,95.85740858623947,0.8716289764902035,0.03424775707384403,55.0,1800.0
matched_long_route,0.95,39,730039,S0,55.0,10,55.0,10,400.0,22.027542372881356,21.027542372881356,78.62739547282365,324.78635366633387,0.8716535622883909,0.07654090979661543,55.0,1800.0
matched_long_route,0.95,39,730039,S3,55.0,10,55.0,10,422.0,1.0,0.0,48.887459032145685,264.0850824798932,0.9420791332661343,0.013340045305814245,55.0,1800.0
matched_long_route,0.95,40,730040,S0,55.0,10,55.0,10,424.0,7.940366972477064,6.940366972477064,58.14342531901926,163.52835337332164,0.90938919329095,0.010363161214742723,55.0,1800.0
matched_long_route,0.95,40,730040,S3,55.0,10,55.0,10,424.0,1.0,0.0,48.82989320892752,162.64073869442254,0.9088977643834701,0.021885976763037017,55.0,1800.0
matched_long_route,0.95,41,730041,S0,55.0,10,55.0,10,410.0,1.288056206088993,0.28805620608899296,48.74451099381829,74.90887283828275,0.8526781159246217,0.010228802153432033,55.0,1800.0
matched_long_route,0.95,41,730041,S3,55.0,10,55.0,10,409.0,1.0,0.0,49.07682949498925,79.47561756896191,0.8513031982423999,0.039863835886410466,55.0,1800.0
matched_long_route,0.95,42,730042,S0,55.0,10,55.0,10,423.0,2.772935779816514,1.7729357798165137,50.744264685473816,95.98612534389144,0.8771278324042274,0.011756194610236933,55.0,1800.0
matched_long_route,0.95,42,730042,S3,55.0,10,55.0,10,422.0,1.0,0.0,48.92350780473987,98.76135470168961,0.8778422998213364,0.02425558874106254,55.0,1800.0
matched_long_route,0.95,43,730043,S0,55.0,10,55.0,10,465.0,7.201698513800425,6.201698513800425,58.06926592065958,146.30694098429007,0.9338332511636159,0.018945634266886325,55.0,1800.0
matched_long_route,0.95,43,730043,S3,55.0,10,55.0,10,463.0,1.0,0.0,49.82680307564896,142.17742930700766,0.9310212703908812,0.021169814764120814,55.0,1800.0
matched_long_route,0.95,44,730044,S0,55.0,10,55.0,10,442.0,1.7939262472885034,0.7939262472885033,49.367115677450386,81.65866118842536,0.8658026499650449,0.011229946524064172,55.0,1800.0
matched_long_route,0.95,44,730044,S3,55.0,10,55.0,10,440.0,1.0,0.0,48.96592261888206,87.14673060274205,0.8634938428984714,0.035644444444444444,55.0,1800.0
matched_long_route,0.95,45,730045,S0,55.0,10,55.0,10,403.0,12.53695652173913,11.53695652173913,64.59436179480676,222.26215112090907,0.8787811261015135,0.042359074617139135,55.0,1800.0
matched_long_route,0.95,45,730045,S3,55.0,10,55.0,10,410.0,1.0,0.0,48.61577483828501,206.45128155569165,0.9206278463920617,0.02005461682881038,55.0,1800.0
matched_long_route,0.95,46,730046,S0,55.0,10,55.0,10,417.0,2.577625570776256,1.5776255707762556,50.97471384270196,91.10115342219258,0.8807109408841647,0.01366622864651774,55.0,1800.0
matched_long_route,0.95,46,730046,S3,55.0,10,55.0,10,415.0,1.0,0.0,49.43715676507639,98.4116557052976,0.8761059163566658,0.03991285403050109,55.0,1800.0
matched_long_route,0.95,47,730047,S0,55.0,10,55.0,10,424.0,2.804494382022472,1.804494382022472,51.28482905438027,97.90519016296469,0.8901910271071231,0.016365888181174806,55.0,1800.0
matched_long_route,0.95,47,730047,S3,55.0,10,55.0,10,426.0,1.0,0.0,49.41831220044768,101.87597667981862,0.8894828401324953,0.028020860956421815,55.0,1800.0
matched_long_route,0.95,48,730048,S0,55.0,10,55.0,10,393.0,6.8125,5.8125,57.03805794565041,145.7489292920008,0.8861593016233617,0.014082131714309807,55.0,1800.0
matched_long_route,0.95,48,730048,S3,55.0,10,55.0,10,397.0,1.0,0.0,49.35993294565041,145.28596632903785,0.894989197577197,0.014648271163345257,55.0,1800.0
matched_long_route,0.95,49,730049,S0,55.0,10,55.0,10,380.0,3.8443396226415096,2.8443396226415096,51.95674360055526,112.27049139629763,0.8591463888104675,0.01604098429495255,55.0,1800.0
matched_long_route,0.95,49,730049,S3,55.0,10,55.0,10,379.0,1.0,0.0,48.58245114772507,115.81294422648631,0.8626238343508084,0.026730753014588077,55.0,1800.0
