architecture_label,footprint_case,policy,layout,seed,arrival_mode,service_distribution,arrivals,service_started,completed,unfinished,completed_within_horizon,throughput_per_hour,run_end_seconds,utilization,starvation_fraction_with_upstream_demand,mean_wait_seconds,wait_sd_seconds,maximum_fifo_delay_seconds,p50_wait_seconds,p90_wait_seconds,p95_wait_seconds,p99_wait_seconds,mean_upstream_wait_seconds,mean_downstream_wait_seconds,mean_stationary_time_seconds,mean_system_time_seconds,mean_movement_distance_m,mean_movement_time_seconds,mean_movement_starts,mean_movement_stops,mean_turning_angle_degrees,mean_luggage_rotation_degrees,mean_static_footprint_m2,mean_moving_footprint_m2,mean_movement_conflict_proxy,intervention_count,mean_downstream_queue,max_downstream_queue,mean_upstream_waiting,max_upstream_waiting,max_waiting_density_per_m2,density_limit_exceedance_fraction,peak_simultaneous_movers,peak_moving_footprint_density_per_m2,maximum_release_size,maximum_release_surge_index,waiting_area_m2,required_waiting_area_m2_at_density_limit,acceptable_waiting_capacity,capacity_efficiency_passengers_per_m2,minimum_residual_waiting_area_m2,total_modeled_area_m2,wait_gini,service_order_overtaking_events,luggage_wait_gap_seconds,reduced_mobility_wait_gap_seconds,group_wait_gap_seconds,accessible_route_width_m,turning_diameter_m,row_angle_degrees,barrier_footprint_m2,release_staff_count
conventional_belt_switchback,low,S0,B0,330001,poisson,gamma,405,405,405,0,395,395.0,3698.0,0.8266430047539954,0.015409570154095702,99.45337075452916,58.427910036772126,258.2508246491693,73.50555912736888,199.3170487227121,217.62866502306196,242.1057105361818,26.260778161936567,20.70250411229052,47.348467459412255,122.10338908478863,55.0,52.1049032951169,3.365432098765432,2.365432098765432,1800.0,1284.4444444444443,0.4670864197530866,0.6170864197530864,0.5961591220850481,13,2.213300892133009,9.0,2.81941065152744,21.0,0.23333333333333334,0.0,12.0,0.17066666666666663,4,1.7777777777777781,90.0,15.000000000000002,125.99999999999999,1.4,80.03,135.0,0.3125814287036466,103,-8.827950832745884,27.823297585977272,-9.030335240704446,1.2,1.6,0.0,8.0,0
conventional_belt_switchback,low,S0,B0,330002,poisson,gamma,441,441,441,0,421,421.0,3793.0,0.8660563079470569,0.009312950272359866,77.41789178312821,28.855244123254817,182.06223459270223,69.81246812544441,119.71415404757909,131.14071671558668,154.69870463375628,5.934898585849301,21.764058596425762,27.971066025812476,99.77039268347608,55.0,49.446825757315736,1.3605442176870748,0.36054421768707484,1800.0,1453.061224489796,0.4745804988662133,0.624580498866213,0.6049382716049384,10,2.470479704797048,10.0,0.6304691618344754,7.0,0.07777777777777778,0.0,12.0,0.16888888888888887,4,1.8333333333333335,90.0,5.0,125.99999999999999,1.4,86.57,135.0,0.20567409091532096,120,5.922985818409629,26.698064458880225,6.492037873471901,1.2,1.6,0.0,8.0,0
conventional_belt_switchback,low,S0,B0,330003,poisson,gamma,434,434,434,0,405,405.0,3794.0,0.8710661781140911,0.015195432586736935,103.53825341963724,46.65483874683316,236.84797010966804,99.55039419183265,172.21797624598446,185.12198327225536,216.81588457232144,23.678806415028955,27.661462993217626,51.837965260781125,126.38868760818318,55.0,51.70028815885612,2.935483870967742,1.935483870967742,1800.0,1397.6958525345622,0.4721198156682028,0.6221198156682027,0.5988223246287763,18,3.1061923583662714,10.0,2.6492753623188405,17.0,0.18888888888888888,0.0,12.0,0.16711111111111107,3,1.3888888888888888,90.0,12.142857142857144,125.99999999999999,1.4,81.99,135.0,0.2553740816057488,115,5.559827626988522,40.34551077653312,-6.4102429484656085,1.2,1.6,0.0,8.0,0
conventional_belt_switchback,base,S0,B0,330001,poisson,gamma,405,405,405,0,395,395.0,3698.0,0.8266430047539954,0.015409570154095702,99.45337075452916,58.427910036772126,258.2508246491693,73.50555912736888,199.3170487227121,217.62866502306196,242.1057105361818,26.260778161936567,20.70250411229052,47.348467459412255,122.10338908478863,55.0,52.1049032951169,3.365432098765432,2.365432098765432,1800.0,1284.4444444444443,0.6356296296296295,0.8356296296296298,0.8073559670781895,13,2.213300892133009,9.0,2.81941065152744,21.0,0.23333333333333334,0.0,12.0,0.23200000000000004,4,2.416666666666667,90.0,15.000000000000002,125.99999999999999,1.4,76.41,135.0,0.3125814287036466,103,-8.827950832745884,27.823297585977272,-9.030335240704446,1.2,1.6,0.0,8.0,0
conventional_belt_switchback,base,S0,B0,330002,poisson,gamma,441,441,441,0,421,421.0,3793.0,0.8660563079470569,0.009312950272359866,77.41789178312821,28.855244123254817,182.06223459270223,69.81246812544441,119.71415404757909,131.14071671558668,154.69870463375628,5.934898585849301,21.764058596425762,27.971066025812476,99.77039268347608,55.0,49.446825757315736,1.3605442176870748,0.36054421768707484,1800.0,1453.061224489796,0.6468707482993197,0.8468707482993197,0.8202475434618294,10,2.470479704797048,10.0,0.6304691618344754,7.0,0.07777777777777778,0.0,12.0,0.22933333333333342,4,2.5000000000000004,90.0,5.0,125.99999999999999,1.4,85.31,135.0,0.20567409091532096,120,5.922985818409629,26.698064458880225,6.492037873471901,1.2,1.6,0.0,8.0,0
conventional_belt_switchback,base,S0,B0,330003,poisson,gamma,434,434,434,0,405,405.0,3794.0,0.8710661781140911,0.015195432586736935,103.53825341963724,46.65483874683316,236.84797010966804,99.55039419183265,172.21797624598446,185.12198327225536,216.81588457232144,23.678806415028955,27.661462993217626,51.837965260781125,126.38868760818318,55.0,51.70028815885612,2.935483870967742,1.935483870967742,1800.0,1397.6958525345622,0.6431797235023041,0.8431797235023043,0.8115399385560677,18,3.1061923583662714,10.0,2.6492753623188405,17.0,0.18888888888888888,0.0,12.0,0.22666666666666674,3,1.8958333333333337,90.0,12.142857142857144,125.99999999999999,1.4,79.09,135.0,0.2553740816057488,115,5.559827626988522,40.34551077653312,-6.4102429484656085,1.2,1.6,0.0,8.0,0
conventional_belt_switchback,high,S0,B0,330001,poisson,gamma,405,405,405,0,395,395.0,3698.0,0.8266430047539954,0.015409570154095702,99.45337075452916,58.427910036772126,258.2508246491693,73.50555912736888,199.3170487227121,217.62866502306196,242.1057105361818,26.260778161936567,20.70250411229052,47.348467459412255,122.10338908478863,55.0,52.1049032951169,3.365432098765432,2.365432098765432,1800.0,1284.4444444444443,0.942716049382716,1.2427160493827163,1.2007887517146778,13,2.213300892133009,9.0,2.81941065152744,21.0,0.23333333333333334,0.0,12.0,0.3466666666666668,4,3.611111111111111,90.0,20.200000000000003,95.46883184913568,1.0607647983237298,69.8,135.0,0.3125814287036466,103,-8.827950832745884,27.823297585977272,-9.030335240704446,1.2,1.6,0.0,8.0,0
conventional_belt_switchback,high,S0,B0,330002,poisson,gamma,441,441,441,0,421,421.0,3793.0,0.8660563079470569,0.009312950272359866,77.41789178312821,28.855244123254817,182.06223459270223,69.81246812544441,119.71415404757909,131.14071671558668,154.69870463375628,5.934898585849301,21.764058596425762,27.971066025812476,99.77039268347608,55.0,49.446825757315736,1.3605442176870748,0.36054421768707484,1800.0,1453.061224489796,0.9614512471655329,1.261451247165533,1.221812799193752,10,2.470479704797048,10.0,0.6304691618344754,7.0,0.07777777777777778,0.0,12.0,0.3422222222222223,4,3.7499999999999996,90.0,7.0,93.60849056603773,1.0400943396226414,83.0,135.0,0.20567409091532096,120,5.922985818409629,26.698064458880225,6.492037873471901,1.2,1.6,0.0,8.0,0
conventional_belt_switchback,high,S0,B0,330003,poisson,gamma,434,434,434,0,405,405.0,3794.0,0.8710661781140911,0.015195432586736935,103.53825341963724,46.65483874683316,236.84797010966804,99.55039419183265,172.21797624598446,185.12198327225536,216.81588457232144,23.678806415028955,27.661462993217626,51.837965260781125,126.38868760818318,55.0,51.70028815885612,2.935483870967742,1.935483870967742,1800.0,1397.6958525345622,0.9552995391705069,1.2552995391705069,1.208077316948285,18,3.1061923583662714,10.0,2.6492753623188405,17.0,0.18888888888888888,0.0,12.0,0.33777777777777784,3,2.847222222222222,90.0,16.200000000000003,94.21128798842257,1.0467920887602509,73.8,135.0,0.2553740816057488,115,5.559827626988522,40.34551077653312,-6.4102429484656085,1.2,1.6,0.0,8.0,0
parallel_rows_manual_gates,low,S3,B1,330001,poisson,gamma,405,405,405,0,399,399.0,3669.0,0.8331750611948308,0.016076294277929157,72.21139544588719,59.77904874836444,299.2508246491693,47.544568230402604,172.2274779581016,192.85226846519947,245.91996643235547,19.058309026134097,32.02589053380509,51.46938474512437,94.86141377614666,22.0,20.742010700762812,1.0,0.0,360.0,256.8888888888889,0.4670864197530866,0.6170864197530864,1.7927297668038409,13,3.4795640326975477,18.0,2.046866485013624,17.0,0.18888888888888888,0.0,12.0,0.16888888888888884,12,5.277777777777777,90.0,12.142857142857144,125.99999999999999,1.4,82.31,135.0,0.42779492234717464,105,-7.356555312712231,23.825070152107628,-9.288352376567374,1.2,1.6,0.0,4.0,2
parallel_rows_manual_gates,low,S3,B1,330002,poisson,gamma,441,441,441,0,423,423.0,3767.0,0.8720322803479654,0.011234961075725407,48.96664461759533,27.125768416206736,152.0071178081712,40.13687736272857,87.8836116345019,101.5132787654511,131.593072569974,5.288640082447941,22.564281034942184,28.125029960927538,71.3191455179432,22.0,20.84161465666779,1.0,0.0,360.0,290.61224489795916,0.4745804988662133,0.624580498866213,0.9138321995464854,10,2.5862526539278132,10.0,0.5591825902335457,7.0,0.07777777777777778,0.0,9.0,0.12266666666666666,7,3.0000000000000004,90.0,5.0,125.99999999999999,1.4,86.73,135.0,0.29896110077853466,97,3.7739751713193286,11.666446811821395,6.2441062338262086,1.2,1.6,0.0,4.0,2
parallel_rows_manual_gates,low,S3,B1,330003,poisson,gamma,434,434,434,0,409,409.0,3769.0,0.8768424790299671,0.01246684350132626,74.7847971984391,48.26765692799456,208.12310228456158,67.98711731064401,149.9244271046566,171.4887847352417,193.658134970196,16.821663557886097,36.635903169637274,53.955262580057926,97.63523138698501,22.0,20.82953461838116,1.0,0.0,360.0,279.53917050691246,0.4721198156682028,0.6221198156682027,1.9741423451100872,18,4.157294429708223,15.0,1.8774535809018567,15.0,0.16666666666666666,0.0,12.0,0.16711111111111107,12,5.222222222222221,90.0,10.714285714285715,125.99999999999999,1.4,82.89,135.0,0.3584784740449771,128,8.173121263374156,34.16410981034957,-4.873753525938426,1.2,1.6,0.0,4.0,2
parallel_rows_manual_gates,low,S3,B1,330001,poisson,gamma,405,405,405,0,399,399.0,3670.0,0.8329480998597192,0.01607191500953419,72.90275347057855,59.77909455076014,302.2508246491693,49.03262523398098,172.93690255116127,192.66292801134668,245.91996643235547,19.179296680455085,31.921709404891814,51.486191270532096,95.55277180083802,22.77607596902183,21.416562200046457,1.0,0.0,390.0,278.2962962962963,0.4670864197530866,0.6318614724019019,1.8305520356667975,13,3.463906292563334,17.0,2.059656769272678,17.0,0.18888888888888888,0.0,12.0,0.17395023910422702,12,5.4359449720070945,90.0,12.142857142857144,125.99999999999999,1.4,82.31,135.0,0.4236816177022005,102,-7.747106369605703,23.92801533890882,-9.034129610349495,1.2,1.6,15.0,4.0,2
parallel_rows_manual_gates,low,S3,B1,330002,poisson,gamma,441,441,441,0,423,423.0,3768.0,0.871800910679526,0.011320420978155126,49.73761967428467,27.126052371579025,153.0071178081712,40.665508657355986,88.54465134502152,100.93249779654889,132.73750127411205,5.390680898774471,22.55515012890329,28.217939871215176,72.09012057463254,22.776075969021825,21.5196798030695,1.0,0.0,390.0,314.8299319727891,0.4745804988662133,0.6412951619150108,0.9497127977577954,10,2.5797293711859908,11.0,0.5709737330856991,8.0,0.08888888888888889,0.0,9.0,0.1254274031477602,8,3.530717459478618,90.0,5.714285714285714,125.99999999999999,1.4,86.24,135.0,0.29475281702593703,95,3.712985332241111,11.839240929468453,5.80371261858302,1.2,1.6,15.0,4.0,2
parallel_rows_manual_gates,low,S3,B1,330003,poisson,gamma,434,434,434,0,409,409.0,3769.0,0.8768424790299671,0.01237842617152962,75.16498153023633,48.055899579893875,235.40408787398042,67.63669630556382,145.73562651230057,168.65876946629595,196.5929558270151,16.978345585535866,36.18176646499299,53.65780790306342,98.01541571878225,22.776075969021825,21.507173627172907,1.0,0.0,390.0,302.8341013824885,0.4721198156682028,0.6381976070413915,1.9787708672930062,18,4.110610079575597,17.0,1.8954907161803713,17.0,0.18888888888888888,0.0,12.0,0.17171233857960033,12,5.366010580612511,90.0,12.142857142857144,125.99999999999999,1.4,82.14999999999999,135.0,0.35570326580850886,127,4.4501527062613775,33.817974544649076,-3.7863893178195127,1.2,1.6,15.0,4.0,2
parallel_rows_manual_gates,low,S3,B1,330001,poisson,gamma,405,405,405,0,399,399.0,3672.0,0.8324945479403836,0.016607677647699427,74.99164235946743,59.69334030668342,303.2508246491693,51.490180339233575,175.04968146438017,193.78279154730356,247.91996643235547,19.47312384094891,31.433137282268717,51.291446308402804,97.6416606897269,25.403411844343537,23.700196051064623,1.0,0.0,420.0,299.7037037037037,0.4670864197530866,0.6456296296296297,1.9165294924554186,13,3.4102913150013614,17.0,2.09093384154642,17.0,0.18888888888888888,0.0,12.0,0.17866666666666664,12,5.583333333333333,90.0,12.142857142857144,125.99999999999999,1.4,82.31,135.0,0.41117421926318687,106,-7.937110576146864,24.994418393176616,-8.200225081585742,1.2,1.6,30.0,4.0,2
parallel_rows_manual_gates,low,S3,B1,330002,poisson,gamma,441,441,441,0,423,423.0,3770.0,0.8713385394725891,0.01078405374348095,52.01426366521438,27.135687529104597,155.0071178081712,43.16914724010394,89.99606091229816,105.50618478895069,134.032604286481,5.730816953196241,22.196129075907916,28.19905487264157,74.36676456556225,25.403411844343534,23.81520879257281,1.0,0.0,420.0,339.04761904761904,0.4745804988662133,0.6568707482993198,1.0447845804988662,10,2.5361972951471756,11.0,0.6104481569875365,8.0,0.08888888888888889,0.0,9.0,0.128,8,3.6944444444444446,90.0,5.714285714285714,125.99999999999999,1.4,86.16,135.0,0.28197508849013087,97,2.212936715390505,7.920417400056692,5.735602974591714,1.2,1.6,30.0,4.0,2
parallel_rows_manual_gates,low,S3,B1,330003,poisson,gamma,434,434,434,0,409,409.0,3772.0,0.8761452811934737,0.013428748122625674,77.7917096408354,48.53799895067665,226.84797010966804,68.96729165263798,155.51070736661464,170.14292610505058,197.82723966557333,18.236410101664898,35.25634372077636,53.990449674975814,100.64214382938133,25.403411844343534,23.80125996585959,1.0,0.0,420.0,326.1290322580645,0.4721198156682028,0.6531797235023042,2.1566180235535075,18,3.997084548104956,14.0,2.0386959978796715,15.0,0.16666666666666666,0.0,12.0,0.176,12,5.5,90.0,10.714285714285715,125.99999999999999,1.4,83.05,135.0,0.3470409340456906,132,6.376471298472069,34.94309531759595,-5.410723222908132,1.2,1.6,30.0,4.0,2
parallel_rows_manual_gates,low,S3,B1,330001,poisson,gamma,405,405,405,0,398,398.0,3677.0,0.8313628261514489,0.017219503353271704,80.23114853230693,60.629925757025504,277.09322535139313,54.88642772300784,180.41361622507054,204.27944346678092,256.36154048084285,20.391642359467433,30.791714114792114,51.56854165944472,102.88116686256642,31.112698372208094,28.662606872862217,1.0,0.0,450.0,321.1111111111111,0.4670864197530866,0.6574526142741556,1.9962619976448293,13,3.33442088091354,18.0,2.1892332789559545,21.0,0.23333333333333334,0.0,12.0,0.17664704183231808,12,5.520220057259941,90.0,15.000000000000002,125.99999999999999,1.4,80.27,135.0,0.3908824184438193,107,-6.633319430916032,25.019234319001527,-13.033517615245458,1.2,1.6,45.0,4.0,2
parallel_rows_manual_gates,low,S3,B1,330002,poisson,gamma,441,441,441,0,423,423.0,3775.0,0.8701847543302791,0.013153248587570622,57.0051933704298,27.60480118031212,160.0071178081712,48.98957943583741,95.66412810895736,110.02781222391104,140.53750127411212,7.093628744579459,20.83598764414388,28.201725232260745,79.35769427077766,31.112698372208097,28.803468138169052,1.0,0.0,450.0,363.265306122449,0.4745804988662133,0.6702458075469228,1.166299117481596,10,2.3752648305084745,10.0,0.768802966101695,9.0,0.1,0.0,10.0,0.14568843994365482,10,4.552763748239213,90.0,6.428571428571429,125.99999999999999,1.4,85.75,135.0,0.2622372353101552,116,4.55831082205588,12.534387988291982,5.152847667889397,1.2,1.6,45.0,4.0,2
parallel_rows_manual_gates,low,S3,B1,330003,poisson,gamma,434,434,434,0,408,408.0,3779.0,0.8745227899320043,0.012874779541446208,81.54055756710268,47.349913718880956,237.12310228456158,75.56669880354525,151.80039090352147,173.92528891196312,203.6098513411935,19.105073696134944,33.15140363424307,52.75417318291258,104.39099175564861,31.112698372208097,28.786384384190107,1.0,0.0,450.0,349.42396313364054,0.4721198156682028,0.6660451585732474,2.221435756691336,18,3.751322751322751,14.0,2.1346560846560845,17.0,0.18888888888888888,0.0,12.0,0.1796818983322053,12,5.615059322881415,90.0,12.142857142857144,125.99999999999999,1.4,82.23,135.0,0.32329968164043543,131,5.016971867300271,40.81483444803072,-2.9795968649893183,1.2,1.6,45.0,4.0,2
parallel_rows_manual_gates,base,S3,B1,330001,poisson,gamma,405,405,405,0,399,399.0,3669.0,0.8331750611948308,0.016076294277929157,72.21139544588719,59.77904874836444,299.2508246491693,47.544568230402604,172.2274779581016,192.85226846519947,245.91996643235547,19.058309026134097,32.02589053380509,51.46938474512437,94.86141377614666,22.0,20.742010700762812,1.0,0.0,360.0,256.8888888888889,0.6356296296296295,0.8356296296296298,2.4259773662551445,13,3.4795640326975477,18.0,2.046866485013624,17.0,0.18888888888888888,0.0,12.0,0.22933333333333333,12,7.166666666666667,90.0,12.142857142857144,125.99999999999999,1.4,79.57,135.0,0.42779492234717464,105,-7.356555312712231,23.825070152107628,-9.288352376567374,1.2,1.6,0.0,4.0,2
parallel_rows_manual_gates,base,S3,B1,330002,poisson,gamma,441,441,441,0,423,423.0,3767.0,0.8720322803479654,0.011234961075725407,48.96664461759533,27.125768416206736,152.0071178081712,40.13687736272857,87.8836116345019,101.5132787654511,131.593072569974,5.288640082447941,22.564281034942184,28.125029960927538,71.3191455179432,22.0,20.84161465666779,1.0,0.0,360.0,290.61224489795916,0.6468707482993197,0.8468707482993197,1.2388038548752838,10,2.5862526539278132,10.0,0.5591825902335457,7.0,0.07777777777777778,0.0,9.0,0.166,7,4.062500000000001,90.0,5.0,125.99999999999999,1.4,85.55,135.0,0.29896110077853466,97,3.7739751713193286,11.666446811821395,6.2441062338262086,1.2,1.6,0.0,4.0,2
parallel_rows_manual_gates,base,S3,B1,330003,poisson,gamma,434,434,434,0,409,409.0,3769.0,0.8768424790299671,0.01246684350132626,74.7847971984391,48.26765692799456,208.12310228456158,67.98711731064401,149.9244271046566,171.4887847352417,193.658134970196,16.821663557886097,36.635903169637274,53.955262580057926,97.63523138698501,22.0,20.82953461838116,1.0,0.0,360.0,279.53917050691246,0.6431797235023041,0.8431797235023043,2.6752112135176658,18,4.157294429708223,15.0,1.8774535809018567,15.0,0.16666666666666666,0.0,12.0,0.22666666666666674,12,7.083333333333336,90.0,10.714285714285715,125.99999999999999,1.4,80.31,135.0,0.3584784740449771,128,8.173121263374156,34.16410981034957,-4.873753525938426,1.2,1.6,0.0,4.0,2
parallel_rows_manual_gates,base,S3,B1,330001,poisson,gamma,405,405,405,0,399,399.0,3670.0,0.8329480998597192,0.01607191500953419,72.90275347057855,59.77909455076014,302.2508246491693,49.03262523398098,172.93690255116127,192.66292801134668,245.91996643235547,19.179296680455085,31.921709404891814,51.486191270532096,95.55277180083802,22.77607596902183,21.416562200046457,1.0,0.0,390.0,278.2962962962963,0.6356296296296295,0.8577922086028529,2.4830194115248876,13,3.463906292563334,17.0,2.059656769272678,17.0,0.18888888888888888,0.0,12.0,0.23692535865634062,12,7.403917458010645,90.0,12.142857142857144,125.99999999999999,1.4,79.57,135.0,0.4236816177022005,102,-7.747106369605703,23.92801533890882,-9.034129610349495,1.2,1.6,15.0,4.0,2
parallel_rows_manual_gates,base,S3,B1,330002,poisson,gamma,441,441,441,0,423,423.0,3768.0,0.871800910679526,0.011320420978155126,49.73761967428467,27.126052371579025,153.0071178081712,40.665508657355986,88.54465134502152,100.93249779654889,132.73750127411205,5.390680898774471,22.55515012890329,28.217939871215176,72.09012057463254,22.776075969021825,21.5196798030695,1.0,0.0,390.0,314.8299319727891,0.6468707482993197,0.8719427428725164,1.2909240719201394,10,2.5797293711859908,11.0,0.5709737330856991,8.0,0.08888888888888889,0.0,9.0,0.17014110472164035,8,4.796076189217928,90.0,5.714285714285714,125.99999999999999,1.4,84.88,135.0,0.29475281702593703,95,3.712985332241111,11.839240929468453,5.80371261858302,1.2,1.6,15.0,4.0,2
parallel_rows_manual_gates,base,S3,B1,330003,poisson,gamma,434,434,434,0,409,409.0,3769.0,0.8768424790299671,0.01237842617152962,75.16498153023633,48.055899579893875,235.40408787398042,67.63669630556382,145.73562651230057,168.65876946629595,196.5929558270151,16.978345585535866,36.18176646499299,53.65780790306342,98.01541571878225,22.776075969021825,21.507173627172907,1.0,0.0,390.0,302.8341013824885,0.6431797235023041,0.8672964105620875,2.688778420755177,18,4.110610079575597,17.0,1.8954907161803713,17.0,0.18888888888888888,0.0,12.0,0.2335685078694006,12,7.299015870918768,90.0,12.142857142857144,125.99999999999999,1.4,79.33,135.0,0.35570326580850886,127,4.4501527062613775,33.817974544649076,-3.7863893178195127,1.2,1.6,15.0,4.0,2
parallel_rows_manual_gates,base,S3,B1,330001,poisson,gamma,405,405,405,0,399,399.0,3672.0,0.8324945479403836,0.016607677647699427,74.99164235946743,59.69334030668342,303.2508246491693,51.490180339233575,175.04968146438017,193.78279154730356,247.91996643235547,19.47312384094891,31.433137282268717,51.291446308402804,97.6416606897269,25.403411844343537,23.700196051064623,1.0,0.0,420.0,299.7037037037037,0.6356296296296295,0.8784444444444444,2.6055041152263376,13,3.4102913150013614,17.0,2.09093384154642,17.0,0.18888888888888888,0.0,12.0,0.24399999999999997,12,7.624999999999999,90.0,12.142857142857144,125.99999999999999,1.4,79.57,135.0,0.41117421926318687,106,-7.937110576146864,24.994418393176616,-8.200225081585742,1.2,1.6,30.0,4.0,2
parallel_rows_manual_gates,base,S3,B1,330002,poisson,gamma,441,441,441,0,423,423.0,3770.0,0.8713385394725891,0.01078405374348095,52.01426366521438,27.135687529104597,155.0071178081712,43.16914724010394,89.99606091229816,105.50618478895069,134.032604286481,5.730816953196241,22.196129075907916,28.19905487264157,74.36676456556225,25.403411844343534,23.81520879257281,1.0,0.0,420.0,339.04761904761904,0.6468707482993197,0.8953061224489794,1.4238945578231292,10,2.5361972951471756,11.0,0.6104481569875365,8.0,0.08888888888888889,0.0,9.0,0.174,8,5.041666666666667,90.0,5.714285714285714,125.99999999999999,1.4,84.76,135.0,0.28197508849013087,97,2.212936715390505,7.920417400056692,5.735602974591714,1.2,1.6,30.0,4.0,2
parallel_rows_manual_gates,base,S3,B1,330003,poisson,gamma,434,434,434,0,409,409.0,3772.0,0.8761452811934737,0.013428748122625674,77.7917096408354,48.53799895067665,226.84797010966804,68.96729165263798,155.51070736661464,170.14292610505058,197.82723966557333,18.236410101664898,35.25634372077636,53.990449674975814,100.64214382938133,25.403411844343534,23.80125996585959,1.0,0.0,420.0,326.1290322580645,0.6431797235023041,0.8897695852534561,2.937115975422427,18,3.997084548104956,14.0,2.0386959978796715,15.0,0.16666666666666666,0.0,12.0,0.23999999999999996,12,7.499999999999999,90.0,10.714285714285715,125.99999999999999,1.4,80.55,135.0,0.3470409340456906,132,6.376471298472069,34.94309531759595,-5.410723222908132,1.2,1.6,30.0,4.0,2
parallel_rows_manual_gates,base,S3,B1,330001,poisson,gamma,405,405,405,0,398,398.0,3677.0,0.8313628261514489,0.017219503353271704,80.23114853230693,60.629925757025504,277.09322535139313,54.88642772300784,180.41361622507054,204.27944346678092,256.36154048084285,20.391642359467433,30.791714114792114,51.56854165944472,102.88116686256642,31.112698372208094,28.662606872862217,1.0,0.0,450.0,321.1111111111111,0.6356296296296295,0.8961789214112335,2.7183127495536645,13,3.33442088091354,18.0,2.1892332789559545,21.0,0.23333333333333334,0.0,12.0,0.2409705627484772,12,7.530330085889912,90.0,15.000000000000002,125.99999999999999,1.4,76.77,135.0,0.3908824184438193,107,-6.633319430916032,25.019234319001527,-13.033517615245458,1.2,1.6,45.0,4.0,2
parallel_rows_manual_gates,base,S3,B1,330002,poisson,gamma,441,441,441,0,423,423.0,3775.0,0.8701847543302791,0.013153248587570622,57.0051933704298,27.60480118031212,160.0071178081712,48.98957943583741,95.66412810895736,110.02781222391104,140.53750127411212,7.093628744579459,20.83598764414388,28.201725232260745,79.35769427077766,31.112698372208097,28.803468138169052,1.0,0.0,450.0,363.265306122449,0.6468707482993197,0.9153687113203841,1.5925609211203533,10,2.3752648305084745,10.0,0.768802966101695,9.0,0.1,0.0,10.0,0.19853265991548225,10,6.204145622358821,90.0,6.428571428571429,125.99999999999999,1.4,84.21000000000001,135.0,0.2622372353101552,116,4.55831082205588,12.534387988291982,5.152847667889397,1.2,1.6,45.0,4.0,2
parallel_rows_manual_gates,base,S3,B1,330003,poisson,gamma,434,434,434,0,408,408.0,3779.0,0.8745227899320043,0.012874779541446208,81.54055756710268,47.349913718880956,237.12310228456158,75.56669880354525,151.80039090352147,173.92528891196312,203.6098513411935,19.105073696134944,33.15140363424307,52.75417318291258,104.39099175564861,31.112698372208097,28.786384384190107,1.0,0.0,450.0,349.42396313364054,0.6431797235023041,0.9090677378598712,3.0317504092305523,18,3.751322751322751,14.0,2.1346560846560845,17.0,0.18888888888888888,0.0,12.0,0.245522847498308,12,7.672588984322125,90.0,12.142857142857144,125.99999999999999,1.4,79.45,135.0,0.32329968164043543,131,5.016971867300271,40.81483444803072,-2.9795968649893183,1.2,1.6,45.0,4.0,2
parallel_rows_manual_gates,high,S3,B1,330001,poisson,gamma,405,405,405,0,399,399.0,3669.0,0.8331750611948308,0.016076294277929157,72.21139544588719,59.77904874836444,299.2508246491693,47.544568230402604,172.2274779581016,192.85226846519947,245.91996643235547,19.058309026134097,32.02589053380509,51.46938474512437,94.86141377614666,22.0,20.742010700762812,1.0,0.0,360.0,256.8888888888889,0.942716049382716,1.2427160493827163,3.6047668038408776,13,3.4795640326975477,18.0,2.046866485013624,17.0,0.18888888888888888,0.0,12.0,0.3422222222222222,12,10.694444444444445,90.0,15.400000000000004,95.46883184913568,1.0607647983237298,74.6,135.0,0.42779492234717464,105,-7.356555312712231,23.825070152107628,-9.288352376567374,1.2,1.6,0.0,4.0,2
parallel_rows_manual_gates,high,S3,B1,330002,poisson,gamma,441,441,441,0,423,423.0,3767.0,0.8720322803479654,0.011234961075725407,48.96664461759533,27.125768416206736,152.0071178081712,40.13687736272857,87.8836116345019,101.5132787654511,131.593072569974,5.288640082447941,22.564281034942184,28.125029960927538,71.3191455179432,22.0,20.84161465666779,1.0,0.0,360.0,290.61224489795916,0.9614512471655329,1.261451247165533,1.8447656840513984,10,2.5862526539278132,10.0,0.5591825902335457,7.0,0.07777777777777778,0.0,9.0,0.2466666666666667,7,6.041666666666668,90.0,6.6,93.60849056603773,1.0400943396226414,83.4,135.0,0.29896110077853466,97,3.7739751713193286,11.666446811821395,6.2441062338262086,1.2,1.6,0.0,4.0,2
parallel_rows_manual_gates,high,S3,B1,330003,poisson,gamma,434,434,434,0,409,409.0,3769.0,0.8768424790299671,0.01246684350132626,74.7847971984391,48.26765692799456,208.12310228456158,67.98711731064401,149.9244271046566,171.4887847352417,193.658134970196,16.821663557886097,36.635903169637274,53.955262580057926,97.63523138698501,22.0,20.82953461838116,1.0,0.0,360.0,279.53917050691246,0.9552995391705069,1.2552995391705069,3.9820148489503326,18,4.157294429708223,15.0,1.8774535809018567,15.0,0.16666666666666666,0.0,12.0,0.3377777777777778,12,10.555555555555557,90.0,14.400000000000002,94.21128798842257,1.0467920887602509,75.6,135.0,0.3584784740449771,128,8.173121263374156,34.16410981034957,-4.873753525938426,1.2,1.6,0.0,4.0,2
parallel_rows_manual_gates,high,S3,B1,330001,poisson,gamma,405,405,405,0,399,399.0,3670.0,0.8329480998597192,0.01607191500953419,72.90275347057855,59.77909455076014,302.2508246491693,49.03262523398098,172.93690255116127,192.66292801134668,245.91996643235547,19.179296680455085,31.921709404891814,51.486191270532096,95.55277180083802,22.77607596902183,21.416562200046457,1.0,0.0,390.0,278.2962962962963,0.942716049382716,1.2796536810047545,3.70035128258263,13,3.463906292563334,17.0,2.059656769272678,17.0,0.18888888888888888,0.0,12.0,0.35487559776056765,12,11.08986243001774,90.0,15.400000000000004,95.46883184913568,1.0607647983237298,74.6,135.0,0.4236816177022005,102,-7.747106369605703,23.92801533890882,-9.034129610349495,1.2,1.6,15.0,4.0,2
parallel_rows_manual_gates,high,S3,B1,330002,poisson,gamma,441,441,441,0,423,423.0,3768.0,0.871800910679526,0.011320420978155126,49.73761967428467,27.126052371579025,153.0071178081712,40.665508657355986,88.54465134502152,100.93249779654889,132.73750127411205,5.390680898774471,22.55515012890329,28.217939871215176,72.09012057463254,22.776075969021825,21.5196798030695,1.0,0.0,390.0,314.8299319727891,0.9614512471655329,1.3032379047875269,1.9287982453393102,10,2.5797293711859908,11.0,0.5709737330856991,8.0,0.08888888888888889,0.0,9.0,0.25356850786940055,8,7.160126982029879,90.0,7.6,93.60849056603773,1.0400943396226414,82.4,135.0,0.29475281702593703,95,3.712985332241111,11.839240929468453,5.80371261858302,1.2,1.6,15.0,4.0,2
parallel_rows_manual_gates,high,S3,B1,330003,poisson,gamma,434,434,434,0,409,409.0,3769.0,0.8768424790299671,0.01237842617152962,75.16498153023633,48.055899579893875,235.40408787398042,67.63669630556382,145.73562651230057,168.65876946629595,196.5929558270151,16.978345585535866,36.18176646499299,53.65780790306342,98.01541571878225,22.776075969021825,21.507173627172907,1.0,0.0,390.0,302.8341013824885,0.9552995391705069,1.295494017603479,4.015667567618075,18,4.110610079575597,17.0,1.8954907161803713,17.0,0.18888888888888888,0.0,12.0,0.34928084644900087,12,10.915026451531277,90.0,15.800000000000002,94.21128798842257,1.0467920887602509,74.2,135.0,0.35570326580850886,127,4.4501527062613775,33.817974544649076,-3.7863893178195127,1.2,1.6,15.0,4.0,2
parallel_rows_manual_gates,high,S3,B1,330001,poisson,gamma,405,405,405,0,399,399.0,3672.0,0.8324945479403836,0.016607677647699427,74.99164235946743,59.69334030668342,303.2508246491693,51.490180339233575,175.04968146438017,193.78279154730356,247.91996643235547,19.47312384094891,31.433137282268717,51.291446308402804,97.6416606897269,25.403411844343537,23.700196051064623,1.0,0.0,420.0,299.7037037037037,0.942716049382716,1.3140740740740742,3.8936899862825793,13,3.4102913150013614,17.0,2.09093384154642,17.0,0.18888888888888888,0.0,12.0,0.3666666666666666,12,11.458333333333332,90.0,15.400000000000004,95.46883184913568,1.0607647983237298,74.6,135.0,0.41117421926318687,106,-7.937110576146864,24.994418393176616,-8.200225081585742,1.2,1.6,30.0,4.0,2
parallel_rows_manual_gates,high,S3,B1,330002,poisson,gamma,441,441,441,0,423,423.0,3770.0,0.8713385394725891,0.01078405374348095,52.01426366521438,27.135687529104597,155.0071178081712,43.16914724010394,89.99606091229816,105.50618478895069,134.032604286481,5.730816953196241,22.196129075907916,28.19905487264157,74.36676456556225,25.403411844343534,23.81520879257281,1.0,0.0,420.0,339.04761904761904,0.9614512471655329,1.3421768707482995,2.134353741496599,10,2.5361972951471756,11.0,0.6104481569875365,8.0,0.08888888888888889,0.0,9.0,0.26,8,7.569444444444446,90.0,7.8,93.60849056603773,1.0400943396226414,82.2,135.0,0.28197508849013087,97,2.212936715390505,7.920417400056692,5.735602974591714,1.2,1.6,30.0,4.0,2
parallel_rows_manual_gates,high,S3,B1,330003,poisson,gamma,434,434,434,0,409,409.0,3772.0,0.8761452811934737,0.013428748122625674,77.7917096408354,48.53799895067665,226.84797010966804,68.96729165263798,155.51070736661464,170.14292610505058,197.82723966557333,18.236410101664898,35.25634372077636,53.990449674975814,100.64214382938133,25.403411844343534,23.80125996585959,1.0,0.0,420.0,326.1290322580645,0.9552995391705069,1.3329493087557605,4.398841525857655,18,3.997084548104956,14.0,2.0386959978796715,15.0,0.16666666666666666,0.0,12.0,0.36,12,11.25,90.0,14.000000000000004,94.21128798842257,1.0467920887602509,76.0,135.0,0.3470409340456906,132,6.376471298472069,34.94309531759595,-5.410723222908132,1.2,1.6,30.0,4.0,2
parallel_rows_manual_gates,high,S3,B1,330001,poisson,gamma,405,405,405,0,398,398.0,3677.0,0.8313628261514489,0.017219503353271704,80.23114853230693,60.629925757025504,277.09322535139313,54.88642772300784,180.41361622507054,204.27944346678092,256.36154048084285,20.391642359467433,30.791714114792114,51.56854165944472,102.88116686256642,31.112698372208094,28.662606872862217,1.0,0.0,450.0,321.1111111111111,0.942716049382716,1.3436315356853887,4.07038750440014,13,3.33442088091354,18.0,2.1892332789559545,21.0,0.23333333333333334,0.0,12.0,0.3616176045807953,12,11.300550143149852,90.0,19.600000000000005,95.46883184913568,1.0607647983237298,70.39999999999999,135.0,0.3908824184438193,107,-6.633319430916032,25.019234319001527,-13.033517615245458,1.2,1.6,45.0,4.0,2
parallel_rows_manual_gates,high,S3,B1,330002,poisson,gamma,441,441,441,0,423,423.0,3775.0,0.8701847543302791,0.013153248587570622,57.0051933704298,27.60480118031212,160.0071178081712,48.98957943583741,95.66412810895736,110.02781222391104,140.53750127411212,7.093628744579459,20.83598764414388,28.201725232260745,79.35769427077766,31.112698372208097,28.803468138169052,1.0,0.0,450.0,363.265306122449,0.9614512471655329,1.3756145188673066,2.392788610030521,10,2.3752648305084745,10.0,0.768802966101695,9.0,0.1,0.0,10.0,0.2975544331924704,10,9.298576037264699,90.0,8.6,93.60849056603773,1.0400943396226414,81.4,135.0,0.2622372353101552,116,4.55831082205588,12.534387988291982,5.152847667889397,1.2,1.6,45.0,4.0,2
parallel_rows_manual_gates,high,S3,B1,330003,poisson,gamma,434,434,434,0,408,408.0,3779.0,0.8745227899320043,0.012874779541446208,81.54055756710268,47.349913718880956,237.12310228456158,75.56669880354525,151.80039090352147,173.92528891196312,203.6098513411935,19.105073696134944,33.15140363424307,52.75417318291258,104.39099175564861,31.112698372208097,28.786384384190107,1.0,0.0,450.0,349.42396313364054,0.9552995391705069,1.3651128964331183,4.552245305706834,18,3.751322751322751,14.0,2.1346560846560845,17.0,0.18888888888888888,0.0,12.0,0.3692047458305132,12,11.537648307203538,90.0,15.600000000000001,94.21128798842257,1.0467920887602509,74.4,135.0,0.32329968164043543,131,5.016971867300271,40.81483444803072,-2.9795968649893183,1.2,1.6,45.0,4.0,2
parallel_rows_automatic_gates,low,S3,B2,330001,poisson,gamma,405,405,405,0,399,399.0,3669.0,0.8331750611948308,0.01580381471389646,71.96942013724521,59.93268800484831,299.2508246491693,47.21004657540834,172.2274779581016,192.85226846519947,245.91996643235547,19.058309026134097,32.233915225163116,51.67740943648241,94.61943846750468,22.0,20.29201070076281,1.0,0.0,360.0,256.8888888888889,0.4670864197530866,0.6170864197530864,1.7927297668038409,13,3.502724795640327,18.0,2.046866485013624,17.0,0.18888888888888888,0.0,12.0,0.16888888888888884,12,5.277777777777777,90.0,12.142857142857144,125.99999999999999,1.4,82.31,135.0,0.43055363963929505,105,-7.4503874717194805,23.85806715238033,-9.348083098721588,1.2,1.6,0.0,5.0,0
parallel_rows_automatic_gates,low,S3,B2,330002,poisson,gamma,441,441,441,0,423,423.0,3767.0,0.8720322803479654,0.011500353857041755,48.48818656770871,27.14172687123277,152.0071178081712,39.665508657355986,87.52443819082714,100.5132787654511,131.593072569974,5.243288608525039,22.581174458978474,28.096571911040918,70.84068746805657,22.0,20.391614656667794,1.0,0.0,360.0,290.61224489795916,0.4745804988662133,0.624580498866213,0.9100529100529101,10,2.583067940552017,10.0,0.5538747346072187,7.0,0.07777777777777778,0.0,9.0,0.12266666666666666,7,3.0000000000000004,90.0,5.0,125.99999999999999,1.4,86.73,135.0,0.3018407091855675,95,3.7620397344969234,11.708946811821399,6.238047400465021,1.2,1.6,0.0,5.0,0
parallel_rows_automatic_gates,low,S3,B2,330003,poisson,gamma,434,434,434,0,408,408.0,3770.0,0.8766099564950878,0.012198355873773535,73.78249305097366,47.817056832969925,221.84797010966804,67.79620648277796,149.69846195493713,165.29317188278188,198.05830931070673,17.284797198439094,35.62046538161884,53.4029584325925,96.63292723951957,22.0,20.37953461838116,1.0,0.0,360.0,279.53917050691246,0.4721198156682028,0.6221198156682027,1.8819764464925757,18,4.045080880403076,15.0,1.9302572261999469,16.0,0.17777777777777778,0.0,12.0,0.16711111111111107,12,5.222222222222221,90.0,11.428571428571429,125.99999999999999,1.4,82.56,135.0,0.35945638202066843,120,6.121200560447718,35.05758807121913,-5.952015389860691,1.2,1.6,0.0,5.0,0
parallel_rows_automatic_gates,low,S3,B2,330001,poisson,gamma,405,405,405,0,399,399.0,3670.0,0.8329480998597192,0.01616271678924907,72.52991396440571,59.80234610249514,299.2508246491693,48.490180339233575,172.55671489682447,193.05226846519952,246.66917013829192,19.203988038479775,31.974178540694293,51.56335176435925,95.17993229466518,22.77607596902183,20.966562200046457,1.0,0.0,390.0,278.2962962962963,0.4670864197530866,0.6318614724019019,1.826538480242229,13,3.4745301007899756,17.0,2.062380822664124,17.0,0.18888888888888888,0.0,12.0,0.17395023910422702,12,5.4359449720070945,90.0,12.142857142857144,125.99999999999999,1.4,82.31,135.0,0.4261658672613158,107,-7.205987429654073,23.6013177659609,-9.184435607901534,1.2,1.6,15.0,5.0,0
parallel_rows_automatic_gates,low,S3,B2,330002,poisson,gamma,441,441,441,0,423,423.0,3767.0,0.8720322803479654,0.01132342533616419,49.29771037723252,27.08259651679189,152.0071178081712,40.13687736272857,87.95889193697622,100.90330805346548,132.593072569974,5.2954428035363765,22.66047892708923,28.228030574163018,71.65021127758038,22.776075969021825,21.069679803069498,1.0,0.0,390.0,314.8299319727891,0.4745804988662133,0.6412951619150108,0.9437874669212608,10,2.5942144373673037,11.0,0.5599787685774947,8.0,0.08888888888888889,0.0,9.0,0.1254274031477602,8,3.530717459478618,90.0,5.714285714285714,125.99999999999999,1.4,86.24,135.0,0.2970222913888467,97,3.6813843793508383,11.712035047115513,5.765959818984157,1.2,1.6,15.0,5.0,0
parallel_rows_automatic_gates,low,S3,B2,330003,poisson,gamma,434,434,434,0,409,409.0,3769.0,0.8768424790299671,0.01220159151193634,75.00138706019025,48.491439417307234,224.84797010966804,67.67211298071084,148.06647993148042,167.9300778399773,203.53881254452693,16.957608258346927,36.488909322135854,53.944213433017346,97.85182124873617,22.776075969021825,21.057173627172904,1.0,0.0,390.0,302.8341013824885,0.4721198156682028,0.6381976070413915,1.9699910170048562,18,4.141909814323608,15.0,1.893103448275862,16.0,0.17777777777777778,0.0,12.0,0.17171233857960036,12,5.366010580612511,90.0,11.428571428571429,125.99999999999999,1.4,82.56,135.0,0.3585462534738828,125,4.522986923093853,34.14671850600175,-5.424010815818363,1.2,1.6,15.0,5.0,0
parallel_rows_automatic_gates,low,S3,B2,330001,poisson,gamma,405,405,405,0,399,399.0,3671.0,0.8327212621418925,0.016793754538852578,74.65337075452916,59.705895649505635,302.2508246491693,50.78033290936855,175.00221838168068,193.4522684651996,247.91996643235547,19.27806211255385,31.739927405725503,51.40317470346454,97.30338908478863,25.403411844343537,23.250196051064624,1.0,0.0,420.0,299.7037037037037,0.4670864197530866,0.6456296296296297,1.909945130315501,13,3.445533769063181,17.0,2.0699891067538125,17.0,0.18888888888888888,0.0,12.0,0.17866666666666664,12,5.583333333333333,90.0,12.142857142857144,125.99999999999999,1.4,82.31,135.0,0.41336311545580684,105,-7.927146331746826,25.018007157834376,-8.316504151353172,1.2,1.6,30.0,5.0,0
parallel_rows_automatic_gates,low,S3,B2,330002,poisson,gamma,441,441,441,0,423,423.0,3770.0,0.8713385394725891,0.010872447626624237,51.45190538857039,27.2616013411448,155.0071178081712,42.13687736272857,89.54465134502152,105.8023449761913,132.5208965945656,5.794309016688304,22.02027873577186,28.08669659599758,73.80440628891826,25.403411844343534,23.36520879257281,1.0,0.0,420.0,339.04761904761904,0.4745804988662133,0.6568707482993198,1.0434618291761149,10,2.5178997613365155,11.0,0.6178732431715726,8.0,0.08888888888888889,0.0,9.0,0.128,8,3.6944444444444446,90.0,5.714285714285714,125.99999999999999,1.4,86.16,135.0,0.28598459899415385,99,2.6057608682418802,9.476740929468455,5.906378505261941,1.2,1.6,30.0,5.0,0
parallel_rows_automatic_gates,low,S3,B2,330003,poisson,gamma,434,434,434,0,409,409.0,3771.0,0.8763775572489332,0.013167196889360197,76.83548844267872,48.19476364569916,210.12310228456158,68.52645215655991,151.25099239603585,173.40468126877732,195.98813497019597,17.533645124706375,35.452887499578196,53.484228476819126,99.68592263122466,25.403411844343534,23.35125996585959,1.0,0.0,420.0,326.1290322580645,0.4721198156682028,0.6531797235023042,2.075140809011777,18,4.022534464475079,15.0,1.9583775185577943,15.0,0.16666666666666666,0.0,12.0,0.176,12,5.5,90.0,10.714285714285715,125.99999999999999,1.4,82.89,135.0,0.3484391888420131,135,8.52134095209199,35.421356187161166,-4.874348151438724,1.2,1.6,30.0,5.0,0
parallel_rows_automatic_gates,low,S3,B2,330001,poisson,gamma,405,405,405,0,398,398.0,3677.0,0.8313628261514489,0.016947616458220047,79.82374112489953,60.6804554007399,277.09322535139313,53.50555912736888,180.41361622507054,204.27944346678092,256.36154048084285,20.42127198909706,30.804677077755063,51.61113425203731,102.473759455159,31.112698372208094,28.212606872862217,1.0,0.0,450.0,321.1111111111111,0.4670864197530866,0.6574526142741556,1.9991191207072088,13,3.3357803153887984,18.0,2.1924959216965743,21.0,0.23333333333333334,0.0,12.0,0.17664704183231808,12,5.520220057259941,90.0,15.000000000000002,125.99999999999999,1.4,80.27,135.0,0.3933465627056396,103,-6.66841775881592,25.060139691240423,-13.009649806187937,1.2,1.6,45.0,5.0,0
parallel_rows_automatic_gates,low,S3,B2,330002,poisson,gamma,441,441,441,0,423,423.0,3775.0,0.8701847543302791,0.013153248587570622,56.6582545949196,27.592215250035647,160.0071178081712,48.98227630041424,95.42646013148305,109.08576834458836,140.53750127411212,7.021066386302816,21.0116112269103,28.30478645675054,79.01075549526746,31.112698372208097,28.353468138169053,1.0,0.0,450.0,363.265306122449,0.4745804988662133,0.6702458075469228,1.1641053390030909,10,2.3940677966101696,10.0,0.7603283898305084,9.0,0.1,0.0,10.0,0.14568843994365482,10,4.552763748239213,90.0,6.428571428571429,125.99999999999999,1.4,85.75,135.0,0.26368561745036634,115,4.542340186633645,12.570123282409632,5.143257997155651,1.2,1.6,45.0,5.0,0
parallel_rows_automatic_gates,low,S3,B2,330003,poisson,gamma,434,434,434,0,408,408.0,3778.0,0.8747542063887208,0.013319220252271323,81.55899074682618,47.87662992486434,225.36724289578842,74.96951884067596,155.59415055915366,177.7426113271773,201.2096891091116,19.462216553277802,33.26269395682372,53.22260636263607,104.40942493537212,31.112698372208097,28.336384384190104,1.0,0.0,450.0,349.42396313364054,0.4721198156682028,0.6660451585732474,2.1741423818676395,18,3.7615771368086794,14.0,2.176237099761842,16.0,0.17777777777777778,0.0,12.0,0.17664704183231808,12,5.520220057259941,90.0,11.428571428571429,125.99999999999999,1.4,82.39999999999999,135.0,0.326416200525413,130,7.639052084181159,36.3401967668713,-4.338727796950437,1.2,1.6,45.0,5.0,0
parallel_rows_automatic_gates,base,S3,B2,330001,poisson,gamma,405,405,405,0,399,399.0,3669.0,0.8331750611948308,0.01580381471389646,71.96942013724521,59.93268800484831,299.2508246491693,47.21004657540834,172.2274779581016,192.85226846519947,245.91996643235547,19.058309026134097,32.233915225163116,51.67740943648241,94.61943846750468,22.0,20.29201070076281,1.0,0.0,360.0,256.8888888888889,0.6356296296296295,0.8356296296296298,2.4259773662551445,13,3.502724795640327,18.0,2.046866485013624,17.0,0.18888888888888888,0.0,12.0,0.22933333333333333,12,7.166666666666667,90.0,12.142857142857144,125.99999999999999,1.4,79.57,135.0,0.43055363963929505,105,-7.4503874717194805,23.85806715238033,-9.348083098721588,1.2,1.6,0.0,5.0,0
parallel_rows_automatic_gates,base,S3,B2,330002,poisson,gamma,441,441,441,0,423,423.0,3767.0,0.8720322803479654,0.011500353857041755,48.48818656770871,27.14172687123277,152.0071178081712,39.665508657355986,87.52443819082714,100.5132787654511,131.593072569974,5.243288608525039,22.581174458978474,28.096571911040918,70.84068746805657,22.0,20.391614656667794,1.0,0.0,360.0,290.61224489795916,0.6468707482993197,0.8468707482993197,1.233701814058957,10,2.583067940552017,10.0,0.5538747346072187,7.0,0.07777777777777778,0.0,9.0,0.166,7,4.062500000000001,90.0,5.0,125.99999999999999,1.4,85.55,135.0,0.3018407091855675,95,3.7620397344969234,11.708946811821399,6.238047400465021,1.2,1.6,0.0,5.0,0
parallel_rows_automatic_gates,base,S3,B2,330003,poisson,gamma,434,434,434,0,408,408.0,3770.0,0.8766099564950878,0.012198355873773535,73.78249305097366,47.817056832969925,221.84797010966804,67.79620648277796,149.69846195493713,165.29317188278188,198.05830931070673,17.284797198439094,35.62046538161884,53.4029584325925,96.63292723951957,22.0,20.37953461838116,1.0,0.0,360.0,279.53917050691246,0.6431797235023041,0.8431797235023043,2.5504992319508455,18,4.045080880403076,15.0,1.9302572261999469,16.0,0.17777777777777778,0.0,12.0,0.22666666666666668,12,7.083333333333334,90.0,11.428571428571429,125.99999999999999,1.4,79.88,135.0,0.35945638202066843,120,6.121200560447718,35.05758807121913,-5.952015389860691,1.2,1.6,0.0,5.0,0
parallel_rows_automatic_gates,base,S3,B2,330001,poisson,gamma,405,405,405,0,399,399.0,3670.0,0.8329480998597192,0.01616271678924907,72.52991396440571,59.80234610249514,299.2508246491693,48.490180339233575,172.55671489682447,193.05226846519952,246.66917013829192,19.203988038479775,31.974178540694293,51.56335176435925,95.17993229466518,22.77607596902183,20.966562200046457,1.0,0.0,390.0,278.2962962962963,0.6356296296296295,0.8577922086028529,2.4776163623386522,13,3.4745301007899756,17.0,2.062380822664124,17.0,0.18888888888888888,0.0,12.0,0.23692535865634062,12,7.403917458010645,90.0,12.142857142857144,125.99999999999999,1.4,79.57,135.0,0.4261658672613158,107,-7.205987429654073,23.6013177659609,-9.184435607901534,1.2,1.6,15.0,5.0,0
parallel_rows_automatic_gates,base,S3,B2,330002,poisson,gamma,441,441,441,0,423,423.0,3767.0,0.8720322803479654,0.01132342533616419,49.29771037723252,27.08259651679189,152.0071178081712,40.13687736272857,87.95889193697622,100.90330805346548,132.593072569974,5.2954428035363765,22.66047892708923,28.228030574163018,71.65021127758038,22.776075969021825,21.069679803069498,1.0,0.0,390.0,314.8299319727891,0.6468707482993197,0.8719427428725164,1.2828864158013922,10,2.5942144373673037,11.0,0.5599787685774947,8.0,0.08888888888888889,0.0,9.0,0.17014110472164035,8,4.796076189217928,90.0,5.714285714285714,125.99999999999999,1.4,84.88,135.0,0.2970222913888467,97,3.6813843793508383,11.712035047115513,5.765959818984157,1.2,1.6,15.0,5.0,0
parallel_rows_automatic_gates,base,S3,B2,330003,poisson,gamma,434,434,434,0,409,409.0,3769.0,0.8768424790299671,0.01220159151193634,75.00138706019025,48.491439417307234,224.84797010966804,67.67211298071084,148.06647993148042,167.9300778399773,203.53881254452693,16.957608258346927,36.488909322135854,53.944213433017346,97.85182124873617,22.776075969021825,21.057173627172904,1.0,0.0,390.0,302.8341013824885,0.6431797235023041,0.8672964105620875,2.6767607190556713,18,4.141909814323608,15.0,1.893103448275862,16.0,0.17777777777777778,0.0,12.0,0.2335685078694006,12,7.299015870918768,90.0,11.428571428571429,125.99999999999999,1.4,79.88,135.0,0.3585462534738828,125,4.522986923093853,34.14671850600175,-5.424010815818363,1.2,1.6,15.0,5.0,0
parallel_rows_automatic_gates,base,S3,B2,330001,poisson,gamma,405,405,405,0,399,399.0,3671.0,0.8327212621418925,0.016793754538852578,74.65337075452916,59.705895649505635,302.2508246491693,50.78033290936855,175.00221838168068,193.4522684651996,247.91996643235547,19.27806211255385,31.739927405725503,51.40317470346454,97.30338908478863,25.403411844343537,23.250196051064624,1.0,0.0,420.0,299.7037037037037,0.6356296296296295,0.8784444444444444,2.596553497942387,13,3.445533769063181,17.0,2.0699891067538125,17.0,0.18888888888888888,0.0,12.0,0.24399999999999997,12,7.624999999999999,90.0,12.142857142857144,125.99999999999999,1.4,79.57,135.0,0.41336311545580684,105,-7.927146331746826,25.018007157834376,-8.316504151353172,1.2,1.6,30.0,5.0,0
parallel_rows_automatic_gates,base,S3,B2,330002,poisson,gamma,441,441,441,0,423,423.0,3770.0,0.8713385394725891,0.010872447626624237,51.45190538857039,27.2616013411448,155.0071178081712,42.13687736272857,89.54465134502152,105.8023449761913,132.5208965945656,5.794309016688304,22.02027873577186,28.08669659599758,73.80440628891826,25.403411844343534,23.36520879257281,1.0,0.0,420.0,339.04761904761904,0.6468707482993197,0.8953061224489794,1.4219104308390023,10,2.5178997613365155,11.0,0.6178732431715726,8.0,0.08888888888888889,0.0,9.0,0.174,8,5.041666666666667,90.0,5.714285714285714,125.99999999999999,1.4,84.76,135.0,0.28598459899415385,99,2.6057608682418802,9.476740929468455,5.906378505261941,1.2,1.6,30.0,5.0,0
parallel_rows_automatic_gates,base,S3,B2,330003,poisson,gamma,434,434,434,0,409,409.0,3771.0,0.8763775572489332,0.013167196889360197,76.83548844267872,48.19476364569916,210.12310228456158,68.52645215655991,151.25099239603585,173.40468126877732,195.98813497019597,17.533645124706375,35.452887499578196,53.484228476819126,99.68592263122466,25.403411844343534,23.35125996585959,1.0,0.0,420.0,326.1290322580645,0.6431797235023041,0.8897695852534561,2.8264208909370203,18,4.022534464475079,15.0,1.9583775185577943,15.0,0.16666666666666666,0.0,12.0,0.23999999999999996,12,7.499999999999999,90.0,10.714285714285715,125.99999999999999,1.4,80.31,135.0,0.3484391888420131,135,8.52134095209199,35.421356187161166,-4.874348151438724,1.2,1.6,30.0,5.0,0
parallel_rows_automatic_gates,base,S3,B2,330001,poisson,gamma,405,405,405,0,398,398.0,3677.0,0.8313628261514489,0.016947616458220047,79.82374112489953,60.6804554007399,277.09322535139313,53.50555912736888,180.41361622507054,204.27944346678092,256.36154048084285,20.42127198909706,30.804677077755063,51.61113425203731,102.473759455159,31.112698372208094,28.212606872862217,1.0,0.0,450.0,321.1111111111111,0.6356296296296295,0.8961789214112335,2.722289792171925,13,3.3357803153887984,18.0,2.1924959216965743,21.0,0.23333333333333334,0.0,12.0,0.2409705627484772,12,7.530330085889912,90.0,15.000000000000002,125.99999999999999,1.4,76.77,135.0,0.3933465627056396,103,-6.66841775881592,25.060139691240423,-13.009649806187937,1.2,1.6,45.0,5.0,0
parallel_rows_automatic_gates,base,S3,B2,330002,poisson,gamma,441,441,441,0,423,423.0,3775.0,0.8701847543302791,0.013153248587570622,56.6582545949196,27.592215250035647,160.0071178081712,48.98227630041424,95.42646013148305,109.08576834458836,140.53750127411212,7.021066386302816,21.0116112269103,28.30478645675054,79.01075549526746,31.112698372208097,28.353468138169053,1.0,0.0,450.0,363.265306122449,0.6468707482993197,0.9153687113203841,1.5895537001146136,10,2.3940677966101696,10.0,0.7603283898305084,9.0,0.1,0.0,10.0,0.19853265991548225,10,6.204145622358821,90.0,6.428571428571429,125.99999999999999,1.4,84.21000000000001,135.0,0.26368561745036634,115,4.542340186633645,12.570123282409632,5.143257997155651,1.2,1.6,45.0,5.0,0
parallel_rows_automatic_gates,base,S3,B2,330003,poisson,gamma,434,434,434,0,408,408.0,3778.0,0.8747542063887208,0.013319220252271323,81.55899074682618,47.87662992486434,225.36724289578842,74.96951884067596,155.59415055915366,177.7426113271773,201.2096891091116,19.462216553277802,33.26269395682372,53.22260636263607,104.40942493537212,31.112698372208097,28.336384384190104,1.0,0.0,450.0,349.42396313364054,0.6431797235023041,0.9090677378598712,2.967146752524962,18,3.7615771368086794,14.0,2.176237099761842,16.0,0.17777777777777778,0.0,12.0,0.2409705627484772,12,7.530330085889912,90.0,11.428571428571429,125.99999999999999,1.4,79.64,135.0,0.326416200525413,130,7.639052084181159,36.3401967668713,-4.338727796950437,1.2,1.6,45.0,5.0,0
parallel_rows_automatic_gates,high,S3,B2,330001,poisson,gamma,405,405,405,0,399,399.0,3669.0,0.8331750611948308,0.01580381471389646,71.96942013724521,59.93268800484831,299.2508246491693,47.21004657540834,172.2274779581016,192.85226846519947,245.91996643235547,19.058309026134097,32.233915225163116,51.67740943648241,94.61943846750468,22.0,20.29201070076281,1.0,0.0,360.0,256.8888888888889,0.942716049382716,1.2427160493827163,3.6047668038408776,13,3.502724795640327,18.0,2.046866485013624,17.0,0.18888888888888888,0.0,12.0,0.3422222222222222,12,10.694444444444445,90.0,15.400000000000004,95.46883184913568,1.0607647983237298,74.6,135.0,0.43055363963929505,105,-7.4503874717194805,23.85806715238033,-9.348083098721588,1.2,1.6,0.0,5.0,0
parallel_rows_automatic_gates,high,S3,B2,330002,poisson,gamma,441,441,441,0,423,423.0,3767.0,0.8720322803479654,0.011500353857041755,48.48818656770871,27.14172687123277,152.0071178081712,39.665508657355986,87.52443819082714,100.5132787654511,131.593072569974,5.243288608525039,22.581174458978474,28.096571911040918,70.84068746805657,22.0,20.391614656667794,1.0,0.0,360.0,290.61224489795916,0.9614512471655329,1.261451247165533,1.837207105064248,10,2.583067940552017,10.0,0.5538747346072187,7.0,0.07777777777777778,0.0,9.0,0.2466666666666667,7,6.041666666666668,90.0,6.6,93.60849056603773,1.0400943396226414,83.4,135.0,0.3018407091855675,95,3.7620397344969234,11.708946811821399,6.238047400465021,1.2,1.6,0.0,5.0,0
parallel_rows_automatic_gates,high,S3,B2,330003,poisson,gamma,434,434,434,0,408,408.0,3770.0,0.8766099564950878,0.012198355873773535,73.78249305097366,47.817056832969925,221.84797010966804,67.79620648277796,149.69846195493713,165.29317188278188,198.05830931070673,17.284797198439094,35.62046538161884,53.4029584325925,96.63292723951957,22.0,20.37953461838116,1.0,0.0,360.0,279.53917050691246,0.9552995391705069,1.2552995391705069,3.7967229902713773,18,4.045080880403076,15.0,1.9302572261999469,16.0,0.17777777777777778,0.0,12.0,0.33777777777777784,12,10.555555555555557,90.0,15.000000000000004,94.21128798842257,1.0467920887602509,75.0,135.0,0.35945638202066843,120,6.121200560447718,35.05758807121913,-5.952015389860691,1.2,1.6,0.0,5.0,0
parallel_rows_automatic_gates,high,S3,B2,330001,poisson,gamma,405,405,405,0,399,399.0,3670.0,0.8329480998597192,0.01616271678924907,72.52991396440571,59.80234610249514,299.2508246491693,48.490180339233575,172.55671489682447,193.05226846519952,246.66917013829192,19.203988038479775,31.974178540694293,51.56335176435925,95.17993229466518,22.77607596902183,20.966562200046457,1.0,0.0,390.0,278.2962962962963,0.942716049382716,1.2796536810047545,3.6923750071899346,13,3.4745301007899756,17.0,2.062380822664124,17.0,0.18888888888888888,0.0,12.0,0.35487559776056765,12,11.08986243001774,90.0,15.400000000000004,95.46883184913568,1.0607647983237298,74.6,135.0,0.4261658672613158,107,-7.205987429654073,23.6013177659609,-9.184435607901534,1.2,1.6,15.0,5.0,0
parallel_rows_automatic_gates,high,S3,B2,330002,poisson,gamma,441,441,441,0,423,423.0,3767.0,0.8720322803479654,0.01132342533616419,49.29771037723252,27.08259651679189,152.0071178081712,40.13687736272857,87.95889193697622,100.90330805346548,132.593072569974,5.2954428035363765,22.66047892708923,28.228030574163018,71.65021127758038,22.776075969021825,21.069679803069498,1.0,0.0,390.0,314.8299319727891,0.9614512471655329,1.3032379047875269,1.9168193853681559,10,2.5942144373673037,11.0,0.5599787685774947,8.0,0.08888888888888889,0.0,9.0,0.25356850786940055,8,7.160126982029879,90.0,7.6,93.60849056603773,1.0400943396226414,82.4,135.0,0.2970222913888467,97,3.6813843793508383,11.712035047115513,5.765959818984157,1.2,1.6,15.0,5.0,0
parallel_rows_automatic_gates,high,S3,B2,330003,poisson,gamma,434,434,434,0,409,409.0,3769.0,0.8768424790299671,0.01220159151193634,75.00138706019025,48.491439417307234,224.84797010966804,67.67211298071084,148.06647993148042,167.9300778399773,203.53881254452693,16.957608258346927,36.488909322135854,53.944213433017346,97.85182124873617,22.776075969021825,21.057173627172904,1.0,0.0,390.0,302.8341013824885,0.9552995391705069,1.295494017603479,3.9975581876734303,18,4.141909814323608,15.0,1.893103448275862,16.0,0.17777777777777778,0.0,12.0,0.3492808464490009,12,10.91502645153128,90.0,15.000000000000004,94.21128798842257,1.0467920887602509,75.0,135.0,0.3585462534738828,125,4.522986923093853,34.14671850600175,-5.424010815818363,1.2,1.6,15.0,5.0,0
parallel_rows_automatic_gates,high,S3,B2,330001,poisson,gamma,405,405,405,0,399,399.0,3671.0,0.8327212621418925,0.016793754538852578,74.65337075452916,59.705895649505635,302.2508246491693,50.78033290936855,175.00221838168068,193.4522684651996,247.91996643235547,19.27806211255385,31.739927405725503,51.40317470346454,97.30338908478863,25.403411844343537,23.250196051064624,1.0,0.0,420.0,299.7037037037037,0.942716049382716,1.3140740740740742,3.8803155006858714,13,3.445533769063181,17.0,2.0699891067538125,17.0,0.18888888888888888,0.0,12.0,0.3666666666666666,12,11.458333333333332,90.0,15.400000000000004,95.46883184913568,1.0607647983237298,74.6,135.0,0.41336311545580684,105,-7.927146331746826,25.018007157834376,-8.316504151353172,1.2,1.6,30.0,5.0,0
parallel_rows_automatic_gates,high,S3,B2,330002,poisson,gamma,441,441,441,0,423,423.0,3770.0,0.8713385394725891,0.010872447626624237,51.45190538857039,27.2616013411448,155.0071178081712,42.13687736272857,89.54465134502152,105.8023449761913,132.5208965945656,5.794309016688304,22.02027873577186,28.08669659599758,73.80440628891826,25.403411844343534,23.36520879257281,1.0,0.0,420.0,339.04761904761904,0.9614512471655329,1.3421768707482995,2.1310468631897206,10,2.5178997613365155,11.0,0.6178732431715726,8.0,0.08888888888888889,0.0,9.0,0.26,8,7.569444444444446,90.0,7.8,93.60849056603773,1.0400943396226414,82.2,135.0,0.28598459899415385,99,2.6057608682418802,9.476740929468455,5.906378505261941,1.2,1.6,30.0,5.0,0
parallel_rows_automatic_gates,high,S3,B2,330003,poisson,gamma,434,434,434,0,409,409.0,3771.0,0.8763775572489332,0.013167196889360197,76.83548844267872,48.19476364569916,210.12310228456158,68.52645215655991,151.25099239603585,173.40468126877732,195.98813497019597,17.533645124706375,35.452887499578196,53.484228476819126,99.68592263122466,25.403411844343534,23.35125996585959,1.0,0.0,420.0,326.1290322580645,0.9552995391705069,1.3329493087557605,4.233550947260625,18,4.022534464475079,15.0,1.9583775185577943,15.0,0.16666666666666666,0.0,12.0,0.36,12,11.25,90.0,14.400000000000002,94.21128798842257,1.0467920887602509,75.6,135.0,0.3484391888420131,135,8.52134095209199,35.421356187161166,-4.874348151438724,1.2,1.6,30.0,5.0,0
parallel_rows_automatic_gates,high,S3,B2,330001,poisson,gamma,405,405,405,0,398,398.0,3677.0,0.8313628261514489,0.016947616458220047,79.82374112489953,60.6804554007399,277.09322535139313,53.50555912736888,180.41361622507054,204.27944346678092,256.36154048084285,20.42127198909706,30.804677077755063,51.61113425203731,102.473759455159,31.112698372208094,28.212606872862217,1.0,0.0,450.0,321.1111111111111,0.942716049382716,1.3436315356853887,4.076501505471726,13,3.3357803153887984,18.0,2.1924959216965743,21.0,0.23333333333333334,0.0,12.0,0.3616176045807953,12,11.300550143149852,90.0,19.600000000000005,95.46883184913568,1.0607647983237298,70.39999999999999,135.0,0.3933465627056396,103,-6.66841775881592,25.060139691240423,-13.009649806187937,1.2,1.6,45.0,5.0,0
parallel_rows_automatic_gates,high,S3,B2,330002,poisson,gamma,441,441,441,0,423,423.0,3775.0,0.8701847543302791,0.013153248587570622,56.6582545949196,27.592215250035647,160.0071178081712,48.98227630041424,95.42646013148305,109.08576834458836,140.53750127411212,7.021066386302816,21.0116112269103,28.30478645675054,79.01075549526746,31.112698372208097,28.353468138169053,1.0,0.0,450.0,363.265306122449,0.9614512471655329,1.3756145188673066,2.388248986207652,10,2.3940677966101696,10.0,0.7603283898305084,9.0,0.1,0.0,10.0,0.2975544331924704,10,9.298576037264699,90.0,8.6,93.60849056603773,1.0400943396226414,81.4,135.0,0.26368561745036634,115,4.542340186633645,12.570123282409632,5.143257997155651,1.2,1.6,45.0,5.0,0
parallel_rows_automatic_gates,high,S3,B2,330003,poisson,gamma,434,434,434,0,408,408.0,3778.0,0.8747542063887208,0.013319220252271323,81.55899074682618,47.87662992486434,225.36724289578842,74.96951884067596,155.59415055915366,177.7426113271773,201.2096891091116,19.462216553277802,33.26269395682372,53.22260636263607,104.40942493537212,31.112698372208097,28.336384384190104,1.0,0.0,450.0,349.42396313364054,0.9552995391705069,1.3651128964331183,4.4551332204141065,18,3.7615771368086794,14.0,2.176237099761842,16.0,0.17777777777777778,0.0,12.0,0.3616176045807953,12,11.300550143149852,90.0,15.400000000000002,94.21128798842257,1.0467920887602509,74.6,135.0,0.326416200525413,130,7.639052084181159,36.3401967668713,-4.338727796950437,1.2,1.6,45.0,5.0,0
visual_floor_guidance,low,S3,B3,330001,poisson,gamma,405,405,405,0,399,399.0,3669.0,0.8331750611948308,0.01589464123524069,71.80645717428224,60.02067897678317,299.2508246491693,46.891707804220005,172.2274779581016,192.85226846519947,245.91996643235547,19.04596334712175,32.3832979412125,51.81444647351943,94.45647550454171,22.0,19.992010700762812,1.0,0.0,360.0,256.8888888888889,0.4670864197530866,0.6170864197530864,1.7927297668038409,13,3.520708446866485,18.0,2.0455040871934607,17.0,0.18888888888888888,0.0,12.0,0.16888888888888884,12,5.277777777777777,90.0,12.142857142857144,125.99999999999999,1.4,82.31,135.0,0.4321957251501991,106,-7.494240663432606,23.863384850771368,-9.398021899211187,1.2,1.6,0.0,1.0,1
visual_floor_guidance,low,S3,B3,330002,poisson,gamma,441,441,441,0,423,423.0,3766.0,0.8722637728566853,0.011591894522608618,48.197937134602135,27.051102784432896,151.0071178081712,39.16914724010394,86.8836116345019,100.5132787654511,130.78650406384895,5.2160777241712974,22.618135910225632,28.10632247793434,70.55043803495,22.0,20.09161465666779,1.0,0.0,360.0,290.61224489795916,0.4745804988662133,0.624580498866213,0.9081632653061227,10,2.5914520838863817,10.0,0.5508362091850278,7.0,0.07777777777777778,0.0,9.0,0.12266666666666666,7,3.0000000000000004,90.0,5.0,125.99999999999999,1.4,86.73,135.0,0.30259578308204027,95,3.8703823860599584,10.713064458880218,6.29349617198433,1.2,1.6,0.0,1.0,1
visual_floor_guidance,low,S3,B3,330003,poisson,gamma,434,434,434,0,408,408.0,3770.0,0.8766099564950878,0.012198355873773535,73.70876033207963,47.89443704670166,221.84797010966804,67.79620648277796,149.69846195493713,165.29317188278188,198.05830931070673,17.284797198439094,35.84673266272483,53.62922571369848,96.55919452062557,22.0,20.07953461838116,1.0,0.0,360.0,279.53917050691246,0.4721198156682028,0.6221198156682027,1.8819764464925757,18,4.066560594006894,15.0,1.9302572261999469,16.0,0.17777777777777778,0.0,12.0,0.16711111111111107,12,5.222222222222221,90.0,11.428571428571429,125.99999999999999,1.4,82.56,135.0,0.3605326204827888,120,6.106532054166408,35.08246729827226,-5.954759815246618,1.2,1.6,0.0,1.0,1
visual_floor_guidance,low,S3,B3,330001,poisson,gamma,405,405,405,0,399,399.0,3669.0,0.8331750611948308,0.015985467756584923,72.20892631008472,59.78323255235332,299.2508246491693,48.37223861551911,172.2274779581016,192.85226846519947,245.91996643235547,19.083000384158787,32.074178540694284,51.542364110038264,94.85894464034419,22.77607596902183,20.666562200046457,1.0,0.0,390.0,278.2962962962963,0.4670864197530866,0.6318614724019019,1.8331631846627383,13,3.482288828337875,17.0,2.049591280653951,17.0,0.18888888888888888,0.0,12.0,0.17395023910422702,12,5.4359449720070945,90.0,12.142857142857144,125.99999999999999,1.4,82.31,135.0,0.4280310950540369,105,-7.190081445849245,23.71721632063776,-9.055671838011676,1.2,1.6,15.0,1.0,1
visual_floor_guidance,low,S3,B3,330002,poisson,gamma,441,441,441,0,423,423.0,3767.0,0.8720322803479654,0.011411889596602972,48.89408225931869,27.125846903028695,152.0071178081712,40.13687736272857,87.8836116345019,100.5132787654511,131.593072569974,5.26596434548649,22.586329267225285,28.12440245624919,71.24658315966656,22.776075969021825,20.7696798030695,1.0,0.0,390.0,314.8299319727891,0.4745804988662133,0.6412951619150108,0.9378621360847265,10,2.5870488322717624,10.0,0.5565286624203821,7.0,0.07777777777777778,0.0,9.0,0.1254274031477602,7,3.071894179195145,90.0,5.0,125.99999999999999,1.4,86.73,135.0,0.29944273922556897,95,3.8519809081077057,11.806593870644924,6.2349344136690945,1.2,1.6,15.0,1.0,1
visual_floor_guidance,low,S3,B3,330003,poisson,gamma,434,434,434,0,409,409.0,3779.0,0.8745227899320043,0.012433862433862434,74.88157139198748,48.550597055879535,224.84797010966804,67.67211298071084,147.94790890921715,167.99401677908006,203.53881254452693,17.146548350512827,36.48015356176719,54.124397764814574,97.73200558053341,22.776075969021825,20.75717362717291,1.0,0.0,390.0,302.8341013824885,0.4721198156682028,0.6381976070413915,1.9504584785446637,18,4.12962962962963,16.0,1.9097883597883598,16.0,0.17777777777777778,0.0,12.0,0.17171233857960036,12,5.366010580612511,90.0,11.428571428571429,125.99999999999999,1.4,82.56,135.0,0.3597887475796757,124,3.4420680839875217,32.80468952049449,-6.416074852410716,1.2,1.6,15.0,1.0,1
visual_floor_guidance,low,S3,B3,330001,poisson,gamma,405,405,405,0,399,399.0,3671.0,0.8327212621418925,0.016430646332607116,74.37435840885014,59.72374455957675,302.2508246491693,50.490180339233575,174.04968146438017,193.4522684651996,246.91996643235547,19.27806211255385,31.760915060046493,51.42416235778552,97.02437673910963,25.403411844343537,22.950196051064623,1.0,0.0,420.0,299.7037037037037,0.4670864197530866,0.6456296296296297,1.909945130315501,13,3.449074074074074,17.0,2.0699891067538125,17.0,0.18888888888888888,0.0,12.0,0.17866666666666664,12,5.583333333333333,90.0,12.142857142857144,125.99999999999999,1.4,82.31,135.0,0.415169283688094,102,-8.004809598126045,24.979419756689026,-8.395696317815847,1.2,1.6,30.0,1.0,1
visual_floor_guidance,low,S3,B3,330002,poisson,gamma,441,441,441,0,423,423.0,3770.0,0.8713385394725891,0.01104923539291081,51.12990992371778,27.252920445511737,155.0071178081712,41.90481049863115,89.54465134502152,105.65969967281171,129.69835379748255,5.771633279726853,22.020959007880705,28.064701131144975,73.48241082406564,25.403411844343534,23.06520879257281,1.0,0.0,420.0,339.04761904761904,0.4745804988662133,0.6568707482993198,1.047178130511464,10,2.517104216388226,11.0,0.615221426677274,8.0,0.08888888888888889,0.0,9.0,0.128,8,3.6944444444444446,90.0,5.714285714285714,125.99999999999999,1.4,86.16,135.0,0.2876559872786546,97,2.604180820597371,9.486593870644924,5.990638074040149,1.2,1.6,30.0,1.0,1
visual_floor_guidance,low,S3,B3,330003,poisson,gamma,434,434,434,0,409,409.0,3771.0,0.8763775572489332,0.013343937787203958,76.71106447954507,48.26250824675572,210.12310228456158,68.52645215655991,151.25099239603585,173.40468126877732,195.98813497019597,17.429958488761674,35.73215017238926,53.6598045136855,99.561498668091,25.403411844343534,23.05125996585959,1.0,0.0,420.0,326.1290322580645,0.4721198156682028,0.6531797235023042,2.075140809011777,18,4.054612937433722,15.0,1.9464475079533403,15.0,0.16666666666666666,0.0,12.0,0.176,12,5.5,90.0,10.714285714285715,125.99999999999999,1.4,82.89,135.0,0.3496450343110351,136,8.515628464497283,35.44696005189546,-4.896349294949303,1.2,1.6,30.0,1.0,1
visual_floor_guidance,low,S3,B3,330001,poisson,gamma,405,405,405,0,398,398.0,3676.0,0.8315889242820312,0.017042879158734474,79.40892631008471,60.52335945696538,276.09322535139313,52.50555912736888,179.41361622507054,203.27944346678092,255.36154048084282,20.248432482924223,30.8627017691131,51.496319437222496,102.0589446403442,31.112698372208094,27.912606872862217,1.0,0.0,450.0,321.1111111111111,0.4670864197530866,0.6574526142741556,1.9991191207072088,13,3.345118302964373,18.0,2.174054936089203,21.0,0.23333333333333334,0.0,12.0,0.17664704183231808,12,5.520220057259941,90.0,15.000000000000002,125.99999999999999,1.4,80.27,135.0,0.39440308086287024,104,-6.693893623785954,24.887928074114697,-12.932171226016578,1.2,1.6,45.0,1.0,1
visual_floor_guidance,low,S3,B3,330002,poisson,gamma,441,441,441,0,423,423.0,3774.0,0.8704152668479824,0.012008830022075055,56.46097568335497,28.17551155087375,170.17540665537308,48.52556512748697,94.80262860011135,109.08576834458836,142.1274751360058,6.957574322810752,21.17782437883776,28.407507545185915,78.81347658370284,31.112698372208097,28.053468138169052,1.0,0.0,450.0,363.265306122449,0.4745804988662133,0.6702458075469228,1.1566205552335804,10,2.4177483443708607,11.0,0.753112582781457,9.0,0.1,0.0,10.0,0.148723296443542,10,4.647603013860688,90.0,6.428571428571429,125.99999999999999,1.4,85.75,135.0,0.2685110716078938,110,5.159433871304749,12.191152694174335,5.263724318399177,1.2,1.6,45.0,1.0,1
visual_floor_guidance,low,S3,B3,330003,poisson,gamma,434,434,434,0,408,408.0,3778.0,0.8747542063887208,0.01296639322572109,80.97373729060499,47.96634112905204,225.36724289578842,74.92721234135797,155.01745435302703,177.39261132717732,200.2096891091116,19.386179686918354,33.053477366961964,52.93735290641488,103.82417147915092,31.112698372208097,28.036384384190107,1.0,0.0,450.0,349.42396313364054,0.4721198156682028,0.6660451585732474,2.175278925602463,18,3.7385551733262767,14.0,2.1675046308547237,16.0,0.17777777777777778,0.0,12.0,0.17664704183231808,12,5.520220057259941,90.0,11.428571428571429,125.99999999999999,1.4,82.39999999999999,135.0,0.3293160384848053,131,8.200860715846744,37.5302933852288,-4.328253240060803,1.2,1.6,45.0,1.0,1
visual_floor_guidance,base,S3,B3,330001,poisson,gamma,405,405,405,0,399,399.0,3669.0,0.8331750611948308,0.01589464123524069,71.80645717428224,60.02067897678317,299.2508246491693,46.891707804220005,172.2274779581016,192.85226846519947,245.91996643235547,19.04596334712175,32.3832979412125,51.81444647351943,94.45647550454171,22.0,19.992010700762812,1.0,0.0,360.0,256.8888888888889,0.6356296296296295,0.8356296296296298,2.4259773662551445,13,3.520708446866485,18.0,2.0455040871934607,17.0,0.18888888888888888,0.0,12.0,0.22933333333333333,12,7.166666666666667,90.0,12.142857142857144,125.99999999999999,1.4,79.57,135.0,0.4321957251501991,106,-7.494240663432606,23.863384850771368,-9.398021899211187,1.2,1.6,0.0,1.0,1
visual_floor_guidance,base,S3,B3,330002,poisson,gamma,441,441,441,0,423,423.0,3766.0,0.8722637728566853,0.011591894522608618,48.197937134602135,27.051102784432896,151.0071178081712,39.16914724010394,86.8836116345019,100.5132787654511,130.78650406384895,5.2160777241712974,22.618135910225632,28.10632247793434,70.55043803495,22.0,20.09161465666779,1.0,0.0,360.0,290.61224489795916,0.6468707482993197,0.8468707482993197,1.2311507936507937,10,2.5914520838863817,10.0,0.5508362091850278,7.0,0.07777777777777778,0.0,9.0,0.166,7,4.062500000000001,90.0,5.0,125.99999999999999,1.4,85.55,135.0,0.30259578308204027,95,3.8703823860599584,10.713064458880218,6.29349617198433,1.2,1.6,0.0,1.0,1
visual_floor_guidance,base,S3,B3,330003,poisson,gamma,434,434,434,0,408,408.0,3770.0,0.8766099564950878,0.012198355873773535,73.70876033207963,47.89443704670166,221.84797010966804,67.79620648277796,149.69846195493713,165.29317188278188,198.05830931070673,17.284797198439094,35.84673266272483,53.62922571369848,96.55919452062557,22.0,20.07953461838116,1.0,0.0,360.0,279.53917050691246,0.6431797235023041,0.8431797235023043,2.5504992319508455,18,4.066560594006894,15.0,1.9302572261999469,16.0,0.17777777777777778,0.0,12.0,0.22666666666666668,12,7.083333333333334,90.0,11.428571428571429,125.99999999999999,1.4,79.88,135.0,0.3605326204827888,120,6.106532054166408,35.08246729827226,-5.954759815246618,1.2,1.6,0.0,1.0,1
visual_floor_guidance,base,S3,B3,330001,poisson,gamma,405,405,405,0,399,399.0,3669.0,0.8331750611948308,0.015985467756584923,72.20892631008472,59.78323255235332,299.2508246491693,48.37223861551911,172.2274779581016,192.85226846519947,245.91996643235547,19.083000384158787,32.074178540694284,51.542364110038264,94.85894464034419,22.77607596902183,20.666562200046457,1.0,0.0,390.0,278.2962962962963,0.6356296296296295,0.8577922086028529,2.4866274930434904,13,3.482288828337875,17.0,2.049591280653951,17.0,0.18888888888888888,0.0,12.0,0.23692535865634062,12,7.403917458010645,90.0,12.142857142857144,125.99999999999999,1.4,79.57,135.0,0.4280310950540369,105,-7.190081445849245,23.71721632063776,-9.055671838011676,1.2,1.6,15.0,1.0,1
visual_floor_guidance,base,S3,B3,330002,poisson,gamma,441,441,441,0,423,423.0,3767.0,0.8720322803479654,0.011411889596602972,48.89408225931869,27.125846903028695,152.0071178081712,40.13687736272857,87.8836116345019,100.5132787654511,131.593072569974,5.26596434548649,22.586329267225285,28.12440245624919,71.24658315966656,22.776075969021825,20.7696798030695,1.0,0.0,390.0,314.8299319727891,0.6468707482993197,0.8719427428725164,1.2748487596826452,10,2.5870488322717624,10.0,0.5565286624203821,7.0,0.07777777777777778,0.0,9.0,0.17014110472164035,7,4.1703412687927175,90.0,5.0,125.99999999999999,1.4,85.55,135.0,0.29944273922556897,95,3.8519809081077057,11.806593870644924,6.2349344136690945,1.2,1.6,15.0,1.0,1
visual_floor_guidance,base,S3,B3,330003,poisson,gamma,434,434,434,0,409,409.0,3779.0,0.8745227899320043,0.012433862433862434,74.88157139198748,48.550597055879535,224.84797010966804,67.67211298071084,147.94790890921715,167.99401677908006,203.53881254452693,17.146548350512827,36.48015356176719,54.124397764814574,97.73200558053341,22.776075969021825,20.75717362717291,1.0,0.0,390.0,302.8341013824885,0.6431797235023041,0.8672964105620875,2.6503420956971793,18,4.12962962962963,16.0,1.9097883597883598,16.0,0.17777777777777778,0.0,12.0,0.2335685078694006,12,7.299015870918768,90.0,11.428571428571429,125.99999999999999,1.4,79.88,135.0,0.3597887475796757,124,3.4420680839875217,32.80468952049449,-6.416074852410716,1.2,1.6,15.0,1.0,1
visual_floor_guidance,base,S3,B3,330001,poisson,gamma,405,405,405,0,399,399.0,3671.0,0.8327212621418925,0.016430646332607116,74.37435840885014,59.72374455957675,302.2508246491693,50.490180339233575,174.04968146438017,193.4522684651996,246.91996643235547,19.27806211255385,31.760915060046493,51.42416235778552,97.02437673910963,25.403411844343537,22.950196051064623,1.0,0.0,420.0,299.7037037037037,0.6356296296296295,0.8784444444444444,2.596553497942387,13,3.449074074074074,17.0,2.0699891067538125,17.0,0.18888888888888888,0.0,12.0,0.24399999999999997,12,7.624999999999999,90.0,12.142857142857144,125.99999999999999,1.4,79.57,135.0,0.415169283688094,102,-8.004809598126045,24.979419756689026,-8.395696317815847,1.2,1.6,30.0,1.0,1
visual_floor_guidance,base,S3,B3,330002,poisson,gamma,441,441,441,0,423,423.0,3770.0,0.8713385394725891,0.01104923539291081,51.12990992371778,27.252920445511737,155.0071178081712,41.90481049863115,89.54465134502152,105.65969967281171,129.69835379748255,5.771633279726853,22.020959007880705,28.064701131144975,73.48241082406564,25.403411844343534,23.06520879257281,1.0,0.0,420.0,339.04761904761904,0.6468707482993197,0.8953061224489794,1.4269179894179893,10,2.517104216388226,11.0,0.615221426677274,8.0,0.08888888888888889,0.0,9.0,0.174,8,5.041666666666667,90.0,5.714285714285714,125.99999999999999,1.4,84.76,135.0,0.2876559872786546,97,2.604180820597371,9.486593870644924,5.990638074040149,1.2,1.6,30.0,1.0,1
visual_floor_guidance,base,S3,B3,330003,poisson,gamma,434,434,434,0,409,409.0,3771.0,0.8763775572489332,0.013343937787203958,76.71106447954507,48.26250824675572,210.12310228456158,68.52645215655991,151.25099239603585,173.40468126877732,195.98813497019597,17.429958488761674,35.73215017238926,53.6598045136855,99.561498668091,25.403411844343534,23.05125996585959,1.0,0.0,420.0,326.1290322580645,0.6431797235023041,0.8897695852534561,2.8264208909370203,18,4.054612937433722,15.0,1.9464475079533403,15.0,0.16666666666666666,0.0,12.0,0.23999999999999996,12,7.499999999999999,90.0,10.714285714285715,125.99999999999999,1.4,80.31,135.0,0.3496450343110351,136,8.515628464497283,35.44696005189546,-4.896349294949303,1.2,1.6,30.0,1.0,1
visual_floor_guidance,base,S3,B3,330001,poisson,gamma,405,405,405,0,398,398.0,3676.0,0.8315889242820312,0.017042879158734474,79.40892631008471,60.52335945696538,276.09322535139313,52.50555912736888,179.41361622507054,203.27944346678092,255.36154048084282,20.248432482924223,30.8627017691131,51.496319437222496,102.0589446403442,31.112698372208094,27.912606872862217,1.0,0.0,450.0,321.1111111111111,0.6356296296296295,0.8961789214112335,2.722289792171925,13,3.345118302964373,18.0,2.174054936089203,21.0,0.23333333333333334,0.0,12.0,0.2409705627484772,12,7.530330085889912,90.0,15.000000000000002,125.99999999999999,1.4,76.77,135.0,0.39440308086287024,104,-6.693893623785954,24.887928074114697,-12.932171226016578,1.2,1.6,45.0,1.0,1
visual_floor_guidance,base,S3,B3,330002,poisson,gamma,441,441,441,0,423,423.0,3774.0,0.8704152668479824,0.012008830022075055,56.46097568335497,28.17551155087375,170.17540665537308,48.52556512748697,94.80262860011135,109.08576834458836,142.1274751360058,6.957574322810752,21.17782437883776,28.407507545185915,78.81347658370284,31.112698372208097,28.053468138169052,1.0,0.0,450.0,363.265306122449,0.6468707482993197,0.9153687113203841,1.579460311308421,10,2.4177483443708607,11.0,0.753112582781457,9.0,0.1,0.0,10.0,0.20308494466531307,10,6.346404520791033,90.0,6.428571428571429,125.99999999999999,1.4,84.21000000000001,135.0,0.2685110716078938,110,5.159433871304749,12.191152694174335,5.263724318399177,1.2,1.6,45.0,1.0,1
visual_floor_guidance,base,S3,B3,330003,poisson,gamma,434,434,434,0,408,408.0,3778.0,0.8747542063887208,0.01296639322572109,80.97373729060499,47.96634112905204,225.36724289578842,74.92721234135797,155.01745435302703,177.39261132717732,200.2096891091116,19.386179686918354,33.053477366961964,52.93735290641488,103.82417147915092,31.112698372208097,28.036384384190107,1.0,0.0,450.0,349.42396313364054,0.6431797235023041,0.9090677378598712,2.9685635496940175,18,3.7385551733262767,14.0,2.1675046308547237,16.0,0.17777777777777778,0.0,12.0,0.2409705627484772,12,7.530330085889912,90.0,11.428571428571429,125.99999999999999,1.4,79.64,135.0,0.3293160384848053,131,8.200860715846744,37.5302933852288,-4.328253240060803,1.2,1.6,45.0,1.0,1
visual_floor_guidance,high,S3,B3,330001,poisson,gamma,405,405,405,0,399,399.0,3669.0,0.8331750611948308,0.01589464123524069,71.80645717428224,60.02067897678317,299.2508246491693,46.891707804220005,172.2274779581016,192.85226846519947,245.91996643235547,19.04596334712175,32.3832979412125,51.81444647351943,94.45647550454171,22.0,19.992010700762812,1.0,0.0,360.0,256.8888888888889,0.942716049382716,1.2427160493827163,3.6047668038408776,13,3.520708446866485,18.0,2.0455040871934607,17.0,0.18888888888888888,0.0,12.0,0.3422222222222222,12,10.694444444444445,90.0,15.400000000000004,95.46883184913568,1.0607647983237298,74.6,135.0,0.4321957251501991,106,-7.494240663432606,23.863384850771368,-9.398021899211187,1.2,1.6,0.0,1.0,1
visual_floor_guidance,high,S3,B3,330002,poisson,gamma,441,441,441,0,423,423.0,3766.0,0.8722637728566853,0.011591894522608618,48.197937134602135,27.051102784432896,151.0071178081712,39.16914724010394,86.8836116345019,100.5132787654511,130.78650406384895,5.2160777241712974,22.618135910225632,28.10632247793434,70.55043803495,22.0,20.09161465666779,1.0,0.0,360.0,290.61224489795916,0.9614512471655329,1.261451247165533,1.833427815570673,10,2.5914520838863817,10.0,0.5508362091850278,7.0,0.07777777777777778,0.0,9.0,0.2466666666666667,7,6.041666666666668,90.0,6.6,93.60849056603773,1.0400943396226414,83.4,135.0,0.30259578308204027,95,3.8703823860599584,10.713064458880218,6.29349617198433,1.2,1.6,0.0,1.0,1
visual_floor_guidance,high,S3,B3,330003,poisson,gamma,434,434,434,0,408,408.0,3770.0,0.8766099564950878,0.012198355873773535,73.70876033207963,47.89443704670166,221.84797010966804,67.79620648277796,149.69846195493713,165.29317188278188,198.05830931070673,17.284797198439094,35.84673266272483,53.62922571369848,96.55919452062557,22.0,20.07953461838116,1.0,0.0,360.0,279.53917050691246,0.9552995391705069,1.2552995391705069,3.7967229902713773,18,4.066560594006894,15.0,1.9302572261999469,16.0,0.17777777777777778,0.0,12.0,0.33777777777777784,12,10.555555555555557,90.0,15.000000000000004,94.21128798842257,1.0467920887602509,75.0,135.0,0.3605326204827888,120,6.106532054166408,35.08246729827226,-5.954759815246618,1.2,1.6,0.0,1.0,1
visual_floor_guidance,high,S3,B3,330001,poisson,gamma,405,405,405,0,399,399.0,3669.0,0.8331750611948308,0.015985467756584923,72.20892631008472,59.78323255235332,299.2508246491693,48.37223861551911,172.2274779581016,192.85226846519947,245.91996643235547,19.083000384158787,32.074178540694284,51.542364110038264,94.85894464034419,22.77607596902183,20.666562200046457,1.0,0.0,390.0,278.2962962962963,0.942716049382716,1.2796536810047545,3.705850348488121,13,3.482288828337875,17.0,2.049591280653951,17.0,0.18888888888888888,0.0,12.0,0.35487559776056765,12,11.08986243001774,90.0,15.400000000000004,95.46883184913568,1.0607647983237298,74.6,135.0,0.4280310950540369,105,-7.190081445849245,23.71721632063776,-9.055671838011676,1.2,1.6,15.0,1.0,1
visual_floor_guidance,high,S3,B3,330002,poisson,gamma,441,441,441,0,423,423.0,3767.0,0.8720322803479654,0.011411889596602972,48.89408225931869,27.125846903028695,152.0071178081712,40.13687736272857,87.8836116345019,100.5132787654511,131.593072569974,5.26596434548649,22.586329267225285,28.12440245624919,71.24658315966656,22.776075969021825,20.7696798030695,1.0,0.0,390.0,314.8299319727891,0.9614512471655329,1.3032379047875269,1.904840525397001,10,2.5870488322717624,10.0,0.5565286624203821,7.0,0.07777777777777778,0.0,9.0,0.25356850786940055,7,6.221402114654529,90.0,6.6,93.60849056603773,1.0400943396226414,83.4,135.0,0.29944273922556897,95,3.8519809081077057,11.806593870644924,6.2349344136690945,1.2,1.6,15.0,1.0,1
visual_floor_guidance,high,S3,B3,330003,poisson,gamma,434,434,434,0,409,409.0,3779.0,0.8745227899320043,0.012433862433862434,74.88157139198748,48.550597055879535,224.84797010966804,67.67211298071084,147.94790890921715,167.99401677908006,203.53881254452693,17.146548350512827,36.48015356176719,54.124397764814574,97.73200558053341,22.776075969021825,20.75717362717291,1.0,0.0,390.0,302.8341013824885,0.9552995391705069,1.295494017603479,3.9583274559622734,18,4.12962962962963,16.0,1.9097883597883598,16.0,0.17777777777777778,0.0,12.0,0.3492808464490009,12,10.91502645153128,90.0,15.000000000000004,94.21128798842257,1.0467920887602509,75.0,135.0,0.3597887475796757,124,3.4420680839875217,32.80468952049449,-6.416074852410716,1.2,1.6,15.0,1.0,1
visual_floor_guidance,high,S3,B3,330001,poisson,gamma,405,405,405,0,399,399.0,3671.0,0.8327212621418925,0.016430646332607116,74.37435840885014,59.72374455957675,302.2508246491693,50.490180339233575,174.04968146438017,193.4522684651996,246.91996643235547,19.27806211255385,31.760915060046493,51.42416235778552,97.02437673910963,25.403411844343537,22.950196051064623,1.0,0.0,420.0,299.7037037037037,0.942716049382716,1.3140740740740742,3.8803155006858714,13,3.449074074074074,17.0,2.0699891067538125,17.0,0.18888888888888888,0.0,12.0,0.3666666666666666,12,11.458333333333332,90.0,15.400000000000004,95.46883184913568,1.0607647983237298,74.6,135.0,0.415169283688094,102,-8.004809598126045,24.979419756689026,-8.395696317815847,1.2,1.6,30.0,1.0,1
visual_floor_guidance,high,S3,B3,330002,poisson,gamma,441,441,441,0,423,423.0,3770.0,0.8713385394725891,0.01104923539291081,51.12990992371778,27.252920445511737,155.0071178081712,41.90481049863115,89.54465134502152,105.65969967281171,129.69835379748255,5.771633279726853,22.020959007880705,28.064701131144975,73.48241082406564,25.403411844343534,23.06520879257281,1.0,0.0,420.0,339.04761904761904,0.9614512471655329,1.3421768707482995,2.1384479717813054,10,2.517104216388226,11.0,0.615221426677274,8.0,0.08888888888888889,0.0,9.0,0.26,8,7.569444444444446,90.0,7.8,93.60849056603773,1.0400943396226414,82.2,135.0,0.2876559872786546,97,2.604180820597371,9.486593870644924,5.990638074040149,1.2,1.6,30.0,1.0,1
visual_floor_guidance,high,S3,B3,330003,poisson,gamma,434,434,434,0,409,409.0,3771.0,0.8763775572489332,0.013343937787203958,76.71106447954507,48.26250824675572,210.12310228456158,68.52645215655991,151.25099239603585,173.40468126877732,195.98813497019597,17.429958488761674,35.73215017238926,53.6598045136855,99.561498668091,25.403411844343534,23.05125996585959,1.0,0.0,420.0,326.1290322580645,0.9552995391705069,1.3329493087557605,4.233550947260625,18,4.054612937433722,15.0,1.9464475079533403,15.0,0.16666666666666666,0.0,12.0,0.36,12,11.25,90.0,14.400000000000002,94.21128798842257,1.0467920887602509,75.6,135.0,0.3496450343110351,136,8.515628464497283,35.44696005189546,-4.896349294949303,1.2,1.6,30.0,1.0,1
visual_floor_guidance,high,S3,B3,330001,poisson,gamma,405,405,405,0,398,398.0,3676.0,0.8315889242820312,0.017042879158734474,79.40892631008471,60.52335945696538,276.09322535139313,52.50555912736888,179.41361622507054,203.27944346678092,255.36154048084282,20.248432482924223,30.8627017691131,51.496319437222496,102.0589446403442,31.112698372208094,27.912606872862217,1.0,0.0,450.0,321.1111111111111,0.942716049382716,1.3436315356853887,4.076501505471726,13,3.345118302964373,18.0,2.174054936089203,21.0,0.23333333333333334,0.0,12.0,0.3616176045807953,12,11.300550143149852,90.0,19.600000000000005,95.46883184913568,1.0607647983237298,70.39999999999999,135.0,0.39440308086287024,104,-6.693893623785954,24.887928074114697,-12.932171226016578,1.2,1.6,45.0,1.0,1
visual_floor_guidance,high,S3,B3,330002,poisson,gamma,441,441,441,0,423,423.0,3774.0,0.8704152668479824,0.012008830022075055,56.46097568335497,28.17551155087375,170.17540665537308,48.52556512748697,94.80262860011135,109.08576834458836,142.1274751360058,6.957574322810752,21.17782437883776,28.407507545185915,78.81347658370284,31.112698372208097,28.053468138169052,1.0,0.0,450.0,363.265306122449,0.9614512471655329,1.3756145188673066,2.3733163162774513,10,2.4177483443708607,11.0,0.753112582781457,9.0,0.1,0.0,10.0,0.30514157444218837,10,9.535674201318388,90.0,8.6,93.60849056603773,1.0400943396226414,81.4,135.0,0.2685110716078938,110,5.159433871304749,12.191152694174335,5.263724318399177,1.2,1.6,45.0,1.0,1
visual_floor_guidance,high,S3,B3,330003,poisson,gamma,434,434,434,0,408,408.0,3778.0,0.8747542063887208,0.01296639322572109,80.97373729060499,47.96634112905204,225.36724289578842,74.92721234135797,155.01745435302703,177.39261132717732,200.2096891091116,19.386179686918354,33.053477366961964,52.93735290641488,103.82417147915092,31.112698372208097,28.036384384190107,1.0,0.0,450.0,349.42396313364054,0.9552995391705069,1.3651128964331183,4.457014518307233,18,3.7385551733262767,14.0,2.1675046308547237,16.0,0.17777777777777778,0.0,12.0,0.3616176045807953,12,11.300550143149852,90.0,15.400000000000002,94.21128798842257,1.0467920887602509,74.6,135.0,0.3293160384848053,131,8.200860715846744,37.5302933852288,-4.328253240060803,1.2,1.6,45.0,1.0,1
hybrid_gates_visual_guidance,low,S3,B4,330001,poisson,gamma,405,405,405,0,399,399.0,3669.0,0.8331750611948308,0.01589464123524069,72.01139544588719,59.89985209641338,299.2508246491693,47.21004657540834,172.2274779581016,192.85226846519947,245.91996643235547,19.058309026134097,32.17589053380509,51.61938474512437,94.66141377614666,22.0,20.392010700762807,1.0,0.0,360.0,256.8888888888889,0.4670864197530866,0.6170864197530864,1.7927297668038409,13,3.4942779291553134,18.0,2.046866485013624,17.0,0.18888888888888888,0.0,12.0,0.16888888888888884,12,5.277777777777777,90.0,12.142857142857144,125.99999999999999,1.4,82.31,135.0,0.4299607105226262,105,-7.458774263180217,23.869247954125626,-9.318095338623678,1.2,1.6,0.0,3.0,1
hybrid_gates_visual_guidance,low,S3,B4,330002,poisson,gamma,441,441,441,0,423,423.0,3767.0,0.8720322803479654,0.011500353857041755,48.61063554730055,27.161949762403864,152.0071178081712,39.665508657355986,87.54465134502152,100.5132787654511,131.593072569974,5.254626477005765,22.59228557008957,28.11902089063276,70.96313644764841,22.0,20.491614656667796,1.0,0.0,360.0,290.61224489795916,0.4745804988662133,0.624580498866213,0.9100529100529101,10,2.5835987261146496,10.0,0.5552016985138004,7.0,0.07777777777777778,0.0,9.0,0.12266666666666666,7,3.0000000000000004,90.0,5.0,125.99999999999999,1.4,86.73,135.0,0.3012386097291211,91,3.7771352666083544,11.646740929468457,6.296713621424409,1.2,1.6,0.0,3.0,1
hybrid_gates_visual_guidance,low,S3,B4,330003,poisson,gamma,434,434,434,0,409,409.0,3779.0,0.8745227899320043,0.012257495590828924,74.37926724452204,48.16277158115569,222.84797010966804,68.23629079940889,149.65333436914648,166.5956608092759,198.38830931070672,17.400004571710983,36.00203220189534,53.89973262614088,97.22970143306797,22.0,20.479534618381155,1.0,0.0,360.0,279.53917050691246,0.4721198156682028,0.6221198156682027,1.916282642089094,18,4.078571428571428,14.0,1.9388888888888889,16.0,0.17777777777777778,0.0,12.0,0.16533333333333333,12,5.166666666666666,90.0,11.428571428571429,125.99999999999999,1.4,82.56,135.0,0.35991441987780526,119,4.7150330102819,35.585124303103186,-6.645691776367258,1.2,1.6,0.0,3.0,1
hybrid_gates_visual_guidance,low,S3,B4,330001,poisson,gamma,405,405,405,0,399,399.0,3670.0,0.8329480998597192,0.01625351856896395,72.5694201372452,59.77438298309911,299.2508246491693,48.490180339233575,172.55671489682447,193.05226846519952,246.66917013829192,19.203988038479775,31.913684713533797,51.502857937198755,95.21943846750469,22.77607596902183,21.06656220004646,1.0,0.0,390.0,278.2962962962963,0.4670864197530866,0.6318614724019019,1.826538480242229,13,3.4688095886679378,17.0,2.062380822664124,17.0,0.18888888888888888,0.0,12.0,0.17395023910422702,12,5.4359449720070945,90.0,12.142857142857144,125.99999999999999,1.4,82.31,135.0,0.4256913781673648,107,-7.207617464358037,23.670311493803823,-9.159711005698341,1.2,1.6,15.0,3.0,1
hybrid_gates_visual_guidance,low,S3,B4,330002,poisson,gamma,441,441,441,0,423,423.0,3767.0,0.8720322803479654,0.01132342533616419,49.36120244072458,27.07561474391085,152.0071178081712,40.16914724010394,87.95889193697622,100.90330805346548,132.593072569974,5.2954428035363765,22.62397099058129,28.19152263765509,71.71370334107245,22.776075969021825,21.1696798030695,1.0,0.0,390.0,314.8299319727891,0.4745804988662133,0.6412951619150108,0.9437874669212608,10,2.590498938428875,11.0,0.5599787685774947,8.0,0.08888888888888889,0.0,9.0,0.1254274031477602,8,3.530717459478618,90.0,5.714285714285714,125.99999999999999,1.4,86.24,135.0,0.2966137984918755,95,3.6761094510606895,11.775858576527277,5.76361985575501,1.2,1.6,15.0,3.0,1
hybrid_gates_visual_guidance,low,S3,B4,330003,poisson,gamma,434,434,434,0,409,409.0,3769.0,0.8768424790299671,0.01229000884173298,75.03364512470638,48.457150089669824,224.84797010966804,67.67211298071084,148.06647993148042,167.9300778399773,203.53881254452693,16.957608258346927,36.42116738665199,53.87647149753347,97.8840793132523,22.776075969021825,21.157173627172906,1.0,0.0,390.0,302.8341013824885,0.4721198156682028,0.6381976070413915,1.9699910170048562,18,4.13315649867374,15.0,1.893103448275862,16.0,0.17777777777777778,0.0,12.0,0.17171233857960036,12,5.366010580612511,90.0,11.428571428571429,125.99999999999999,1.4,82.56,135.0,0.358076196531699,125,4.539252989465211,34.16531753981816,-5.445142891290075,1.2,1.6,15.0,3.0,1
hybrid_gates_visual_guidance,low,S3,B4,330001,poisson,gamma,405,405,405,0,399,399.0,3671.0,0.8327212621418925,0.01670297748729121,74.66818556934398,59.69388285586591,302.2508246491693,50.78033290936855,175.00221838168068,193.4522684651996,247.91996643235547,19.27806211255385,31.65474222054032,51.31798951827935,97.31820389960345,25.403411844343537,23.35019605106462,1.0,0.0,420.0,299.7037037037037,0.4670864197530866,0.6456296296296297,1.909945130315501,13,3.4360021786492374,17.0,2.0699891067538125,17.0,0.18888888888888888,0.0,12.0,0.17866666666666664,12,5.583333333333333,90.0,12.142857142857144,125.99999999999999,1.4,82.31,135.0,0.413157295530149,105,-7.925095642925712,25.00246311638361,-8.324582486726484,1.2,1.6,30.0,3.0,1
hybrid_gates_visual_guidance,low,S3,B4,330002,poisson,gamma,441,441,441,0,423,423.0,3770.0,0.8713385394725891,0.010872447626624237,51.6582545949196,27.198345401328986,155.0071178081712,42.16914724010394,89.99606091229816,104.50618478895069,133.43260428648097,5.735352100588531,22.18558485822083,28.193045802346788,74.01075549526746,25.403411844343534,23.465208792572806,1.0,0.0,420.0,339.04761904761904,0.4745804988662133,0.6568707482993198,1.0405013857394811,10,2.5367276584460354,11.0,0.6109785202863962,8.0,0.08888888888888889,0.0,9.0,0.128,8,3.6944444444444446,90.0,5.714285714285714,125.99999999999999,1.4,86.16,135.0,0.28459619805789327,95,2.258976872909102,9.262623282409635,5.944841650841084,1.2,1.6,30.0,3.0,1
hybrid_gates_visual_guidance,low,S3,B4,330003,poisson,gamma,434,434,434,0,409,409.0,3771.0,0.8763775572489332,0.013255567338282079,76.86544235972941,48.168688111346434,210.12310228456158,68.52645215655991,151.25099239603585,173.40468126877732,195.98813497019597,17.533645124706375,35.38284141662889,53.414182393869815,99.71587654827535,25.403411844343534,23.451259965859585,1.0,0.0,420.0,326.1290322580645,0.4721198156682028,0.6531797235023042,2.075140809011777,18,4.014050901378579,15.0,1.9583775185577943,15.0,0.16666666666666666,0.0,12.0,0.176,12,5.5,90.0,10.714285714285715,125.99999999999999,1.4,82.89,135.0,0.3480922546364369,135,8.523688881315238,35.442370679914774,-4.881918191461594,1.2,1.6,30.0,3.0,1
hybrid_gates_visual_guidance,low,S3,B4,330001,poisson,gamma,405,405,405,0,398,398.0,3677.0,0.8313628261514489,0.017219503353271704,80.03608680391187,60.77294603220026,277.09322535139313,54.88642772300784,180.41361622507054,204.27944346678092,256.36154048084285,20.379296680455084,30.958998065409393,51.72347993104965,102.68610513417136,31.112698372208094,28.31260687286222,1.0,0.0,450.0,321.1111111111111,0.4670864197530866,0.6574526142741556,1.9962619976448293,13,3.3545405111473627,18.0,2.187873844480696,21.0,0.23333333333333334,0.0,12.0,0.17664704183231808,12,5.520220057259941,90.0,15.000000000000002,125.99999999999999,1.4,80.27,135.0,0.393097113277145,108,-6.695812858195453,24.947786268824274,-13.112220185624892,1.2,1.6,45.0,3.0,1
hybrid_gates_visual_guidance,low,S3,B4,330002,poisson,gamma,441,441,441,0,423,423.0,3775.0,0.8701847543302791,0.012976694915254237,56.76709813233456,27.61875960337489,160.0071178081712,48.98227630041424,95.42646013148305,110.02781222391104,140.53750127411212,7.0822908760987335,20.95923027452936,28.313629994165506,79.11959903268243,31.112698372208097,28.453468138169047,1.0,0.0,450.0,363.265306122449,0.4745804988662133,0.6702458075469228,1.1641053390030909,10,2.387447033898305,10.0,0.767478813559322,9.0,0.1,0.0,10.0,0.14568843994365482,10,4.552763748239213,90.0,6.428571428571429,125.99999999999999,1.4,85.75,135.0,0.263450179390885,114,4.4950116825741375,12.586887988291984,5.189263345643035,1.2,1.6,45.0,3.0,1
hybrid_gates_visual_guidance,low,S3,B4,330003,poisson,gamma,434,434,434,0,408,408.0,3779.0,0.8745227899320043,0.013227513227513227,81.621202728393,47.873897364826995,225.36724289578842,74.96951884067596,155.59415055915366,177.7426113271773,201.2096891091116,19.462216553277802,33.224905938390535,53.1848183442029,104.47163691693893,31.112698372208097,28.43638438419011,1.0,0.0,450.0,349.42396313364054,0.4721198156682028,0.6660451585732474,2.1741423818676395,18,3.7555555555555555,14.0,2.1756613756613756,16.0,0.17777777777777778,0.0,12.0,0.17664704183231808,12,5.520220057259941,90.0,11.428571428571429,125.99999999999999,1.4,82.39999999999999,135.0,0.3261222586804482,131,7.668171247640615,36.32739483450416,-4.317801553382694,1.2,1.6,45.0,3.0,1
hybrid_gates_visual_guidance,base,S3,B4,330001,poisson,gamma,405,405,405,0,399,399.0,3669.0,0.8331750611948308,0.01589464123524069,72.01139544588719,59.89985209641338,299.2508246491693,47.21004657540834,172.2274779581016,192.85226846519947,245.91996643235547,19.058309026134097,32.17589053380509,51.61938474512437,94.66141377614666,22.0,20.392010700762807,1.0,0.0,360.0,256.8888888888889,0.6356296296296295,0.8356296296296298,2.4259773662551445,13,3.4942779291553134,18.0,2.046866485013624,17.0,0.18888888888888888,0.0,12.0,0.22933333333333333,12,7.166666666666667,90.0,12.142857142857144,125.99999999999999,1.4,79.57,135.0,0.4299607105226262,105,-7.458774263180217,23.869247954125626,-9.318095338623678,1.2,1.6,0.0,3.0,1
hybrid_gates_visual_guidance,base,S3,B4,330002,poisson,gamma,441,441,441,0,423,423.0,3767.0,0.8720322803479654,0.011500353857041755,48.61063554730055,27.161949762403864,152.0071178081712,39.665508657355986,87.54465134502152,100.5132787654511,131.593072569974,5.254626477005765,22.59228557008957,28.11902089063276,70.96313644764841,22.0,20.491614656667796,1.0,0.0,360.0,290.61224489795916,0.6468707482993197,0.8468707482993197,1.233701814058957,10,2.5835987261146496,10.0,0.5552016985138004,7.0,0.07777777777777778,0.0,9.0,0.166,7,4.062500000000001,90.0,5.0,125.99999999999999,1.4,85.55,135.0,0.3012386097291211,91,3.7771352666083544,11.646740929468457,6.296713621424409,1.2,1.6,0.0,3.0,1
hybrid_gates_visual_guidance,base,S3,B4,330003,poisson,gamma,434,434,434,0,409,409.0,3779.0,0.8745227899320043,0.012257495590828924,74.37926724452204,48.16277158115569,222.84797010966804,68.23629079940889,149.65333436914648,166.5956608092759,198.38830931070672,17.400004571710983,36.00203220189534,53.89973262614088,97.22970143306797,22.0,20.479534618381155,1.0,0.0,360.0,279.53917050691246,0.6431797235023041,0.8431797235023043,2.597062211981568,18,4.078571428571428,14.0,1.9388888888888889,16.0,0.17777777777777778,0.0,12.0,0.22400000000000003,12,7.000000000000002,90.0,11.428571428571429,125.99999999999999,1.4,79.88,135.0,0.35991441987780526,119,4.7150330102819,35.585124303103186,-6.645691776367258,1.2,1.6,0.0,3.0,1
hybrid_gates_visual_guidance,base,S3,B4,330001,poisson,gamma,405,405,405,0,399,399.0,3670.0,0.8329480998597192,0.01625351856896395,72.5694201372452,59.77438298309911,299.2508246491693,48.490180339233575,172.55671489682447,193.05226846519952,246.66917013829192,19.203988038479775,31.913684713533797,51.502857937198755,95.21943846750469,22.77607596902183,21.06656220004646,1.0,0.0,390.0,278.2962962962963,0.6356296296296295,0.8577922086028529,2.4776163623386522,13,3.4688095886679378,17.0,2.062380822664124,17.0,0.18888888888888888,0.0,12.0,0.23692535865634062,12,7.403917458010645,90.0,12.142857142857144,125.99999999999999,1.4,79.57,135.0,0.4256913781673648,107,-7.207617464358037,23.670311493803823,-9.159711005698341,1.2,1.6,15.0,3.0,1
hybrid_gates_visual_guidance,base,S3,B4,330002,poisson,gamma,441,441,441,0,423,423.0,3767.0,0.8720322803479654,0.01132342533616419,49.36120244072458,27.07561474391085,152.0071178081712,40.16914724010394,87.95889193697622,100.90330805346548,132.593072569974,5.2954428035363765,22.62397099058129,28.19152263765509,71.71370334107245,22.776075969021825,21.1696798030695,1.0,0.0,390.0,314.8299319727891,0.6468707482993197,0.8719427428725164,1.2828864158013922,10,2.590498938428875,11.0,0.5599787685774947,8.0,0.08888888888888889,0.0,9.0,0.17014110472164035,8,4.796076189217928,90.0,5.714285714285714,125.99999999999999,1.4,84.88,135.0,0.2966137984918755,95,3.6761094510606895,11.775858576527277,5.76361985575501,1.2,1.6,15.0,3.0,1
hybrid_gates_visual_guidance,base,S3,B4,330003,poisson,gamma,434,434,434,0,409,409.0,3769.0,0.8768424790299671,0.01229000884173298,75.03364512470638,48.457150089669824,224.84797010966804,67.67211298071084,148.06647993148042,167.9300778399773,203.53881254452693,16.957608258346927,36.42116738665199,53.87647149753347,97.8840793132523,22.776075969021825,21.157173627172906,1.0,0.0,390.0,302.8341013824885,0.6431797235023041,0.8672964105620875,2.6767607190556713,18,4.13315649867374,15.0,1.893103448275862,16.0,0.17777777777777778,0.0,12.0,0.2335685078694006,12,7.299015870918768,90.0,11.428571428571429,125.99999999999999,1.4,79.88,135.0,0.358076196531699,125,4.539252989465211,34.16531753981816,-5.445142891290075,1.2,1.6,15.0,3.0,1
hybrid_gates_visual_guidance,base,S3,B4,330001,poisson,gamma,405,405,405,0,399,399.0,3671.0,0.8327212621418925,0.01670297748729121,74.66818556934398,59.69388285586591,302.2508246491693,50.78033290936855,175.00221838168068,193.4522684651996,247.91996643235547,19.27806211255385,31.65474222054032,51.31798951827935,97.31820389960345,25.403411844343537,23.35019605106462,1.0,0.0,420.0,299.7037037037037,0.6356296296296295,0.8784444444444444,2.596553497942387,13,3.4360021786492374,17.0,2.0699891067538125,17.0,0.18888888888888888,0.0,12.0,0.24399999999999997,12,7.624999999999999,90.0,12.142857142857144,125.99999999999999,1.4,79.57,135.0,0.413157295530149,105,-7.925095642925712,25.00246311638361,-8.324582486726484,1.2,1.6,30.0,3.0,1
hybrid_gates_visual_guidance,base,S3,B4,330002,poisson,gamma,441,441,441,0,423,423.0,3770.0,0.8713385394725891,0.010872447626624237,51.6582545949196,27.198345401328986,155.0071178081712,42.16914724010394,89.99606091229816,104.50618478895069,133.43260428648097,5.735352100588531,22.18558485822083,28.193045802346788,74.01075549526746,25.403411844343534,23.465208792572806,1.0,0.0,420.0,339.04761904761904,0.6468707482993197,0.8953061224489794,1.418036659108088,10,2.5367276584460354,11.0,0.6109785202863962,8.0,0.08888888888888889,0.0,9.0,0.174,8,5.041666666666667,90.0,5.714285714285714,125.99999999999999,1.4,84.76,135.0,0.28459619805789327,95,2.258976872909102,9.262623282409635,5.944841650841084,1.2,1.6,30.0,3.0,1
hybrid_gates_visual_guidance,base,S3,B4,330003,poisson,gamma,434,434,434,0,409,409.0,3771.0,0.8763775572489332,0.013255567338282079,76.86544235972941,48.168688111346434,210.12310228456158,68.52645215655991,151.25099239603585,173.40468126877732,195.98813497019597,17.533645124706375,35.38284141662889,53.414182393869815,99.71587654827535,25.403411844343534,23.451259965859585,1.0,0.0,420.0,326.1290322580645,0.6431797235023041,0.8897695852534561,2.8264208909370203,18,4.014050901378579,15.0,1.9583775185577943,15.0,0.16666666666666666,0.0,12.0,0.23999999999999996,12,7.499999999999999,90.0,10.714285714285715,125.99999999999999,1.4,80.31,135.0,0.3480922546364369,135,8.523688881315238,35.442370679914774,-4.881918191461594,1.2,1.6,30.0,3.0,1
hybrid_gates_visual_guidance,base,S3,B4,330001,poisson,gamma,405,405,405,0,398,398.0,3677.0,0.8313628261514489,0.017219503353271704,80.03608680391187,60.77294603220026,277.09322535139313,54.88642772300784,180.41361622507054,204.27944346678092,256.36154048084285,20.379296680455084,30.958998065409393,51.72347993104965,102.68610513417136,31.112698372208094,28.31260687286222,1.0,0.0,450.0,321.1111111111111,0.6356296296296295,0.8961789214112335,2.7183127495536645,13,3.3545405111473627,18.0,2.187873844480696,21.0,0.23333333333333334,0.0,12.0,0.2409705627484772,12,7.530330085889912,90.0,15.000000000000002,125.99999999999999,1.4,76.77,135.0,0.393097113277145,108,-6.695812858195453,24.947786268824274,-13.112220185624892,1.2,1.6,45.0,3.0,1
hybrid_gates_visual_guidance,base,S3,B4,330002,poisson,gamma,441,441,441,0,423,423.0,3775.0,0.8701847543302791,0.012976694915254237,56.76709813233456,27.61875960337489,160.0071178081712,48.98227630041424,95.42646013148305,110.02781222391104,140.53750127411212,7.0822908760987335,20.95923027452936,28.313629994165506,79.11959903268243,31.112698372208097,28.453468138169047,1.0,0.0,450.0,363.265306122449,0.6468707482993197,0.9153687113203841,1.5895537001146136,10,2.387447033898305,10.0,0.767478813559322,9.0,0.1,0.0,10.0,0.19853265991548225,10,6.204145622358821,90.0,6.428571428571429,125.99999999999999,1.4,84.21000000000001,135.0,0.263450179390885,114,4.4950116825741375,12.586887988291984,5.189263345643035,1.2,1.6,45.0,3.0,1
hybrid_gates_visual_guidance,base,S3,B4,330003,poisson,gamma,434,434,434,0,408,408.0,3779.0,0.8745227899320043,0.013227513227513227,81.621202728393,47.873897364826995,225.36724289578842,74.96951884067596,155.59415055915366,177.7426113271773,201.2096891091116,19.462216553277802,33.224905938390535,53.1848183442029,104.47163691693893,31.112698372208097,28.43638438419011,1.0,0.0,450.0,349.42396313364054,0.6431797235023041,0.9090677378598712,2.967146752524962,18,3.7555555555555555,14.0,2.1756613756613756,16.0,0.17777777777777778,0.0,12.0,0.2409705627484772,12,7.530330085889912,90.0,11.428571428571429,125.99999999999999,1.4,79.64,135.0,0.3261222586804482,131,7.668171247640615,36.32739483450416,-4.317801553382694,1.2,1.6,45.0,3.0,1
hybrid_gates_visual_guidance,high,S3,B4,330001,poisson,gamma,405,405,405,0,399,399.0,3669.0,0.8331750611948308,0.01589464123524069,72.01139544588719,59.89985209641338,299.2508246491693,47.21004657540834,172.2274779581016,192.85226846519947,245.91996643235547,19.058309026134097,32.17589053380509,51.61938474512437,94.66141377614666,22.0,20.392010700762807,1.0,0.0,360.0,256.8888888888889,0.942716049382716,1.2427160493827163,3.6047668038408776,13,3.4942779291553134,18.0,2.046866485013624,17.0,0.18888888888888888,0.0,12.0,0.3422222222222222,12,10.694444444444445,90.0,15.400000000000004,95.46883184913568,1.0607647983237298,74.6,135.0,0.4299607105226262,105,-7.458774263180217,23.869247954125626,-9.318095338623678,1.2,1.6,0.0,3.0,1
hybrid_gates_visual_guidance,high,S3,B4,330002,poisson,gamma,441,441,441,0,423,423.0,3767.0,0.8720322803479654,0.011500353857041755,48.61063554730055,27.161949762403864,152.0071178081712,39.665508657355986,87.54465134502152,100.5132787654511,131.593072569974,5.254626477005765,22.59228557008957,28.11902089063276,70.96313644764841,22.0,20.491614656667796,1.0,0.0,360.0,290.61224489795916,0.9614512471655329,1.261451247165533,1.837207105064248,10,2.5835987261146496,10.0,0.5552016985138004,7.0,0.07777777777777778,0.0,9.0,0.2466666666666667,7,6.041666666666668,90.0,6.6,93.60849056603773,1.0400943396226414,83.4,135.0,0.3012386097291211,91,3.7771352666083544,11.646740929468457,6.296713621424409,1.2,1.6,0.0,3.0,1
hybrid_gates_visual_guidance,high,S3,B4,330003,poisson,gamma,434,434,434,0,409,409.0,3779.0,0.8745227899320043,0.012257495590828924,74.37926724452204,48.16277158115569,222.84797010966804,68.23629079940889,149.65333436914648,166.5956608092759,198.38830931070672,17.400004571710983,36.00203220189534,53.89973262614088,97.22970143306797,22.0,20.479534618381155,1.0,0.0,360.0,279.53917050691246,0.9552995391705069,1.2552995391705069,3.866167434715822,18,4.078571428571428,14.0,1.9388888888888889,16.0,0.17777777777777778,0.0,12.0,0.33333333333333337,12,10.416666666666668,90.0,15.000000000000004,94.21128798842257,1.0467920887602509,75.0,135.0,0.35991441987780526,119,4.7150330102819,35.585124303103186,-6.645691776367258,1.2,1.6,0.0,3.0,1
hybrid_gates_visual_guidance,high,S3,B4,330001,poisson,gamma,405,405,405,0,399,399.0,3670.0,0.8329480998597192,0.01625351856896395,72.5694201372452,59.77438298309911,299.2508246491693,48.490180339233575,172.55671489682447,193.05226846519952,246.66917013829192,19.203988038479775,31.913684713533797,51.502857937198755,95.21943846750469,22.77607596902183,21.06656220004646,1.0,0.0,390.0,278.2962962962963,0.942716049382716,1.2796536810047545,3.6923750071899346,13,3.4688095886679378,17.0,2.062380822664124,17.0,0.18888888888888888,0.0,12.0,0.35487559776056765,12,11.08986243001774,90.0,15.400000000000004,95.46883184913568,1.0607647983237298,74.6,135.0,0.4256913781673648,107,-7.207617464358037,23.670311493803823,-9.159711005698341,1.2,1.6,15.0,3.0,1
hybrid_gates_visual_guidance,high,S3,B4,330002,poisson,gamma,441,441,441,0,423,423.0,3767.0,0.8720322803479654,0.01132342533616419,49.36120244072458,27.07561474391085,152.0071178081712,40.16914724010394,87.95889193697622,100.90330805346548,132.593072569974,5.2954428035363765,22.62397099058129,28.19152263765509,71.71370334107245,22.776075969021825,21.1696798030695,1.0,0.0,390.0,314.8299319727891,0.9614512471655329,1.3032379047875269,1.9168193853681559,10,2.590498938428875,11.0,0.5599787685774947,8.0,0.08888888888888889,0.0,9.0,0.25356850786940055,8,7.160126982029879,90.0,7.6,93.60849056603773,1.0400943396226414,82.4,135.0,0.2966137984918755,95,3.6761094510606895,11.775858576527277,5.76361985575501,1.2,1.6,15.0,3.0,1
hybrid_gates_visual_guidance,high,S3,B4,330003,poisson,gamma,434,434,434,0,409,409.0,3769.0,0.8768424790299671,0.01229000884173298,75.03364512470638,48.457150089669824,224.84797010966804,67.67211298071084,148.06647993148042,167.9300778399773,203.53881254452693,16.957608258346927,36.42116738665199,53.87647149753347,97.8840793132523,22.776075969021825,21.157173627172906,1.0,0.0,390.0,302.8341013824885,0.9552995391705069,1.295494017603479,3.9975581876734303,18,4.13315649867374,15.0,1.893103448275862,16.0,0.17777777777777778,0.0,12.0,0.3492808464490009,12,10.91502645153128,90.0,15.000000000000004,94.21128798842257,1.0467920887602509,75.0,135.0,0.358076196531699,125,4.539252989465211,34.16531753981816,-5.445142891290075,1.2,1.6,15.0,3.0,1
hybrid_gates_visual_guidance,high,S3,B4,330001,poisson,gamma,405,405,405,0,399,399.0,3671.0,0.8327212621418925,0.01670297748729121,74.66818556934398,59.69388285586591,302.2508246491693,50.78033290936855,175.00221838168068,193.4522684651996,247.91996643235547,19.27806211255385,31.65474222054032,51.31798951827935,97.31820389960345,25.403411844343537,23.35019605106462,1.0,0.0,420.0,299.7037037037037,0.942716049382716,1.3140740740740742,3.8803155006858714,13,3.4360021786492374,17.0,2.0699891067538125,17.0,0.18888888888888888,0.0,12.0,0.3666666666666666,12,11.458333333333332,90.0,15.400000000000004,95.46883184913568,1.0607647983237298,74.6,135.0,0.413157295530149,105,-7.925095642925712,25.00246311638361,-8.324582486726484,1.2,1.6,30.0,3.0,1
hybrid_gates_visual_guidance,high,S3,B4,330002,poisson,gamma,441,441,441,0,423,423.0,3770.0,0.8713385394725891,0.010872447626624237,51.6582545949196,27.198345401328986,155.0071178081712,42.16914724010394,89.99606091229816,104.50618478895069,133.43260428648097,5.735352100588531,22.18558485822083,28.193045802346788,74.01075549526746,25.403411844343534,23.465208792572806,1.0,0.0,420.0,339.04761904761904,0.9614512471655329,1.3421768707482995,2.1255353993449235,10,2.5367276584460354,11.0,0.6109785202863962,8.0,0.08888888888888889,0.0,9.0,0.26,8,7.569444444444446,90.0,7.8,93.60849056603773,1.0400943396226414,82.2,135.0,0.28459619805789327,95,2.258976872909102,9.262623282409635,5.944841650841084,1.2,1.6,30.0,3.0,1
hybrid_gates_visual_guidance,high,S3,B4,330003,poisson,gamma,434,434,434,0,409,409.0,3771.0,0.8763775572489332,0.013255567338282079,76.86544235972941,48.168688111346434,210.12310228456158,68.52645215655991,151.25099239603585,173.40468126877732,195.98813497019597,17.533645124706375,35.38284141662889,53.414182393869815,99.71587654827535,25.403411844343534,23.451259965859585,1.0,0.0,420.0,326.1290322580645,0.9552995391705069,1.3329493087557605,4.233550947260625,18,4.014050901378579,15.0,1.9583775185577943,15.0,0.16666666666666666,0.0,12.0,0.36,12,11.25,90.0,14.400000000000002,94.21128798842257,1.0467920887602509,75.6,135.0,0.3480922546364369,135,8.523688881315238,35.442370679914774,-4.881918191461594,1.2,1.6,30.0,3.0,1
hybrid_gates_visual_guidance,high,S3,B4,330001,poisson,gamma,405,405,405,0,398,398.0,3677.0,0.8313628261514489,0.017219503353271704,80.03608680391187,60.77294603220026,277.09322535139313,54.88642772300784,180.41361622507054,204.27944346678092,256.36154048084285,20.379296680455084,30.958998065409393,51.72347993104965,102.68610513417136,31.112698372208094,28.31260687286222,1.0,0.0,450.0,321.1111111111111,0.942716049382716,1.3436315356853887,4.07038750440014,13,3.3545405111473627,18.0,2.187873844480696,21.0,0.23333333333333334,0.0,12.0,0.3616176045807953,12,11.300550143149852,90.0,19.600000000000005,95.46883184913568,1.0607647983237298,70.39999999999999,135.0,0.393097113277145,108,-6.695812858195453,24.947786268824274,-13.112220185624892,1.2,1.6,45.0,3.0,1
hybrid_gates_visual_guidance,high,S3,B4,330002,poisson,gamma,441,441,441,0,423,423.0,3775.0,0.8701847543302791,0.012976694915254237,56.76709813233456,27.61875960337489,160.0071178081712,48.98227630041424,95.42646013148305,110.02781222391104,140.53750127411212,7.0822908760987335,20.95923027452936,28.313629994165506,79.11959903268243,31.112698372208097,28.453468138169047,1.0,0.0,450.0,363.265306122449,0.9614512471655329,1.3756145188673066,2.388248986207652,10,2.387447033898305,10.0,0.767478813559322,9.0,0.1,0.0,10.0,0.2975544331924704,10,9.298576037264699,90.0,8.6,93.60849056603773,1.0400943396226414,81.4,135.0,0.263450179390885,114,4.4950116825741375,12.586887988291984,5.189263345643035,1.2,1.6,45.0,3.0,1
hybrid_gates_visual_guidance,high,S3,B4,330003,poisson,gamma,434,434,434,0,408,408.0,3779.0,0.8745227899320043,0.013227513227513227,81.621202728393,47.873897364826995,225.36724289578842,74.96951884067596,155.59415055915366,177.7426113271773,201.2096891091116,19.462216553277802,33.224905938390535,53.1848183442029,104.47163691693893,31.112698372208097,28.43638438419011,1.0,0.0,450.0,349.42396313364054,0.9552995391705069,1.3651128964331183,4.4551332204141065,18,3.7555555555555555,14.0,2.1756613756613756,16.0,0.17777777777777778,0.0,12.0,0.3616176045807953,12,11.300550143149852,90.0,15.400000000000002,94.21128798842257,1.0467920887602509,74.6,135.0,0.3261222586804482,131,7.668171247640615,36.32739483450416,-4.317801553382694,1.2,1.6,45.0,3.0,1
